{"type": "FeatureCollection", "features": [{"type": "Feature", "geometry": {"type": "Polygon", "coordinates": [[[-71.13715999999994, -16.326559999999915], [-71.13677999999993, -16.326689999999928], [-71.13515999999993, -16.32690999999994], [-71.13188999999994, -16.32687999999996], [-71.12797999999992, -16.328339999999912], [-71.12660999999991, -16.328649999999925], [-71.12294999999995, -16.327989999999943], [-71.12200999999993, -16.327999999999918], [-71.12114999999994, -16.328349999999944], [-71.11953999999992, -16.329639999999927], [-71.1130599999999, -16.336759999999913], [-71.1124099999999, -16.336999999999932], [-71.10937999999993, -16.33683999999994], [-71.10823999999991, -16.337069999999926], [-71.10597999999993, -16.339329999999904], [-71.10378999999995, -16.340599999999938], [-71.10255999999993, -16.341959999999915], [-71.1018499999999, -16.343129999999917], [-71.10072999999994, -16.347039999999936], [-71.0992599999999, -16.348469999999907], [-71.09757999999994, -16.350349999999935], [-71.0969199999999, -16.351779999999906], [-71.0971899999999, -16.353549999999927], [-71.09812999999991, -16.35480999999993], [-71.09796999999992, -16.357269999999914], [-71.0976399999999, -16.35785999999996], [-71.0961299999999, -16.358909999999923], [-71.09590999999995, -16.359779999999944], [-71.09577999999993, -16.363369999999918], [-71.09394999999995, -16.365979999999922], [-71.09358999999995, -16.36704999999995], [-71.0934499999999, -16.36952999999994], [-71.09373999999991, -16.37492999999995], [-71.0933399999999, -16.37546999999995], [-71.0906599999999, -16.377619999999922], [-71.0905699999999, -16.37850999999995], [-71.09088999999994, -16.381209999999953], [-71.09075999999993, -16.381859999999904], [-71.0903899999999, -16.382129999999904], [-71.08981999999992, -16.38188999999994], [-71.08818999999994, -16.38193999999993], [-71.08781999999991, -16.382709999999918], [-71.08792999999991, -16.384279999999933], [-71.0885199999999, -16.386699999999905], [-71.08933999999994, -16.38746999999995], [-71.08955999999995, -16.38809999999995], [-71.08938999999992, -16.38850999999994], [-71.0878899999999, -16.389119999999934], [-71.08747999999991, -16.389659999999935], [-71.08731999999992, -16.390999999999906], [-71.08789999999993, -16.39270999999991], [-71.08859999999993, -16.39387999999991], [-71.08947999999992, -16.394619999999918], [-71.09309999999994, -16.395469999999932], [-71.09433999999993, -16.396099999999933], [-71.09497999999991, -16.39701999999994], [-71.09496999999993, -16.39835999999991], [-71.0943499999999, -16.39981999999992], [-71.0933399999999, -16.401059999999916], [-71.09143999999992, -16.401869999999917], [-71.09079999999994, -16.401619999999923], [-71.0888799999999, -16.39964999999995], [-71.08731999999992, -16.39638999999994], [-71.08667999999994, -16.39656999999994], [-71.08623999999992, -16.39733999999993], [-71.08641999999992, -16.39981999999992], [-71.0868999999999, -16.401079999999922], [-71.08759999999995, -16.40166999999991], [-71.08944999999994, -16.402639999999906], [-71.0915599999999, -16.404429999999934], [-71.09325999999993, -16.406279999999924], [-71.0940599999999, -16.408399999999915], [-71.09528999999992, -16.408969999999954], [-71.0973899999999, -16.409029999999916], [-71.1020499999999, -16.40853999999996], [-71.10519999999991, -16.407719999999927], [-71.10768999999993, -16.406049999999937], [-71.11369999999994, -16.400559999999928], [-71.11614999999995, -16.399269999999945], [-71.1170699999999, -16.399119999999925], [-71.11960999999991, -16.399419999999907], [-71.12412999999992, -16.397589999999923], [-71.12808999999993, -16.397309999999948], [-71.1304199999999, -16.397419999999954], [-71.13571999999994, -16.39835999999991], [-71.1373299999999, -16.398369999999943], [-71.14449999999994, -16.392229999999927], [-71.14909999999992, -16.38772999999992], [-71.1493999999999, -16.38713999999993], [-71.14922999999993, -16.385579999999948], [-71.14981999999992, -16.384609999999952], [-71.15067999999991, -16.383859999999913], [-71.15339999999992, -16.38324999999992], [-71.15480999999994, -16.382109999999955], [-71.15642999999994, -16.382319999999936], [-71.16071999999991, -16.38342999999992], [-71.16257999999993, -16.38342999999992], [-71.16313999999994, -16.383039999999937], [-71.1649099999999, -16.380949999999928], [-71.1669599999999, -16.38065999999992], [-71.1696399999999, -16.377839999999935], [-71.1706299999999, -16.37725999999992], [-71.17174999999992, -16.376939999999934], [-71.17336999999992, -16.37689999999992], [-71.17449999999991, -16.37802999999991], [-71.17921999999993, -16.380519999999933], [-71.1803799999999, -16.382189999999923], [-71.18194999999992, -16.382529999999917], [-71.18310999999994, -16.383639999999957], [-71.18533999999994, -16.384879999999953], [-71.18558999999993, -16.38495999999992], [-71.18909999999994, -16.386099999999942], [-71.19025999999991, -16.38617999999991], [-71.19114999999994, -16.385919999999942], [-71.19261999999992, -16.38447999999994], [-71.19422999999995, -16.384259999999927], [-71.19548999999995, -16.383279999999957], [-71.19596999999993, -16.38202999999993], [-71.1955999999999, -16.37776999999994], [-71.19645999999995, -16.375299999999925], [-71.20082999999994, -16.372699999999952], [-71.20140999999995, -16.371999999999957], [-71.20179999999993, -16.370939999999905], [-71.20191999999992, -16.368909999999914], [-71.20121999999992, -16.36444999999992], [-71.20004999999992, -16.36250999999993], [-71.19752999999992, -16.360179999999957], [-71.19740999999993, -16.359519999999918], [-71.19765999999993, -16.35802999999993], [-71.19607999999994, -16.356499999999926], [-71.19538999999992, -16.356429999999932], [-71.19331999999991, -16.356779999999958], [-71.18981999999994, -16.35665999999992], [-71.18869999999993, -16.356339999999932], [-71.18634999999995, -16.35486999999995], [-71.18525999999991, -16.354469999999935], [-71.18246999999991, -16.35453999999993], [-71.18180999999993, -16.355119999999943], [-71.18134999999995, -16.355039999999917], [-71.18020999999993, -16.35426999999993], [-71.17762999999991, -16.35050999999993], [-71.17683999999991, -16.34967999999992], [-71.17639999999994, -16.349539999999934], [-71.17503999999991, -16.34979999999996], [-71.17423999999994, -16.350909999999942], [-71.17149999999992, -16.35167999999993], [-71.17006999999995, -16.352829999999926], [-71.16938999999991, -16.35295999999994], [-71.16589999999991, -16.352659999999958], [-71.16477999999995, -16.35295999999994], [-71.16379999999992, -16.352379999999926], [-71.16243999999995, -16.35268999999994], [-71.16002999999995, -16.351849999999956], [-71.15652999999992, -16.351669999999956], [-71.15397999999993, -16.351959999999906], [-71.15130999999991, -16.35331999999994], [-71.14664999999991, -16.353059999999914], [-71.14630999999991, -16.35334999999992], [-71.1440399999999, -16.352789999999914], [-71.14255999999995, -16.352119999999957], [-71.14051999999992, -16.350609999999904], [-71.13680999999991, -16.34716999999995], [-71.13490999999993, -16.344879999999932], [-71.13456999999994, -16.344049999999925], [-71.13476999999995, -16.34340999999995], [-71.1357099999999, -16.34211999999991], [-71.13849999999991, -16.33937999999995], [-71.13936999999993, -16.339099999999917], [-71.14197999999993, -16.336829999999907], [-71.14310999999992, -16.336569999999938], [-71.14440999999994, -16.33561999999995], [-71.14593999999994, -16.334229999999934], [-71.14705999999995, -16.33251999999993], [-71.14733999999993, -16.33074999999991], [-71.1469899999999, -16.32737999999995], [-71.14558999999991, -16.324899999999957], [-71.14364999999992, -16.32367999999991], [-71.1420599999999, -16.323909999999955], [-71.13898999999992, -16.325969999999927], [-71.13715999999994, -16.326559999999915]]]}, "properties": {"OBJECTID": 1, "NOMBRE": "LAGUNA SALINAS", "PROV": "AREQUIPA", "DPTO": "AREQUIPA", "Shape_Leng": 0.396020479789, "Shape_Area": 0.0050074076}}, {"type": "Feature", "geometry": {"type": "Polygon", "coordinates": [[[-73.6962499999999, -15.324999999999932], [-73.69706999999994, -15.325349999999958], [-73.69783999999993, -15.327239999999904], [-73.69828999999993, -15.325559999999939], [-73.69871999999992, -15.325069999999926], [-73.70056999999991, -15.325099999999907], [-73.70226999999994, -15.324379999999906], [-73.70568999999995, -15.323699999999917], [-73.70708999999994, -15.32367999999991], [-73.70843999999994, -15.323999999999955], [-73.70950999999991, -15.32442999999995], [-73.71066999999994, -15.325489999999945], [-73.71204999999992, -15.32567999999992], [-73.7136099999999, -15.325419999999951], [-73.71470999999991, -15.324569999999937], [-73.71508999999992, -15.32391999999993], [-73.71543999999994, -15.321989999999914], [-73.71618999999993, -15.321159999999907], [-73.71626999999995, -15.319119999999941], [-73.71642999999995, -15.318559999999934], [-73.71716999999995, -15.31872999999996], [-73.71813999999995, -15.320469999999943], [-73.72080999999991, -15.318869999999947], [-73.72141999999991, -15.319189999999935], [-73.72264999999993, -15.320829999999944], [-73.72374999999994, -15.321269999999913], [-73.72462999999993, -15.321269999999913], [-73.72637999999995, -15.319779999999923], [-73.73137999999994, -15.314439999999934], [-73.73297999999994, -15.314239999999927], [-73.73477999999994, -15.312199999999905], [-73.73682999999994, -15.312179999999955], [-73.73950999999994, -15.310399999999959], [-73.74004999999994, -15.309669999999926], [-73.74031999999994, -15.308809999999937], [-73.74033999999995, -15.304519999999911], [-73.74092999999993, -15.303579999999954], [-73.74022999999994, -15.299809999999923], [-73.74027999999993, -15.29845999999992], [-73.74105999999995, -15.297089999999912], [-73.74335999999994, -15.29484999999994], [-73.74418999999995, -15.293759999999907], [-73.7447699999999, -15.292289999999923], [-73.74551999999994, -15.288059999999916], [-73.7467499999999, -15.28678999999994], [-73.74711999999994, -15.28627999999992], [-73.74694999999991, -15.285549999999944], [-73.74502999999993, -15.282459999999958], [-73.74481999999995, -15.281589999999937], [-73.74695999999994, -15.279679999999928], [-73.74808999999993, -15.277389999999912], [-73.74955999999992, -15.276359999999954], [-73.74988999999994, -15.275719999999922], [-73.74928999999992, -15.273819999999944], [-73.74986999999993, -15.272779999999955], [-73.7498799999999, -15.270629999999926], [-73.75101999999993, -15.268679999999904], [-73.75110999999993, -15.267559999999946], [-73.74980999999991, -15.264439999999922], [-73.75004999999993, -15.26201999999995], [-73.7494299999999, -15.261339999999905], [-73.74763999999993, -15.260849999999948], [-73.7462799999999, -15.260959999999955], [-73.7457599999999, -15.26168999999993], [-73.74514999999991, -15.26386999999994], [-73.74479999999994, -15.264449999999954], [-73.7428999999999, -15.265749999999912], [-73.74034999999992, -15.26684999999992], [-73.73969999999991, -15.266729999999939], [-73.73932999999994, -15.266419999999925], [-73.73854999999992, -15.264569999999935], [-73.73755999999992, -15.263299999999958], [-73.73681999999991, -15.262789999999939], [-73.73636999999991, -15.262839999999926], [-73.73498999999993, -15.263669999999934], [-73.73336999999992, -15.263639999999953], [-73.73252999999994, -15.26326999999992], [-73.7312399999999, -15.261989999999912], [-73.72966999999994, -15.262209999999925], [-73.72921999999994, -15.26174999999995], [-73.72830999999991, -15.26159999999993], [-73.72748999999993, -15.262009999999918], [-73.72592999999995, -15.263409999999908], [-73.72469999999993, -15.263739999999927], [-73.72397999999993, -15.26317999999992], [-73.72379999999993, -15.262769999999932], [-73.72410999999994, -15.260979999999904], [-73.72396999999995, -15.260329999999954], [-73.7229299999999, -15.259459999999933], [-73.72201999999993, -15.259449999999958], [-73.72145999999992, -15.258749999999907], [-73.72170999999992, -15.257679999999937], [-73.72159999999991, -15.255429999999933], [-73.72098999999992, -15.254219999999918], [-73.71975999999995, -15.253069999999923], [-73.71850999999992, -15.252179999999953], [-73.71742999999992, -15.251759999999933], [-73.71589999999992, -15.251459999999952], [-73.71422999999993, -15.25144999999992], [-73.7124399999999, -15.25001999999995], [-73.70874999999995, -15.24810999999994], [-73.70713999999992, -15.248089999999934], [-73.7063599999999, -15.247559999999908], [-73.70384999999993, -15.247399999999914], [-73.70019999999994, -15.248879999999929], [-73.69816999999995, -15.249989999999912], [-73.69673999999992, -15.251139999999907], [-73.69653999999991, -15.251729999999952], [-73.69786999999991, -15.25329999999991], [-73.69806999999992, -15.253919999999937], [-73.69744999999995, -15.254599999999925], [-73.69477999999992, -15.25634999999994], [-73.69486999999992, -15.25696999999991], [-73.69404999999995, -15.257829999999956], [-73.69376999999992, -15.25843999999995], [-73.69369999999992, -15.261819999999943], [-73.6933699999999, -15.262889999999913], [-73.69263999999993, -15.263469999999927], [-73.69013999999993, -15.264609999999948], [-73.68819999999994, -15.26684999999992], [-73.68661999999995, -15.266919999999914], [-73.68488999999994, -15.26806999999991], [-73.68387999999993, -15.26905999999991], [-73.6837099999999, -15.269689999999912], [-73.6837999999999, -15.270109999999931], [-73.68501999999995, -15.271729999999934], [-73.68585999999993, -15.272199999999941], [-73.68718999999993, -15.272229999999922], [-73.68758999999994, -15.272419999999954], [-73.68754999999993, -15.273309999999924], [-73.68706999999995, -15.274059999999906], [-73.68452999999994, -15.274309999999957], [-73.68206999999995, -15.273979999999938], [-73.68120999999991, -15.273519999999905], [-73.6797699999999, -15.271499999999946], [-73.67879999999991, -15.271559999999909], [-73.67813999999993, -15.271959999999922], [-73.67656999999991, -15.270999999999958], [-73.67561999999992, -15.271609999999953], [-73.67189999999994, -15.27162999999996], [-73.67039999999992, -15.272209999999916], [-73.66983999999991, -15.271559999999909], [-73.6700899999999, -15.270239999999944], [-73.66987999999992, -15.269839999999931], [-73.66748999999993, -15.269089999999949], [-73.66622999999993, -15.27078999999992], [-73.66385999999994, -15.27191999999991], [-73.6603199999999, -15.275229999999908], [-73.6578199999999, -15.276509999999917], [-73.65456999999992, -15.277059999999949], [-73.64918999999992, -15.276689999999917], [-73.64760999999993, -15.276829999999904], [-73.6444899999999, -15.279069999999933], [-73.64323999999993, -15.27971999999994], [-73.64120999999994, -15.282009999999957], [-73.64015999999992, -15.28374999999994], [-73.63926999999995, -15.286569999999926], [-73.63911999999993, -15.290259999999932], [-73.63972999999993, -15.292199999999923], [-73.64381999999995, -15.297259999999937], [-73.64387999999991, -15.297769999999957], [-73.64580999999993, -15.299379999999928], [-73.64785999999992, -15.302839999999946], [-73.64850999999993, -15.303939999999955], [-73.64982999999995, -15.306099999999958], [-73.65116999999992, -15.308879999999931], [-73.65233999999992, -15.312779999999918], [-73.65395999999993, -15.31498999999991], [-73.6548699999999, -15.315999999999917], [-73.65602999999993, -15.317119999999932], [-73.65897999999993, -15.319689999999923], [-73.66135999999995, -15.320539999999937], [-73.66325999999992, -15.321839999999952], [-73.66661999999991, -15.325279999999907], [-73.66885999999994, -15.327579999999955], [-73.6708799999999, -15.329379999999958], [-73.6724299999999, -15.329969999999946], [-73.67705999999993, -15.330329999999947], [-73.67861999999991, -15.330779999999947], [-73.68036999999993, -15.331939999999918], [-73.68201999999991, -15.334329999999909], [-73.68303999999995, -15.33486999999991], [-73.68418999999994, -15.335019999999929], [-73.6869099999999, -15.33450999999991], [-73.68776999999994, -15.333729999999946], [-73.68797999999992, -15.332659999999919], [-73.69004999999993, -15.332649999999944], [-73.69115999999991, -15.330949999999916], [-73.69334999999995, -15.330629999999928], [-73.6941799999999, -15.329999999999927], [-73.69392999999991, -15.329199999999958], [-73.69405999999992, -15.328919999999925], [-73.69458999999995, -15.328609999999912], [-73.69491999999991, -15.32916999999992], [-73.69589999999994, -15.328579999999931], [-73.6962499999999, -15.324999999999932]]]}, "properties": {"OBJECTID": 2, "NOMBRE": "LAGUNA PARINACOCHAS", "PROV": "PARINACOCHAS", "DPTO": "AYACUCHO", "Shape_Leng": 0.368420541955, "Shape_Area": 0.00585196115}}, {"type": "Feature", "geometry": {"type": "Polygon", "coordinates": [[[-71.2405599999999, -14.446299999999951], [-71.2403799999999, -14.44709999999992], [-71.23828999999995, -14.450099999999907], [-71.23559999999992, -14.453209999999956], [-71.2339199999999, -14.45476999999994], [-71.23254999999995, -14.455599999999947], [-71.22959999999995, -14.456179999999904], [-71.22851999999995, -14.456589999999949], [-71.22459999999995, -14.459389999999928], [-71.2170099999999, -14.463409999999953], [-71.21132999999992, -14.464509999999905], [-71.20712999999995, -14.466399999999908], [-71.20290999999992, -14.46876999999995], [-71.20117999999991, -14.469909999999913], [-71.19994999999994, -14.47124999999994], [-71.19898999999992, -14.47279999999995], [-71.19733999999994, -14.476529999999912], [-71.19654999999995, -14.477639999999951], [-71.19531999999992, -14.478689999999915], [-71.19404999999995, -14.479179999999928], [-71.18990999999994, -14.479669999999942], [-71.18812999999994, -14.480219999999917], [-71.18598999999995, -14.481529999999907], [-71.1803799999999, -14.485899999999958], [-71.17869999999994, -14.486659999999915], [-71.17734999999993, -14.48681999999991], [-71.17594999999994, -14.486669999999947], [-71.17221999999992, -14.485449999999958], [-71.17015999999995, -14.48515999999995], [-71.16737999999992, -14.485179999999957], [-71.16582999999991, -14.48559999999992], [-71.16475999999994, -14.486789999999928], [-71.16406999999992, -14.488699999999938], [-71.16289999999992, -14.49007999999992], [-71.16194999999993, -14.49311999999992], [-71.16129999999993, -14.494309999999928], [-71.15902999999992, -14.49652999999995], [-71.15764999999993, -14.496639999999957], [-71.15660999999994, -14.497469999999907], [-71.15581999999995, -14.498609999999928], [-71.1556599999999, -14.500089999999943], [-71.15921999999995, -14.507439999999917], [-71.16282999999993, -14.512919999999951], [-71.16312999999991, -14.514629999999954], [-71.16602999999992, -14.51806999999991], [-71.1678399999999, -14.523039999999924], [-71.16922999999991, -14.52508999999992], [-71.17191999999994, -14.525669999999934], [-71.17469999999992, -14.525699999999915], [-71.17699999999991, -14.525379999999927], [-71.17897999999991, -14.524769999999933], [-71.1826299999999, -14.52281999999991], [-71.19071999999994, -14.520819999999958], [-71.1950799999999, -14.519289999999955], [-71.1976699999999, -14.517799999999909], [-71.20107999999993, -14.514749999999935], [-71.21258999999992, -14.508929999999907], [-71.21757999999994, -14.504889999999932], [-71.22026999999991, -14.504279999999937], [-71.22295999999994, -14.502529999999922], [-71.22591999999992, -14.502019999999959], [-71.22786999999994, -14.501319999999907], [-71.22908999999993, -14.500279999999918], [-71.23043999999993, -14.49872999999991], [-71.23093999999992, -14.497979999999927], [-71.23110999999994, -14.497069999999951], [-71.23225999999994, -14.49565999999993], [-71.2375899999999, -14.490979999999922], [-71.23836999999992, -14.48909999999995], [-71.23967999999991, -14.487529999999936], [-71.24031999999994, -14.48679999999996], [-71.24929999999995, -14.480919999999912], [-71.25533999999993, -14.474679999999921], [-71.25752999999992, -14.47341999999992], [-71.26496999999995, -14.467669999999941], [-71.26787999999993, -14.465069999999912], [-71.27201999999994, -14.460809999999924], [-71.27293999999995, -14.45950999999991], [-71.27495999999991, -14.455699999999922], [-71.27688999999992, -14.453749999999957], [-71.27732999999995, -14.453169999999943], [-71.27819999999991, -14.449469999999906], [-71.27848999999992, -14.447219999999959], [-71.27840999999995, -14.445449999999937], [-71.28006999999991, -14.442929999999933], [-71.28244999999993, -14.439329999999927], [-71.28287999999992, -14.43814999999995], [-71.28296999999992, -14.436559999999929], [-71.28127999999992, -14.43584999999996], [-71.27895999999993, -14.435859999999934], [-71.27786999999995, -14.435129999999958], [-71.27713999999992, -14.434979999999939], [-71.27486999999991, -14.435319999999933], [-71.27258999999992, -14.43685999999991], [-71.27169999999995, -14.437139999999943], [-71.27080999999993, -14.436979999999949], [-71.26823999999993, -14.435979999999915], [-71.26686999999993, -14.435859999999934], [-71.2639299999999, -14.437689999999918], [-71.26157999999992, -14.438569999999913], [-71.25751999999994, -14.441539999999918], [-71.25644999999992, -14.441979999999944], [-71.2529899999999, -14.441789999999912], [-71.2489799999999, -14.44005999999996], [-71.24716999999993, -14.440309999999954], [-71.24445999999995, -14.442419999999913], [-71.2405599999999, -14.446299999999951]]]}, "properties": {"OBJECTID": 3, "NOMBRE": "LAGO LANGUI LAYO", "PROV": "CANAS", "DPTO": "CUSCO", "Shape_Leng": 0.338511065073, "Shape_Area": 0.004503456}}, {"type": "Feature", "geometry": {"type": "Polygon", "coordinates": [[[-76.18913999999995, -10.95986999999991], [-76.1884399999999, -10.960579999999936], [-76.1879899999999, -10.960589999999911], [-76.18576999999993, -10.959389999999928], [-76.18381999999991, -10.959039999999959], [-76.18254999999994, -10.958169999999939], [-76.18135999999993, -10.958129999999926], [-76.17869999999994, -10.95521999999994], [-76.1780599999999, -10.955159999999921], [-76.1772499999999, -10.954719999999952], [-76.1760999999999, -10.954749999999933], [-76.17443999999995, -10.953829999999925], [-76.1735799999999, -10.95425999999992], [-76.17277999999993, -10.954149999999913], [-76.17209999999994, -10.953419999999937], [-76.1718699999999, -10.95207999999991], [-76.17058999999995, -10.95321999999993], [-76.16943999999995, -10.952819999999917], [-76.1685799999999, -10.95345999999995], [-76.16789999999992, -10.951649999999916], [-76.16955999999993, -10.950939999999946], [-76.16980999999993, -10.949629999999956], [-76.16911999999991, -10.948079999999948], [-76.16788999999994, -10.947139999999933], [-76.1672299999999, -10.947299999999927], [-76.16591999999991, -10.948429999999917], [-76.16330999999991, -10.94873999999993], [-76.16248999999993, -10.949289999999905], [-76.1596199999999, -10.949919999999906], [-76.15872999999993, -10.94936999999993], [-76.15757999999994, -10.94960999999995], [-76.15617999999995, -10.948619999999949], [-76.15487999999993, -10.949029999999937], [-76.1542399999999, -10.948789999999917], [-76.15151999999995, -10.948839999999905], [-76.15008999999992, -10.948569999999961], [-76.14862999999991, -10.94769999999994], [-76.14717999999993, -10.945769999999925], [-76.14584999999994, -10.945529999999906], [-76.14496999999994, -10.945749999999919], [-76.14297999999991, -10.947089999999946], [-76.14176999999995, -10.948569999999961], [-76.14113999999995, -10.949759999999912], [-76.14030999999994, -10.95031999999992], [-76.13954999999993, -10.950179999999932], [-76.13840999999991, -10.94909999999993], [-76.13783999999993, -10.94751999999994], [-76.13707999999991, -10.94637999999992], [-76.13609999999994, -10.946149999999932], [-76.13502999999992, -10.946759999999927], [-76.1330299999999, -10.946779999999933], [-76.13260999999994, -10.947269999999946], [-76.13253999999995, -10.947809999999947], [-76.13306999999992, -10.948839999999905], [-76.13296999999994, -10.94924999999995], [-76.13030999999995, -10.949489999999912], [-76.12932999999992, -10.950619999999958], [-76.12846999999994, -10.951029999999946], [-76.12784999999991, -10.951759999999922], [-76.1269299999999, -10.950819999999908], [-76.1260299999999, -10.95073999999994], [-76.12518999999992, -10.950989999999933], [-76.12421999999992, -10.951839999999947], [-76.12277999999992, -10.952379999999948], [-76.12230999999991, -10.952929999999924], [-76.1219099999999, -10.954019999999957], [-76.12070999999992, -10.955049999999915], [-76.12063999999992, -10.955849999999941], [-76.12122999999991, -10.958089999999913], [-76.12207999999993, -10.95924999999994], [-76.12260999999995, -10.959729999999922], [-76.12403999999992, -10.960129999999936], [-76.12497999999994, -10.961169999999925], [-76.12473999999992, -10.961719999999957], [-76.12371999999993, -10.962269999999933], [-76.12304999999992, -10.96398999999991], [-76.12313999999992, -10.967269999999928], [-76.1226299999999, -10.968219999999917], [-76.12133999999992, -10.967149999999947], [-76.1208299999999, -10.965699999999913], [-76.11942999999991, -10.963869999999929], [-76.11900999999995, -10.964129999999955], [-76.11909999999995, -10.96536999999995], [-76.11862999999994, -10.96562999999992], [-76.11642999999992, -10.96291999999994], [-76.11549999999994, -10.962899999999934], [-76.11414999999994, -10.963409999999953], [-76.1124099999999, -10.962509999999952], [-76.11122999999992, -10.962489999999946], [-76.11039999999991, -10.963309999999922], [-76.1097299999999, -10.964479999999924], [-76.10851999999994, -10.965089999999918], [-76.10807999999992, -10.96563999999995], [-76.10822999999993, -10.966629999999952], [-76.10971999999992, -10.968069999999955], [-76.1096399999999, -10.96843999999993], [-76.1083799999999, -10.969319999999925], [-76.10800999999992, -10.969999999999914], [-76.10820999999993, -10.970679999999959], [-76.1091199999999, -10.97121999999996], [-76.10939999999994, -10.97177999999991], [-76.10778999999991, -10.972239999999942], [-76.10711999999995, -10.97270999999995], [-76.10244999999992, -10.972699999999918], [-76.09918999999991, -10.972419999999943], [-76.09430999999995, -10.972549999999956], [-76.09287999999992, -10.972789999999918], [-76.08973999999995, -10.974209999999914], [-76.08798999999993, -10.973569999999938], [-76.08744999999993, -10.973919999999907], [-76.08627999999993, -10.973839999999939], [-76.08578999999992, -10.974399999999946], [-76.08501999999993, -10.974519999999927], [-76.08190999999994, -10.974609999999927], [-76.08141999999992, -10.974389999999914], [-76.07868999999994, -10.974299999999914], [-76.07497999999993, -10.97508999999991], [-76.07343999999995, -10.975129999999922], [-76.07323999999994, -10.975489999999922], [-76.07362999999992, -10.976159999999936], [-76.0730099999999, -10.976309999999955], [-76.07096999999993, -10.976979999999912], [-76.06848999999994, -10.980279999999937], [-76.06614999999994, -10.982279999999946], [-76.06405999999993, -10.985629999999958], [-76.06152999999995, -10.98810999999995], [-76.06063999999992, -10.98971999999992], [-76.05881999999991, -10.991959999999949], [-76.05773999999991, -10.992539999999906], [-76.05740999999995, -10.994119999999953], [-76.05651999999992, -10.995349999999917], [-76.0552199999999, -10.99619999999993], [-76.0524299999999, -10.996849999999938], [-76.05150999999995, -10.997849999999914], [-76.04894999999993, -10.999369999999942], [-76.04837999999995, -11.000039999999956], [-76.04792999999995, -11.001199999999926], [-76.0467799999999, -11.00186999999994], [-76.04678999999993, -11.002019999999959], [-76.04680999999994, -11.002429999999947], [-76.04858999999993, -11.002459999999928], [-76.04888999999991, -11.003019999999935], [-76.04689999999994, -11.005189999999914], [-76.04606999999993, -11.007289999999955], [-76.04584999999992, -11.00887999999992], [-76.0470499999999, -11.01016999999996], [-76.04710999999992, -11.010829999999942], [-76.04646999999994, -11.01201999999995], [-76.0464199999999, -11.013109999999926], [-76.04558999999995, -11.014249999999947], [-76.04584999999992, -11.016389999999944], [-76.04471999999993, -11.018059999999934], [-76.04405999999994, -11.01974999999993], [-76.04371999999995, -11.021289999999908], [-76.04372999999993, -11.023549999999943], [-76.04351999999994, -11.02392999999995], [-76.04156999999992, -11.025109999999927], [-76.04047999999995, -11.025429999999915], [-76.0401599999999, -11.025109999999927], [-76.03998999999993, -11.023379999999918], [-76.03929999999991, -11.022799999999961], [-76.03866999999991, -11.022689999999955], [-76.0379999999999, -11.023279999999943], [-76.03680999999995, -11.025469999999927], [-76.03641999999991, -11.025719999999922], [-76.0356999999999, -11.025439999999946], [-76.03433999999993, -11.024079999999913], [-76.03253999999993, -11.024029999999925], [-76.03095999999994, -11.024929999999927], [-76.02978999999993, -11.025979999999947], [-76.02931999999993, -11.027499999999918], [-76.02898999999991, -11.027809999999931], [-76.02830999999992, -11.027489999999943], [-76.02798999999993, -11.027099999999905], [-76.02794999999992, -11.02681999999993], [-76.0278899999999, -11.025539999999921], [-76.02688999999992, -11.025069999999914], [-76.02596999999992, -11.025159999999914], [-76.02392999999995, -11.02657999999991], [-76.02175999999992, -11.027039999999943], [-76.0203899999999, -11.028259999999932], [-76.01933999999994, -11.02735999999993], [-76.0190199999999, -11.02684999999991], [-76.01897999999994, -11.02592999999996], [-76.01798999999994, -11.025029999999958], [-76.01623999999993, -11.025349999999946], [-76.01475999999991, -11.026009999999928], [-76.01360999999991, -11.027119999999911], [-76.01213999999993, -11.029129999999952], [-76.01042999999993, -11.032059999999944], [-76.01039999999995, -11.03338999999994], [-76.0115199999999, -11.035109999999918], [-76.01175999999992, -11.035969999999907], [-76.01154999999994, -11.036829999999952], [-76.01040999999992, -11.037119999999959], [-76.01013999999992, -11.03738999999996], [-76.01125999999994, -11.040089999999907], [-76.01100999999994, -11.042479999999955], [-76.01125999999994, -11.043619999999919], [-76.0084799999999, -11.046289999999942], [-76.00824999999992, -11.046899999999937], [-76.00893999999994, -11.047759999999926], [-76.0097199999999, -11.048209999999926], [-76.0114299999999, -11.047689999999932], [-76.0118799999999, -11.047719999999913], [-76.01262999999994, -11.049099999999953], [-76.01433999999995, -11.049609999999916], [-76.0140199999999, -11.052169999999933], [-76.0149199999999, -11.053569999999922], [-76.01619999999991, -11.054049999999961], [-76.02064999999993, -11.055059999999912], [-76.02127999999993, -11.05579999999992], [-76.02119999999991, -11.05710999999991], [-76.0229599999999, -11.058919999999944], [-76.02328999999992, -11.060439999999915], [-76.02570999999995, -11.062129999999911], [-76.02641999999992, -11.062999999999931], [-76.02669999999995, -11.06454999999994], [-76.02665999999994, -11.069059999999922], [-76.02828999999991, -11.072029999999927], [-76.0284299999999, -11.072909999999922], [-76.02789999999993, -11.074859999999944], [-76.0245099999999, -11.078209999999956], [-76.02418999999992, -11.079499999999939], [-76.02566999999993, -11.083769999999959], [-76.02650999999992, -11.08531999999991], [-76.02739999999994, -11.086419999999919], [-76.02967999999993, -11.088289999999915], [-76.0330899999999, -11.090129999999931], [-76.03465999999992, -11.090029999999956], [-76.03699999999992, -11.088619999999935], [-76.03836999999993, -11.088909999999942], [-76.03890999999993, -11.089219999999955], [-76.0397099999999, -11.090579999999932], [-76.04104999999993, -11.091799999999921], [-76.04260999999991, -11.092779999999948], [-76.04412999999994, -11.093209999999942], [-76.04662999999994, -11.093399999999917], [-76.0483099999999, -11.093059999999923], [-76.05004999999994, -11.092169999999953], [-76.05187999999993, -11.090609999999913], [-76.05308999999994, -11.08994999999993], [-76.0544999999999, -11.089849999999956], [-76.05585999999994, -11.090339999999912], [-76.05689999999993, -11.091419999999914], [-76.05802999999992, -11.093379999999911], [-76.05971999999991, -11.097999999999956], [-76.05996999999991, -11.098199999999906], [-76.06055999999995, -11.097849999999937], [-76.06238999999994, -11.096099999999922], [-76.06320999999991, -11.09624999999994], [-76.06324999999993, -11.097929999999906], [-76.06286999999992, -11.101639999999918], [-76.06306999999993, -11.103159999999946], [-76.0635299999999, -11.103969999999947], [-76.06437999999991, -11.10471999999993], [-76.0664099999999, -11.104869999999949], [-76.0668399999999, -11.105359999999905], [-76.06689999999992, -11.106249999999932], [-76.06662999999992, -11.10734999999994], [-76.06485999999995, -11.109699999999918], [-76.06420999999995, -11.111369999999908], [-76.06391999999994, -11.113159999999937], [-76.0648799999999, -11.114129999999932], [-76.06621999999993, -11.114199999999926], [-76.06754999999993, -11.113879999999938], [-76.06893999999994, -11.11277999999993], [-76.07255999999995, -11.11313999999993], [-76.07438999999994, -11.11310999999995], [-76.07823999999994, -11.112559999999917], [-76.08131999999995, -11.111699999999928], [-76.08292999999992, -11.11083999999994], [-76.08426999999995, -11.10961999999995], [-76.08449999999993, -11.108999999999924], [-76.0843999999999, -11.107189999999946], [-76.08480999999995, -11.106669999999951], [-76.08558999999991, -11.106269999999938], [-76.08630999999991, -11.106329999999957], [-76.08729999999991, -11.106719999999939], [-76.08934999999991, -11.10812999999996], [-76.09205999999995, -11.107899999999916], [-76.09372999999994, -11.109029999999905], [-76.09508999999991, -11.108189999999922], [-76.09561999999994, -11.108539999999948], [-76.09565999999995, -11.112799999999936], [-76.09692999999993, -11.114939999999933], [-76.09714999999994, -11.115809999999954], [-76.09703999999994, -11.116979999999955], [-76.09662999999995, -11.117839999999944], [-76.09467999999993, -11.119509999999934], [-76.09509999999995, -11.120279999999923], [-76.09577999999993, -11.120269999999948], [-76.09674999999993, -11.119389999999953], [-76.10090999999994, -11.117369999999937], [-76.1052499999999, -11.113069999999936], [-76.10705999999993, -11.11170999999996], [-76.10815999999994, -11.111409999999921], [-76.11112999999995, -11.111349999999959], [-76.11216999999994, -11.110899999999958], [-76.11317999999994, -11.109409999999912], [-76.1138699999999, -11.106789999999933], [-76.11427999999995, -11.106009999999912], [-76.1150199999999, -11.105459999999937], [-76.11656999999991, -11.104999999999905], [-76.11729999999994, -11.104489999999942], [-76.11817999999994, -11.103459999999927], [-76.11909999999995, -11.101159999999936], [-76.12132999999994, -11.099609999999927], [-76.12221999999991, -11.097539999999924], [-76.12257999999991, -11.095309999999927], [-76.12247999999994, -11.095129999999926], [-76.12112999999994, -11.094959999999958], [-76.12029999999993, -11.093379999999911], [-76.1204699999999, -11.09227999999996], [-76.1219299999999, -11.090349999999944], [-76.12222999999994, -11.089199999999948], [-76.12203999999991, -11.088329999999928], [-76.12033999999994, -11.087219999999945], [-76.12036999999992, -11.086799999999926], [-76.12074999999993, -11.086239999999918], [-76.1215699999999, -11.08591999999993], [-76.12520999999992, -11.085569999999905], [-76.12760999999995, -11.083879999999908], [-76.12892999999991, -11.085019999999929], [-76.13035999999994, -11.084459999999922], [-76.13474999999994, -11.084629999999947], [-76.13692999999995, -11.082619999999906], [-76.13744999999994, -11.08119999999991], [-76.13804999999991, -11.080609999999922], [-76.14080999999993, -11.078509999999937], [-76.14291999999995, -11.077669999999955], [-76.14585999999991, -11.078019999999924], [-76.14663999999993, -11.07758999999993], [-76.15140999999994, -11.062269999999955], [-76.1526199999999, -11.059809999999914], [-76.1545999999999, -11.05693999999994], [-76.15663999999992, -11.054659999999956], [-76.15811999999994, -11.053629999999941], [-76.16160999999994, -11.052499999999952], [-76.16383999999994, -11.052299999999946], [-76.16460999999993, -11.051189999999906], [-76.16474999999991, -11.049849999999935], [-76.16495999999995, -11.049459999999954], [-76.16687999999994, -11.04765999999995], [-76.1684899999999, -11.046539999999936], [-76.16969999999992, -11.045999999999935], [-76.1724299999999, -11.046029999999917], [-76.17327999999992, -11.04573999999991], [-76.1742099999999, -11.043929999999932], [-76.17576999999994, -11.043009999999924], [-76.17617999999993, -11.042469999999923], [-76.17691999999994, -11.03986999999995], [-76.17721999999992, -11.036259999999913], [-76.17785999999995, -11.03532999999993], [-76.17959999999994, -11.03389999999996], [-76.18114999999995, -11.03260999999992], [-76.18223999999992, -11.03189999999995], [-76.18336999999991, -11.031749999999931], [-76.18614999999994, -11.031739999999957], [-76.18741999999992, -11.03135999999995], [-76.1886399999999, -11.030389999999954], [-76.19004999999993, -11.028919999999914], [-76.19099999999992, -11.027129999999943], [-76.19125999999994, -11.024439999999913], [-76.19312999999994, -11.022199999999941], [-76.1945399999999, -11.01744999999994], [-76.19528999999994, -11.01553999999993], [-76.19798999999995, -11.012789999999939], [-76.1995399999999, -11.009279999999933], [-76.20267999999993, -11.005699999999933], [-76.20478999999995, -11.00246999999996], [-76.20685999999995, -11.000349999999912], [-76.20861999999994, -10.999529999999936], [-76.21017999999992, -10.998299999999915], [-76.2117199999999, -10.995819999999924], [-76.2123499999999, -10.994039999999927], [-76.21327999999994, -10.992689999999925], [-76.2134299999999, -10.991219999999942], [-76.21389999999991, -10.990619999999922], [-76.21388999999994, -10.990099999999927], [-76.21433999999994, -10.989169999999945], [-76.2142399999999, -10.988589999999931], [-76.21383999999995, -10.988789999999938], [-76.21341999999993, -10.989459999999951], [-76.21302999999995, -10.989329999999939], [-76.21305999999993, -10.988749999999925], [-76.21357999999992, -10.98846999999995], [-76.21411999999992, -10.987899999999911], [-76.21473999999995, -10.987739999999917], [-76.2171899999999, -10.984879999999919], [-76.2194399999999, -10.983289999999954], [-76.21973999999994, -10.981629999999939], [-76.22248999999994, -10.978669999999909], [-76.22419999999994, -10.97560999999996], [-76.2257699999999, -10.973549999999932], [-76.22687999999994, -10.97132999999991], [-76.22746999999993, -10.970499999999959], [-76.22806999999995, -10.969009999999912], [-76.22815999999995, -10.968239999999923], [-76.2293699999999, -10.966429999999946], [-76.22962999999993, -10.963959999999929], [-76.23025999999993, -10.963569999999947], [-76.23104999999993, -10.963799999999935], [-76.23173999999995, -10.963709999999935], [-76.23453999999992, -10.960909999999956], [-76.2370699999999, -10.95775999999995], [-76.23925999999994, -10.951409999999953], [-76.2418899999999, -10.949119999999937], [-76.24320999999992, -10.948339999999916], [-76.24443999999994, -10.947019999999952], [-76.24579999999992, -10.94270999999992], [-76.24796999999995, -10.939439999999934], [-76.24864999999994, -10.938039999999944], [-76.24823999999995, -10.936179999999922], [-76.24813999999992, -10.93420999999995], [-76.24925999999994, -10.932019999999909], [-76.24991999999992, -10.931369999999959], [-76.25100999999995, -10.930939999999907], [-76.25153999999992, -10.930419999999913], [-76.25324999999992, -10.927209999999945], [-76.25552999999991, -10.925169999999923], [-76.25700999999992, -10.923139999999933], [-76.25672999999995, -10.92282999999992], [-76.25615999999991, -10.922769999999957], [-76.25518999999991, -10.92196999999993], [-76.25403999999992, -10.921899999999937], [-76.25373999999994, -10.92211999999995], [-76.2530799999999, -10.922129999999925], [-76.25060999999994, -10.923979999999915], [-76.2496799999999, -10.924269999999922], [-76.24832999999995, -10.923209999999926], [-76.24626999999992, -10.923069999999939], [-76.24493999999993, -10.92136999999991], [-76.24424999999991, -10.921479999999917], [-76.24240999999995, -10.920309999999915], [-76.24025999999992, -10.91933999999992], [-76.23817999999994, -10.919239999999945], [-76.23653999999993, -10.918469999999957], [-76.23564999999991, -10.918559999999957], [-76.23484999999994, -10.917959999999937], [-76.23432999999994, -10.917879999999911], [-76.23360999999994, -10.917959999999937], [-76.2330399999999, -10.918419999999912], [-76.23223999999993, -10.918549999999925], [-76.23171999999994, -10.919039999999939], [-76.23045999999994, -10.919119999999907], [-76.23013999999995, -10.91879999999992], [-76.23021999999992, -10.917269999999917], [-76.22982999999994, -10.916319999999928], [-76.22993999999994, -10.915689999999927], [-76.22968999999995, -10.915389999999945], [-76.22825999999992, -10.91563999999994], [-76.22696999999994, -10.916259999999909], [-76.22589999999991, -10.915739999999914], [-76.2253399999999, -10.914979999999957], [-76.22397999999993, -10.914809999999932], [-76.22313999999994, -10.91530999999992], [-76.2216699999999, -10.915339999999958], [-76.22053999999991, -10.916629999999941], [-76.21972999999991, -10.916639999999916], [-76.21697999999992, -10.918379999999956], [-76.21580999999992, -10.918349999999919], [-76.21377999999993, -10.917639999999949], [-76.21103999999991, -10.918189999999925], [-76.2099199999999, -10.919119999999907], [-76.2091299999999, -10.921019999999942], [-76.20880999999991, -10.922959999999932], [-76.20947999999993, -10.924559999999929], [-76.20952999999992, -10.925349999999924], [-76.20817999999991, -10.927019999999914], [-76.20820999999995, -10.927889999999934], [-76.20844999999991, -10.928579999999954], [-76.20926999999995, -10.929369999999949], [-76.2123499999999, -10.930689999999913], [-76.21331999999995, -10.931649999999934], [-76.21339999999992, -10.932069999999953], [-76.21291999999994, -10.932959999999923], [-76.21121999999991, -10.934569999999951], [-76.20881999999995, -10.935459999999921], [-76.2081599999999, -10.936089999999922], [-76.20821999999993, -10.936609999999916], [-76.20887999999991, -10.93709999999993], [-76.20951999999994, -10.938099999999906], [-76.2097399999999, -10.939069999999958], [-76.20959999999991, -10.940109999999947], [-76.20859999999993, -10.941859999999906], [-76.20843999999994, -10.942779999999914], [-76.2076899999999, -10.943189999999959], [-76.2065399999999, -10.943409999999915], [-76.20598999999993, -10.943229999999915], [-76.20307999999994, -10.943259999999952], [-76.20127999999994, -10.943919999999935], [-76.19993999999991, -10.945029999999917], [-76.19929999999994, -10.946159999999907], [-76.19932999999992, -10.948249999999916], [-76.1991099999999, -10.94849999999991], [-76.19878999999992, -10.950789999999927], [-76.1982099999999, -10.951239999999927], [-76.19590999999991, -10.951819999999941], [-76.19500999999991, -10.952389999999923], [-76.19466999999992, -10.953489999999931], [-76.19472999999994, -10.95608999999996], [-76.19418999999994, -10.956429999999955], [-76.1926499999999, -10.95646999999991], [-76.19190999999995, -10.956989999999905], [-76.19146999999992, -10.958159999999907], [-76.19152999999994, -10.959479999999928], [-76.1911199999999, -10.96019999999993], [-76.18913999999995, -10.95986999999991]]]}, "properties": {"OBJECTID": 4, "NOMBRE": "LAGO JUNIN", "PROV": "JUNIN", "DPTO": "JUNIN", "Shape_Leng": 0.886315275201, "Shape_Area": 0.0220961672}}, {"type": "Feature", "geometry": {"type": "Polygon", "coordinates": [[[-70.15318999999994, -15.735919999999908], [-70.15314999999993, -15.736599999999953], [-70.15273999999994, -15.737379999999916], [-70.1519899999999, -15.737999999999943], [-70.14613999999995, -15.73971999999992], [-70.1443799999999, -15.74046999999996], [-70.14369999999991, -15.741019999999935], [-70.1427799999999, -15.742099999999937], [-70.14219999999995, -15.74347999999992], [-70.1423299999999, -15.746119999999905], [-70.14316999999994, -15.748479999999915], [-70.14411999999993, -15.749629999999911], [-70.14541999999994, -15.750449999999944], [-70.14642999999995, -15.750809999999944], [-70.1518099999999, -15.75117999999992], [-70.1531599999999, -15.751579999999933], [-70.15618999999992, -15.751589999999908], [-70.16011999999995, -15.752619999999922], [-70.16169999999994, -15.752509999999916], [-70.16378999999995, -15.751769999999908], [-70.16591999999991, -15.751739999999927], [-70.1675699999999, -15.75144999999992], [-70.16959999999995, -15.751369999999952], [-70.17133999999993, -15.751739999999927], [-70.17261999999994, -15.752529999999922], [-70.17450999999994, -15.754179999999906], [-70.1756499999999, -15.755239999999958], [-70.1758999999999, -15.75589999999994], [-70.17747999999995, -15.75762999999995], [-70.18015999999994, -15.760089999999934], [-70.18222999999995, -15.761669999999924], [-70.18605999999994, -15.763889999999947], [-70.18760999999995, -15.766379999999913], [-70.18848999999994, -15.76726999999994], [-70.19076999999993, -15.767889999999909], [-70.19371999999993, -15.76935999999995], [-70.19773999999995, -15.770159999999919], [-70.1991999999999, -15.770759999999939], [-70.20199999999994, -15.770769999999914], [-70.20301999999992, -15.769789999999944], [-70.20336999999995, -15.768539999999916], [-70.20447999999993, -15.766739999999913], [-70.2059799999999, -15.765579999999943], [-70.2079599999999, -15.763469999999927], [-70.20756999999992, -15.763049999999907], [-70.20735999999994, -15.760919999999942], [-70.2068999999999, -15.760469999999941], [-70.2050099999999, -15.760429999999928], [-70.20436999999993, -15.759739999999908], [-70.20378999999991, -15.759589999999946], [-70.20264999999995, -15.759669999999915], [-70.20102999999995, -15.76025999999996], [-70.20020999999991, -15.760129999999947], [-70.1999899999999, -15.759799999999927], [-70.20008999999993, -15.75929999999994], [-70.20049999999992, -15.758839999999907], [-70.20342999999991, -15.757279999999923], [-70.2049199999999, -15.756149999999934], [-70.20751999999993, -15.753659999999911], [-70.2081599999999, -15.752779999999916], [-70.20883999999995, -15.750419999999906], [-70.20812999999993, -15.743889999999908], [-70.2085899999999, -15.74240999999995], [-70.20995999999991, -15.739799999999946], [-70.21022999999991, -15.73846999999995], [-70.21005999999994, -15.73661999999996], [-70.2088599999999, -15.731869999999958], [-70.20897999999994, -15.730339999999956], [-70.2097599999999, -15.728329999999914], [-70.20982999999995, -15.727249999999913], [-70.20870999999994, -15.724389999999914], [-70.20893999999993, -15.723679999999945], [-70.21015999999992, -15.722249999999917], [-70.21034999999995, -15.72114999999991], [-70.20960999999994, -15.720239999999933], [-70.20632999999992, -15.717559999999935], [-70.20628999999991, -15.716779999999915], [-70.20728999999994, -15.715029999999956], [-70.20739999999995, -15.714109999999948], [-70.20717999999994, -15.713019999999915], [-70.20664999999991, -15.711589999999944], [-70.20569999999992, -15.70993999999996], [-70.20140999999995, -15.70601999999991], [-70.20143999999993, -15.705449999999928], [-70.20217999999994, -15.704069999999945], [-70.2022199999999, -15.702379999999948], [-70.20179999999993, -15.701209999999946], [-70.2007999999999, -15.699959999999919], [-70.19968999999992, -15.69936999999993], [-70.19814999999994, -15.699439999999925], [-70.19696999999991, -15.700489999999945], [-70.19432999999992, -15.701539999999909], [-70.19392999999991, -15.702019999999948], [-70.1938199999999, -15.70291999999995], [-70.19391999999993, -15.703699999999913], [-70.19429999999994, -15.704369999999926], [-70.19808999999992, -15.708049999999957], [-70.20041999999995, -15.710939999999937], [-70.20140999999995, -15.713349999999934], [-70.20145999999994, -15.715169999999944], [-70.20086999999995, -15.715919999999926], [-70.19909999999993, -15.71721999999994], [-70.19761999999992, -15.71774999999991], [-70.1952599999999, -15.71798999999993], [-70.19385999999992, -15.718999999999937], [-70.19269999999995, -15.720449999999914], [-70.1913199999999, -15.724209999999914], [-70.19028999999995, -15.725199999999916], [-70.1860299999999, -15.725019999999915], [-70.18504999999993, -15.72544999999991], [-70.18396999999993, -15.725219999999922], [-70.1830599999999, -15.724609999999927], [-70.18050999999991, -15.72210999999993], [-70.17834999999991, -15.72115999999994], [-70.17750999999993, -15.720449999999914], [-70.17356999999993, -15.720399999999927], [-70.17086999999992, -15.719529999999907], [-70.16979999999995, -15.71861999999993], [-70.16929999999991, -15.717339999999922], [-70.16878999999994, -15.71676999999994], [-70.16717999999992, -15.715529999999944], [-70.16575999999992, -15.715229999999906], [-70.16290999999995, -15.715239999999937], [-70.16001999999992, -15.714459999999917], [-70.15527999999995, -15.71413999999993], [-70.1542399999999, -15.713849999999923], [-70.15199999999993, -15.71267999999992], [-70.15088999999995, -15.712519999999927], [-70.1504799999999, -15.712709999999959], [-70.15032999999994, -15.71360999999996], [-70.15124999999995, -15.715389999999957], [-70.15141999999992, -15.716289999999958], [-70.15127999999993, -15.717049999999915], [-70.15025999999995, -15.719119999999918], [-70.1502999999999, -15.72034999999994], [-70.15059999999994, -15.720719999999915], [-70.15184999999991, -15.720749999999953], [-70.15345999999994, -15.721719999999948], [-70.15408999999994, -15.721709999999916], [-70.15497999999991, -15.721049999999934], [-70.15559999999994, -15.719149999999956], [-70.15665999999993, -15.717789999999923], [-70.1581799999999, -15.717019999999934], [-70.16034999999994, -15.71652999999992], [-70.16143999999991, -15.716779999999915], [-70.16223999999994, -15.717519999999922], [-70.16333999999995, -15.719379999999944], [-70.16316999999992, -15.719599999999957], [-70.1633599999999, -15.72034999999994], [-70.16282999999993, -15.721279999999922], [-70.16099999999994, -15.722779999999943], [-70.15543999999994, -15.723969999999952], [-70.15445999999991, -15.72446999999994], [-70.15404999999993, -15.724939999999947], [-70.15287999999993, -15.727949999999908], [-70.15017999999992, -15.729829999999936], [-70.1496699999999, -15.730399999999918], [-70.14904999999993, -15.73165999999992], [-70.1490599999999, -15.73303999999996], [-70.1499399999999, -15.733909999999923], [-70.15251999999992, -15.735099999999932], [-70.15318999999994, -15.735919999999908]]]}, "properties": {"OBJECTID": 5, "NOMBRE": "LAGUNA UMAYA", "PROV": "PUNO", "DPTO": "PUNO", "Shape_Leng": 0.313979455948, "Shape_Area": 0.00248916605}}, {"type": "Feature", "geometry": {"type": "Polygon", "coordinates": [[[-69.98909999999995, -15.168729999999925], [-69.9889599999999, -15.168589999999938], [-69.98912999999993, -15.164299999999912], [-69.98963999999995, -15.162539999999922], [-69.99185999999992, -15.157619999999952], [-69.99200999999994, -15.156099999999924], [-69.99189999999993, -15.152119999999911], [-69.99248999999992, -15.150049999999908], [-69.99343999999991, -15.148279999999943], [-69.99434999999994, -15.145649999999932], [-69.99445999999995, -15.142599999999959], [-69.99505999999991, -15.140849999999944], [-69.99518999999992, -15.13946999999996], [-69.9950399999999, -15.137959999999907], [-69.99391999999995, -15.135429999999928], [-69.99356999999992, -15.132689999999911], [-69.99317999999994, -15.13133999999991], [-69.98972999999995, -15.128459999999905], [-69.98946999999993, -15.12793999999991], [-69.9894099999999, -15.126829999999927], [-69.9900199999999, -15.125949999999932], [-69.99011999999993, -15.124879999999905], [-69.9892999999999, -15.123069999999927], [-69.9889599999999, -15.120549999999923], [-69.98957999999993, -15.119669999999928], [-69.99140999999992, -15.118789999999933], [-69.99194999999992, -15.118309999999951], [-69.9918899999999, -15.11689999999993], [-69.99230999999992, -15.11644999999993], [-69.99268999999993, -15.115119999999933], [-69.99246999999991, -15.113449999999943], [-69.99111999999991, -15.111779999999953], [-69.98881999999992, -15.109699999999918], [-69.9878599999999, -15.109589999999912], [-69.98701999999992, -15.110079999999925], [-69.98673999999994, -15.110589999999945], [-69.98672999999991, -15.111389999999915], [-69.98685999999992, -15.11181999999991], [-69.9874299999999, -15.11235999999991], [-69.98759999999993, -15.113129999999956], [-69.98660999999993, -15.11468999999994], [-69.98647999999991, -15.11575999999991], [-69.98667999999992, -15.116319999999916], [-69.98774999999995, -15.117659999999944], [-69.98795999999993, -15.118729999999914], [-69.98632999999995, -15.120159999999942], [-69.98593999999991, -15.121649999999931], [-69.98561999999993, -15.122039999999913], [-69.98347999999993, -15.120829999999955], [-69.98281999999995, -15.121209999999905], [-69.98255999999992, -15.122229999999945], [-69.98112999999995, -15.122009999999932], [-69.98007999999993, -15.122639999999933], [-69.97853999999995, -15.124809999999911], [-69.97737999999993, -15.126999999999953], [-69.97706999999991, -15.128009999999904], [-69.97699999999992, -15.129859999999951], [-69.97653999999994, -15.130709999999908], [-69.97550999999993, -15.132589999999936], [-69.97496999999993, -15.135159999999928], [-69.97510999999992, -15.13665999999995], [-69.97628999999995, -15.139549999999929], [-69.97653999999994, -15.140699999999924], [-69.97574999999995, -15.142399999999952], [-69.97582999999992, -15.148209999999949], [-69.97553999999991, -15.150369999999953], [-69.97496999999993, -15.152099999999905], [-69.97367999999994, -15.154369999999915], [-69.97138999999993, -15.157539999999926], [-69.9688799999999, -15.16029999999995], [-69.96648999999991, -15.16354999999993], [-69.96470999999991, -15.165069999999957], [-69.9633399999999, -15.167319999999904], [-69.95802999999995, -15.17118999999991], [-69.9573299999999, -15.172009999999943], [-69.9562699999999, -15.174229999999909], [-69.95512999999994, -15.174829999999929], [-69.95416999999992, -15.173859999999934], [-69.9534099999999, -15.167629999999917], [-69.95281999999992, -15.166559999999947], [-69.95024999999993, -15.16327999999993], [-69.95015999999993, -15.161739999999952], [-69.9503499999999, -15.161159999999938], [-69.94947999999994, -15.159019999999941], [-69.94931999999994, -15.15796999999992], [-69.94950999999992, -15.156749999999931], [-69.95020999999991, -15.15486999999996], [-69.95014999999995, -15.153609999999958], [-69.94936999999993, -15.152309999999943], [-69.94824999999992, -15.15184999999991], [-69.94599999999991, -15.151799999999923], [-69.94427999999994, -15.15199999999993], [-69.94279999999992, -15.152549999999906], [-69.9387099999999, -15.152349999999956], [-69.9359399999999, -15.152919999999938], [-69.93417999999991, -15.152249999999924], [-69.9318199999999, -15.149609999999939], [-69.93052999999992, -15.149659999999926], [-69.92989999999992, -15.149939999999958], [-69.92896999999994, -15.150769999999909], [-69.92889999999994, -15.151069999999947], [-69.93087999999995, -15.153449999999907], [-69.93122999999991, -15.154319999999927], [-69.93126999999993, -15.155239999999935], [-69.9309199999999, -15.156239999999912], [-69.93007999999992, -15.157569999999907], [-69.92924999999991, -15.158289999999909], [-69.9278799999999, -15.159029999999916], [-69.9266199999999, -15.160779999999932], [-69.92649999999992, -15.162629999999922], [-69.92708999999991, -15.166569999999922], [-69.92684999999994, -15.168399999999906], [-69.92525999999992, -15.170859999999948], [-69.92097999999993, -15.175389999999936], [-69.91924999999992, -15.177959999999928], [-69.91883999999993, -15.179119999999955], [-69.91862999999995, -15.182479999999941], [-69.9179499999999, -15.184039999999925], [-69.91739999999993, -15.184319999999957], [-69.9148899999999, -15.184639999999945], [-69.9145299999999, -15.184939999999926], [-69.91408999999993, -15.186729999999955], [-69.91228999999993, -15.19014999999996], [-69.91246999999993, -15.191669999999931], [-69.91174999999993, -15.193699999999922], [-69.90748999999994, -15.198019999999929], [-69.90510999999992, -15.199529999999925], [-69.90185999999994, -15.200729999999908], [-69.89986999999991, -15.20196999999996], [-69.8966299999999, -15.203199999999924], [-69.89537999999993, -15.203349999999944], [-69.89127999999994, -15.203139999999905], [-69.88952999999992, -15.203389999999956], [-69.88853999999992, -15.203849999999932], [-69.88758999999993, -15.205099999999959], [-69.8876699999999, -15.205859999999916], [-69.88841999999994, -15.206299999999942], [-69.89046999999994, -15.205419999999947], [-69.89274999999992, -15.20536999999996], [-69.89436999999992, -15.205709999999954], [-69.89499999999992, -15.206999999999937], [-69.89517999999993, -15.209289999999953], [-69.8976899999999, -15.21115999999995], [-69.8981399999999, -15.211749999999938], [-69.89830999999992, -15.212839999999915], [-69.89809999999994, -15.214519999999936], [-69.89821999999992, -15.215119999999956], [-69.89917999999994, -15.216129999999907], [-69.90127999999993, -15.216779999999915], [-69.9023499999999, -15.21738999999991], [-69.90393999999992, -15.216709999999921], [-69.90546999999992, -15.21562999999992], [-69.90737999999993, -15.212989999999934], [-69.90847999999994, -15.211849999999913], [-69.90964999999994, -15.211079999999924], [-69.91070999999994, -15.21088999999995], [-69.91231999999991, -15.211039999999912], [-69.91358999999994, -15.211649999999906], [-69.91697999999991, -15.212369999999908], [-69.91931999999991, -15.214629999999943], [-69.92074999999994, -15.215259999999944], [-69.92230999999992, -15.216879999999946], [-69.92286999999993, -15.217199999999934], [-69.92331999999993, -15.216649999999959], [-69.92333999999994, -15.215269999999919], [-69.92390999999992, -15.214149999999904], [-69.92432999999994, -15.214199999999948], [-69.9247299999999, -15.214529999999911], [-69.9250899999999, -15.216029999999932], [-69.92568999999992, -15.215879999999913], [-69.9257399999999, -15.21389999999991], [-69.92489999999992, -15.21079999999995], [-69.9252899999999, -15.209629999999947], [-69.92610999999994, -15.20915999999994], [-69.92704999999995, -15.210149999999942], [-69.92761999999993, -15.212059999999951], [-69.92766999999992, -15.213589999999954], [-69.92726999999991, -15.216629999999952], [-69.92743999999993, -15.217939999999942], [-69.92816999999991, -15.218519999999955], [-69.92879999999991, -15.218539999999905], [-69.92935999999992, -15.219099999999912], [-69.92901999999992, -15.221649999999954], [-69.92944999999992, -15.222269999999924], [-69.9306699999999, -15.223039999999912], [-69.93142999999992, -15.222819999999956], [-69.93256999999994, -15.221739999999954], [-69.93436999999994, -15.218249999999955], [-69.9345899999999, -15.216879999999946], [-69.93462999999991, -15.210259999999948], [-69.93497999999994, -15.207589999999925], [-69.94082999999995, -15.201489999999922], [-69.94290999999993, -15.198979999999949], [-69.94393999999994, -15.197079999999914], [-69.94519999999994, -15.193119999999908], [-69.94575999999995, -15.19234999999992], [-69.94664999999992, -15.192129999999906], [-69.9479399999999, -15.193439999999953], [-69.94815999999992, -15.194479999999942], [-69.94798999999995, -15.196019999999919], [-69.94659999999993, -15.198419999999942], [-69.94289999999995, -15.202209999999923], [-69.94250999999991, -15.202969999999937], [-69.94260999999995, -15.203359999999918], [-69.94483999999994, -15.205319999999915], [-69.94548999999995, -15.20652999999993], [-69.9466799999999, -15.206929999999943], [-69.9482999999999, -15.208409999999958], [-69.94898999999992, -15.208749999999952], [-69.94979999999993, -15.208339999999907], [-69.95225999999991, -15.20592999999991], [-69.95397999999994, -15.204829999999959], [-69.95538999999991, -15.204239999999913], [-69.9566999999999, -15.202689999999905], [-69.95697999999993, -15.201199999999915], [-69.95677999999992, -15.198269999999923], [-69.95722999999992, -15.197469999999953], [-69.96113999999994, -15.196239999999932], [-69.96462999999994, -15.19443999999993], [-69.9654799999999, -15.194699999999955], [-69.96581999999995, -15.195279999999912], [-69.96584999999993, -15.195859999999925], [-69.96482999999995, -15.197259999999915], [-69.96136999999993, -15.200189999999907], [-69.9610199999999, -15.200839999999914], [-69.96060999999992, -15.202689999999905], [-69.96021999999994, -15.203329999999937], [-69.95697999999993, -15.205539999999928], [-69.95489999999995, -15.207659999999919], [-69.9547399999999, -15.208259999999939], [-69.95492999999993, -15.208849999999927], [-69.9570599999999, -15.207869999999957], [-69.95785999999993, -15.207889999999907], [-69.95846999999992, -15.208389999999952], [-69.9582299999999, -15.20957999999996], [-69.95656999999994, -15.211629999999957], [-69.95533999999992, -15.212859999999921], [-69.95429999999993, -15.21351999999996], [-69.9534999999999, -15.21342999999996], [-69.95185999999995, -15.212259999999958], [-69.95087999999993, -15.21222999999992], [-69.94950999999992, -15.213259999999934], [-69.94817999999992, -15.214799999999912], [-69.94761999999992, -15.217499999999916], [-69.94701999999995, -15.218399999999917], [-69.94598999999994, -15.219359999999938], [-69.9457799999999, -15.220239999999933], [-69.9461599999999, -15.220699999999908], [-69.94850999999994, -15.22085999999996], [-69.94987999999995, -15.220449999999914], [-69.9523999999999, -15.219169999999906], [-69.95785999999993, -15.215509999999938], [-69.96112999999991, -15.21434999999991], [-69.9645099999999, -15.213689999999929], [-69.96519999999992, -15.213039999999921], [-69.9654099999999, -15.212419999999952], [-69.96355999999992, -15.210769999999911], [-69.96332999999993, -15.210239999999942], [-69.96376999999995, -15.208899999999915], [-69.96442999999994, -15.20784999999995], [-69.96528999999992, -15.207519999999931], [-69.97051999999991, -15.207459999999912], [-69.97120999999993, -15.207099999999912], [-69.97312999999991, -15.205059999999946], [-69.97422999999992, -15.205229999999915], [-69.97664999999995, -15.207179999999937], [-69.97727999999995, -15.207199999999943], [-69.97912999999994, -15.207989999999938], [-69.9806999999999, -15.207729999999913], [-69.98164999999995, -15.207179999999937], [-69.98243999999994, -15.207179999999937], [-69.9841899999999, -15.206459999999936], [-69.98703999999992, -15.206659999999943], [-69.98745999999994, -15.206319999999948], [-69.98818999999992, -15.204839999999933], [-69.9887599999999, -15.204609999999946], [-69.98939999999993, -15.205019999999934], [-69.99108999999993, -15.207059999999956], [-69.9915499999999, -15.207239999999956], [-69.99346999999995, -15.206189999999935], [-69.9958299999999, -15.203919999999925], [-69.99854999999991, -15.20207999999991], [-70.00328999999994, -15.200369999999907], [-70.00608999999992, -15.198639999999955], [-70.00985999999995, -15.197689999999909], [-70.01190999999994, -15.197529999999915], [-70.01504999999992, -15.19610999999992], [-70.01694999999995, -15.196169999999938], [-70.01807999999994, -15.196729999999945], [-70.01869999999991, -15.196789999999908], [-70.02768999999995, -15.194429999999954], [-70.02909999999991, -15.194699999999955], [-70.0316699999999, -15.19584999999995], [-70.03387999999995, -15.195779999999957], [-70.0356999999999, -15.195259999999905], [-70.03757999999993, -15.193609999999921], [-70.03904999999992, -15.19303999999994], [-70.04140999999993, -15.192919999999958], [-70.04497999999995, -15.193419999999946], [-70.04939999999993, -15.193289999999934], [-70.0512599999999, -15.192939999999908], [-70.05326999999994, -15.192039999999906], [-70.0554699999999, -15.191839999999956], [-70.05768999999992, -15.191059999999936], [-70.05907999999994, -15.191339999999911], [-70.06023999999991, -15.192659999999933], [-70.06085999999993, -15.19303999999994], [-70.06290999999993, -15.193139999999914], [-70.06416999999993, -15.192939999999908], [-70.06515999999993, -15.192429999999945], [-70.0670399999999, -15.19225999999992], [-70.07076999999992, -15.191009999999949], [-70.07496999999995, -15.18921999999992], [-70.07636999999994, -15.189019999999914], [-70.07972999999993, -15.187309999999911], [-70.08630999999991, -15.18339999999995], [-70.09265999999991, -15.179629999999918], [-70.09524999999991, -15.178489999999954], [-70.0995299999999, -15.175859999999943], [-70.10097999999994, -15.17467999999991], [-70.10376999999994, -15.173619999999914], [-70.10646999999994, -15.172289999999919], [-70.10750999999993, -15.17160999999993], [-70.10906999999992, -15.16966999999994], [-70.11004999999994, -15.168879999999945], [-70.11416999999994, -15.16784999999993], [-70.11526999999995, -15.167209999999955], [-70.11630999999994, -15.166069999999934], [-70.1165499999999, -15.165499999999952], [-70.11675999999994, -15.164259999999956], [-70.11603999999994, -15.160489999999925], [-70.11599999999993, -15.157589999999914], [-70.1173599999999, -15.154989999999941], [-70.1175199999999, -15.152879999999925], [-70.11869999999993, -15.150889999999947], [-70.11838999999992, -15.149709999999914], [-70.11671999999993, -15.14689999999996], [-70.11619999999994, -15.146589999999946], [-70.11527999999993, -15.146499999999946], [-70.11351999999994, -15.146599999999921], [-70.11280999999991, -15.146969999999953], [-70.11151999999993, -15.146949999999947], [-70.1106299999999, -15.14638999999994], [-70.10841999999991, -15.144189999999924], [-70.10602999999992, -15.143979999999942], [-70.10495999999995, -15.144129999999905], [-70.10282999999993, -15.145459999999957], [-70.0977499999999, -15.147149999999954], [-70.0947999999999, -15.146549999999934], [-70.09323999999992, -15.145579999999939], [-70.09152999999992, -15.143559999999923], [-70.08685999999994, -15.136479999999949], [-70.08586999999994, -15.135989999999936], [-70.08342999999991, -15.135359999999935], [-70.08089999999993, -15.133819999999957], [-70.07949999999994, -15.132359999999949], [-70.07879999999994, -15.130639999999914], [-70.07821999999993, -15.12993999999992], [-70.07450999999992, -15.126399999999933], [-70.07065999999992, -15.123249999999928], [-70.06706999999994, -15.121319999999912], [-70.06427999999994, -15.119159999999908], [-70.06314999999995, -15.118549999999914], [-70.06207999999992, -15.119299999999953], [-70.06146999999993, -15.120689999999911], [-70.06038999999993, -15.121319999999912], [-70.05943999999994, -15.121219999999937], [-70.05820999999992, -15.12005999999991], [-70.05692999999991, -15.120089999999948], [-70.05641999999995, -15.11969999999991], [-70.05628999999993, -15.119279999999947], [-70.05633999999992, -15.11803999999995], [-70.05678999999992, -15.117089999999905], [-70.05642999999992, -15.115259999999921], [-70.05558999999994, -15.113999999999919], [-70.05336999999992, -15.112289999999916], [-70.0511899999999, -15.112019999999916], [-70.04824999999994, -15.110919999999908], [-70.0463499999999, -15.110799999999927], [-70.04574999999994, -15.110939999999914], [-70.04351999999994, -15.112109999999916], [-70.04119999999995, -15.112589999999955], [-70.0383799999999, -15.114379999999926], [-70.03652999999991, -15.116019999999935], [-70.03544999999991, -15.117739999999912], [-70.03503999999992, -15.118909999999914], [-70.03483999999992, -15.120429999999942], [-70.03523999999993, -15.121599999999944], [-70.03633999999994, -15.122709999999927], [-70.03914999999995, -15.122619999999927], [-70.03962999999993, -15.124299999999948], [-70.0396399999999, -15.125679999999932], [-70.03903999999994, -15.126639999999952], [-70.03654999999992, -15.128669999999943], [-70.03369999999995, -15.132729999999924], [-70.03159999999991, -15.13701999999995], [-70.03030999999993, -15.141749999999945], [-70.02827999999994, -15.144489999999905], [-70.02793999999994, -15.147229999999922], [-70.0285199999999, -15.150079999999946], [-70.02693999999991, -15.153079999999932], [-70.0268299999999, -15.15617999999995], [-70.02642999999995, -15.15742999999992], [-70.02485999999993, -15.15853999999996], [-70.02316999999994, -15.158939999999916], [-70.02142999999995, -15.158879999999954], [-70.02048999999994, -15.158499999999947], [-70.02003999999994, -15.15805999999992], [-70.01987999999994, -15.156169999999918], [-70.0203699999999, -15.15244999999993], [-70.0234999999999, -15.148989999999912], [-70.02578999999992, -15.145859999999914], [-70.0252999999999, -15.144729999999925], [-70.02401999999995, -15.144169999999917], [-70.02070999999995, -15.14393999999993], [-70.01837999999992, -15.14435999999995], [-70.01773999999995, -15.144829999999956], [-70.01763999999991, -15.145909999999958], [-70.01989999999995, -15.148009999999942], [-70.0201199999999, -15.14892999999995], [-70.01997999999992, -15.149829999999952], [-70.01923999999991, -15.150439999999946], [-70.01749999999993, -15.150429999999915], [-70.01562999999993, -15.15085999999991], [-70.01395999999994, -15.151949999999943], [-70.01224999999994, -15.153979999999933], [-70.01094999999992, -15.158099999999934], [-70.01011999999992, -15.159389999999917], [-70.00931999999995, -15.15987999999993], [-70.00732999999991, -15.160379999999918], [-70.00389999999993, -15.163329999999917], [-69.99963999999994, -15.164489999999944], [-69.9964799999999, -15.165889999999933], [-69.9958499999999, -15.165899999999908], [-69.99119999999994, -15.16879999999992], [-69.98930999999993, -15.168929999999932], [-69.98909999999995, -15.168729999999925]]]}, "properties": {"OBJECTID": 6, "NOMBRE": "LAGO DE ARAPA", "PROV": "AZANGARO", "DPTO": "PUNO", "Shape_Leng": 0.92916406999, "Shape_Area": 0.0109950599}}, {"type": "Feature", "geometry": {"type": "Polygon", "coordinates": [[[-69.33061999999995, -15.537669999999935], [-69.3297399999999, -15.537699999999916], [-69.32886999999994, -15.537959999999941], [-69.3277599999999, -15.539099999999905], [-69.32742999999994, -15.540289999999914], [-69.3274899999999, -15.54135999999994], [-69.32819999999992, -15.543129999999906], [-69.3281199999999, -15.54379999999992], [-69.32694999999995, -15.544689999999946], [-69.32521999999994, -15.544679999999914], [-69.32305999999994, -15.547259999999937], [-69.32225999999991, -15.547889999999938], [-69.32153999999991, -15.547959999999932], [-69.31955999999991, -15.547449999999913], [-69.31898999999993, -15.547529999999938], [-69.31597999999991, -15.55027999999993], [-69.31471999999991, -15.550919999999905], [-69.31392999999991, -15.55090999999993], [-69.3131699999999, -15.551469999999938], [-69.31179999999995, -15.551889999999958], [-69.31023999999991, -15.552059999999926], [-69.3062799999999, -15.551869999999951], [-69.30556999999993, -15.552179999999908], [-69.3041399999999, -15.553479999999922], [-69.30345999999992, -15.553769999999929], [-69.29948999999993, -15.55370999999991], [-69.2943699999999, -15.554449999999918], [-69.29210999999992, -15.556149999999946], [-69.29092999999995, -15.558129999999949], [-69.28708999999992, -15.559589999999957], [-69.28575999999993, -15.560379999999952], [-69.2838099999999, -15.562419999999918], [-69.28275999999994, -15.563959999999952], [-69.28141999999991, -15.566889999999944], [-69.27956999999992, -15.569159999999954], [-69.27936999999991, -15.573129999999935], [-69.27985999999993, -15.574749999999938], [-69.2806599999999, -15.576309999999921], [-69.28100999999992, -15.576569999999947], [-69.28159999999991, -15.57662999999991], [-69.28574999999995, -15.57642999999996], [-69.29018999999994, -15.577469999999948], [-69.29144999999994, -15.577369999999917], [-69.29359999999991, -15.576749999999947], [-69.2944599999999, -15.577339999999936], [-69.29518999999993, -15.578529999999944], [-69.29531999999995, -15.582209999999918], [-69.29012999999992, -15.588799999999935], [-69.28854999999993, -15.591309999999908], [-69.28766999999993, -15.593249999999955], [-69.28755999999993, -15.595719999999915], [-69.2887199999999, -15.599209999999914], [-69.28879999999992, -15.601539999999943], [-69.28955999999994, -15.602439999999945], [-69.29073999999991, -15.603289999999959], [-69.29212999999993, -15.604049999999916], [-69.2929499999999, -15.604129999999941], [-69.29374999999993, -15.603719999999953], [-69.29416999999995, -15.602379999999926], [-69.29533999999995, -15.601089999999942], [-69.2973399999999, -15.600559999999916], [-69.29922999999991, -15.600609999999904], [-69.30147999999991, -15.602309999999932], [-69.30290999999994, -15.602289999999925], [-69.30367999999993, -15.602749999999958], [-69.30471999999992, -15.604129999999941], [-69.30484999999993, -15.605799999999931], [-69.30371999999994, -15.606539999999939], [-69.30153999999993, -15.606909999999914], [-69.3007399999999, -15.607639999999947], [-69.29964999999993, -15.610199999999907], [-69.29805999999991, -15.61190999999991], [-69.29822999999993, -15.613889999999913], [-69.2970499999999, -15.615889999999922], [-69.2965099999999, -15.617669999999919], [-69.29433999999992, -15.619929999999954], [-69.2937599999999, -15.620809999999949], [-69.29264999999992, -15.625599999999906], [-69.29148999999995, -15.627069999999947], [-69.28878999999995, -15.629449999999906], [-69.28818999999993, -15.629639999999938], [-69.2846899999999, -15.632519999999943], [-69.28307999999993, -15.633129999999937], [-69.2813099999999, -15.63247999999993], [-69.27942999999993, -15.63134999999994], [-69.27811999999994, -15.628419999999949], [-69.27751999999992, -15.627909999999929], [-69.27576999999991, -15.627789999999948], [-69.27372999999994, -15.629189999999937], [-69.27150999999992, -15.629189999999937], [-69.27068999999995, -15.62966999999992], [-69.27008999999993, -15.63038999999992], [-69.26999999999992, -15.633149999999944], [-69.26771999999994, -15.633689999999945], [-69.26689999999991, -15.634429999999952], [-69.26655999999991, -15.63527999999991], [-69.26657999999992, -15.636209999999949], [-69.26711999999992, -15.63677999999993], [-69.27080999999993, -15.63728999999995], [-69.27069999999992, -15.637799999999913], [-69.26970999999992, -15.63877999999994], [-69.26962999999995, -15.640609999999924], [-69.26935999999995, -15.64080999999993], [-69.26873999999992, -15.640739999999937], [-69.2678699999999, -15.640079999999955], [-69.26673999999991, -15.637899999999945], [-69.26603999999992, -15.637329999999906], [-69.26538999999991, -15.637359999999944], [-69.2619699999999, -15.639389999999935], [-69.25974999999994, -15.641029999999944], [-69.25936999999993, -15.64184999999992], [-69.25911999999994, -15.644339999999943], [-69.25950999999992, -15.64814999999993], [-69.26046999999994, -15.64990999999992], [-69.26331999999991, -15.652749999999912], [-69.26360999999991, -15.653479999999945], [-69.26368999999994, -15.654699999999934], [-69.26279999999991, -15.657309999999939], [-69.26251999999994, -15.660359999999912], [-69.2611599999999, -15.664449999999931], [-69.26127999999994, -15.66826999999995], [-69.26089999999994, -15.668779999999913], [-69.26021999999995, -15.66915999999992], [-69.25898999999993, -15.669499999999914], [-69.2580299999999, -15.669449999999927], [-69.25641999999993, -15.670249999999953], [-69.25626999999992, -15.67133999999993], [-69.25666999999993, -15.674009999999953], [-69.25663999999995, -15.676039999999944], [-69.25629999999995, -15.67685999999992], [-69.25543999999991, -15.677779999999927], [-69.2540699999999, -15.678879999999936], [-69.25319999999994, -15.67921999999993], [-69.24876999999992, -15.679369999999949], [-69.24596999999994, -15.681189999999958], [-69.24499999999995, -15.681479999999908], [-69.24346999999995, -15.680899999999951], [-69.24220999999994, -15.680879999999945], [-69.24023999999991, -15.67990999999995], [-69.23770999999994, -15.679899999999918], [-69.23545999999993, -15.67912999999993], [-69.23437999999993, -15.67850999999996], [-69.23327999999992, -15.677389999999946], [-69.23175999999995, -15.674229999999909], [-69.23045999999994, -15.673469999999952], [-69.22902999999991, -15.673179999999945], [-69.22800999999993, -15.673469999999952], [-69.22409999999991, -15.676849999999945], [-69.22084999999993, -15.67808999999994], [-69.21945999999991, -15.67841999999996], [-69.21740999999992, -15.678479999999922], [-69.21203999999994, -15.678129999999953], [-69.21006999999992, -15.677499999999952], [-69.2084099999999, -15.676369999999906], [-69.20569999999992, -15.673769999999934], [-69.2021499999999, -15.66975999999994], [-69.20026999999993, -15.668229999999937], [-69.19871999999992, -15.667599999999936], [-69.19398999999993, -15.666759999999954], [-69.19348999999994, -15.665959999999927], [-69.19319999999993, -15.664929999999913], [-69.19297999999992, -15.661259999999913], [-69.19240999999994, -15.660519999999906], [-69.1912299999999, -15.657359999999926], [-69.19121999999993, -15.65566999999993], [-69.19226999999995, -15.654149999999959], [-69.19207999999992, -15.652469999999937], [-69.19232999999991, -15.651599999999917], [-69.19384999999994, -15.648719999999912], [-69.1963399999999, -15.645549999999957], [-69.19661999999994, -15.642369999999914], [-69.1970399999999, -15.642129999999952], [-69.19797999999992, -15.64211999999992], [-69.19969999999995, -15.639899999999955], [-69.20030999999994, -15.639879999999948], [-69.20081999999991, -15.639479999999935], [-69.20096999999993, -15.638439999999946], [-69.20035999999993, -15.637759999999957], [-69.1998299999999, -15.638299999999958], [-69.1987299999999, -15.638459999999952], [-69.19818999999995, -15.638769999999909], [-69.19773999999995, -15.639389999999935], [-69.19770999999992, -15.640289999999936], [-69.19536999999991, -15.642139999999927], [-69.1951699999999, -15.643779999999936], [-69.1945399999999, -15.644829999999956], [-69.19401999999991, -15.64692999999994], [-69.19154999999995, -15.649779999999907], [-69.19083999999992, -15.650919999999928], [-69.1906699999999, -15.653839999999946], [-69.18948999999992, -15.655479999999955], [-69.1893399999999, -15.656559999999956], [-69.1898799999999, -15.658139999999946], [-69.19143999999994, -15.660979999999938], [-69.19121999999993, -15.661869999999908], [-69.1905999999999, -15.661919999999952], [-69.19001999999995, -15.66169999999994], [-69.18748999999991, -15.658369999999934], [-69.18691999999993, -15.65829999999994], [-69.18624999999992, -15.65853999999996], [-69.18185999999992, -15.66160999999994], [-69.17878999999994, -15.66318999999993], [-69.1758999999999, -15.665379999999914], [-69.17550999999992, -15.666029999999921], [-69.17542999999995, -15.667259999999942], [-69.1755599999999, -15.668019999999956], [-69.17629999999991, -15.669569999999908], [-69.17425999999995, -15.669729999999959], [-69.17385999999993, -15.669929999999908], [-69.1734899999999, -15.67062999999996], [-69.17342999999994, -15.671999999999912], [-69.17220999999995, -15.673209999999926], [-69.17147999999992, -15.67354999999992], [-69.17069999999995, -15.67360999999994], [-69.16818999999992, -15.673319999999933], [-69.16734999999994, -15.672589999999957], [-69.16624999999993, -15.670549999999935], [-69.16549999999995, -15.67044999999996], [-69.16487999999993, -15.670929999999942], [-69.1646199999999, -15.67196999999993], [-69.16378999999995, -15.672879999999907], [-69.16012999999992, -15.67530999999991], [-69.15929999999992, -15.676979999999958], [-69.15848999999992, -15.677929999999947], [-69.1544199999999, -15.679979999999944], [-69.15374999999995, -15.680559999999957], [-69.1533599999999, -15.681889999999953], [-69.15431999999993, -15.683509999999956], [-69.15532999999994, -15.684129999999925], [-69.15774999999991, -15.684219999999925], [-69.15824999999995, -15.684629999999913], [-69.15822999999995, -15.68551999999994], [-69.15730999999994, -15.686579999999935], [-69.1558599999999, -15.68718999999993], [-69.1533399999999, -15.687669999999912], [-69.15247999999991, -15.687449999999956], [-69.15104999999994, -15.686419999999941], [-69.14973999999995, -15.685859999999934], [-69.14880999999991, -15.685679999999934], [-69.14803999999992, -15.685869999999909], [-69.14802999999995, -15.686629999999923], [-69.1471699999999, -15.688249999999925], [-69.14735999999994, -15.689629999999909], [-69.14798999999994, -15.690299999999922], [-69.14829999999995, -15.691339999999911], [-69.14970999999991, -15.692559999999958], [-69.14974999999993, -15.692999999999927], [-69.15016999999995, -15.69348999999994], [-69.15393999999992, -15.69357999999994], [-69.15446999999995, -15.694159999999954], [-69.1542399999999, -15.694729999999936], [-69.1528199999999, -15.694729999999936], [-69.15152999999992, -15.695639999999912], [-69.15041999999994, -15.695719999999937], [-69.14877999999993, -15.69515999999993], [-69.14713999999992, -15.693989999999928], [-69.14568999999995, -15.69216999999992], [-69.14490999999992, -15.690319999999929], [-69.1446499999999, -15.685599999999909], [-69.14258999999993, -15.68288999999993], [-69.14255999999995, -15.68166999999994], [-69.14296999999993, -15.680189999999925], [-69.1434999999999, -15.679609999999911], [-69.1444699999999, -15.679059999999936], [-69.14503999999994, -15.677959999999928], [-69.14514999999994, -15.677059999999926], [-69.14458999999994, -15.675139999999942], [-69.14566999999994, -15.67447999999996], [-69.1464499999999, -15.67369999999994], [-69.14732999999995, -15.672589999999957], [-69.1476899999999, -15.671779999999956], [-69.14729999999992, -15.668559999999957], [-69.14607999999993, -15.66557999999992], [-69.14471999999995, -15.665199999999913], [-69.14317999999992, -15.663209999999935], [-69.14240999999993, -15.662699999999916], [-69.13735999999994, -15.66283999999996], [-69.13584999999995, -15.662409999999909], [-69.13559999999995, -15.661709999999914], [-69.13558999999992, -15.658759999999916], [-69.13518999999991, -15.657629999999926], [-69.13410999999991, -15.656699999999944], [-69.13187999999991, -15.656549999999925], [-69.1306899999999, -15.65557999999993], [-69.13004999999993, -15.65468999999996], [-69.13021999999995, -15.653479999999945], [-69.12956999999994, -15.65208999999993], [-69.12850999999995, -15.650959999999941], [-69.12763999999993, -15.650759999999934], [-69.12684999999993, -15.649789999999939], [-69.12653999999992, -15.647519999999929], [-69.12537999999995, -15.644999999999925], [-69.12371999999993, -15.642939999999953], [-69.12171999999993, -15.641249999999957], [-69.12027999999992, -15.641119999999944], [-69.11981999999995, -15.64071999999993], [-69.11866999999995, -15.640619999999956], [-69.11801999999994, -15.640929999999912], [-69.11687999999992, -15.642249999999933], [-69.11527999999993, -15.642279999999914], [-69.11392999999993, -15.641259999999932], [-69.11299999999994, -15.641089999999906], [-69.1122499999999, -15.640519999999924], [-69.11004999999994, -15.640299999999911], [-69.10852999999992, -15.63984999999991], [-69.10638999999992, -15.638319999999908], [-69.10557999999992, -15.63835999999992], [-69.1045299999999, -15.638069999999914], [-69.10275999999993, -15.637389999999925], [-69.1022999999999, -15.636979999999937], [-69.09996999999993, -15.636639999999943], [-69.09899999999993, -15.635859999999923], [-69.09868999999992, -15.63465999999994], [-69.0982699999999, -15.634019999999907], [-69.09728999999993, -15.63325999999995], [-69.09492999999992, -15.632919999999956], [-69.09172999999993, -15.633219999999937], [-69.09021999999993, -15.633089999999925], [-69.08844999999991, -15.631729999999948], [-69.0868999999999, -15.631399999999928], [-69.08553999999992, -15.629889999999932], [-69.08514999999994, -15.629709999999932], [-69.08353999999991, -15.629889999999932], [-69.08263999999991, -15.630229999999926], [-69.08146999999991, -15.631659999999954], [-69.08044999999993, -15.632399999999905], [-69.07890999999995, -15.633229999999912], [-69.0778699999999, -15.633489999999938], [-69.07564999999994, -15.633219999999937], [-69.07384999999994, -15.632619999999918], [-69.0730299999999, -15.632169999999917], [-69.07264999999995, -15.63149999999996], [-69.07220999999993, -15.629239999999925], [-69.07241999999991, -15.628529999999955], [-69.07314999999994, -15.62749999999994], [-69.0732799999999, -15.62659999999994], [-69.07318999999995, -15.625669999999957], [-69.07272999999992, -15.62468999999993], [-69.07282999999995, -15.623779999999954], [-69.07190999999995, -15.618969999999933], [-69.07208999999995, -15.614839999999958], [-69.07150999999993, -15.613579999999956], [-69.0692699999999, -15.611689999999953], [-69.06850999999995, -15.608809999999949], [-69.06857999999994, -15.608209999999929], [-69.06891999999993, -15.607739999999922], [-69.07130999999993, -15.605689999999925], [-69.07117999999991, -15.60507999999993], [-69.07021999999995, -15.604019999999934], [-69.06982999999991, -15.60322999999994], [-69.06995999999992, -15.60122999999993], [-69.0709799999999, -15.598809999999958], [-69.07191999999992, -15.597769999999912], [-69.07264999999995, -15.59746999999993], [-69.07377999999994, -15.598009999999931], [-69.0747199999999, -15.597949999999912], [-69.07609999999994, -15.595879999999909], [-69.07789999999994, -15.594159999999931], [-69.07848999999993, -15.592079999999953], [-69.08093999999994, -15.589969999999937], [-69.08629999999994, -15.585969999999918], [-69.08777999999995, -15.584269999999947], [-69.08828999999992, -15.583369999999945], [-69.08827999999994, -15.582799999999907], [-69.0877099999999, -15.581389999999942], [-69.08780999999993, -15.580889999999954], [-69.09012999999993, -15.579489999999907], [-69.09181999999993, -15.577449999999942], [-69.09192999999993, -15.576389999999947], [-69.09159999999991, -15.572149999999908], [-69.0918299999999, -15.570279999999912], [-69.0923699999999, -15.569609999999955], [-69.09420999999992, -15.568449999999928], [-69.0946899999999, -15.56717999999995], [-69.09453999999994, -15.566269999999918], [-69.0942599999999, -15.565869999999904], [-69.09361999999993, -15.56543999999991], [-69.09221999999994, -15.565119999999922], [-69.09109999999993, -15.564179999999908], [-69.0906799999999, -15.564629999999909], [-69.09062999999992, -15.56541999999996], [-69.09255999999993, -15.566979999999944], [-69.09286999999995, -15.567539999999951], [-69.0914699999999, -15.568749999999909], [-69.09064999999993, -15.570409999999924], [-69.0908399999999, -15.574729999999931], [-69.0903899999999, -15.577229999999929], [-69.08871999999991, -15.578929999999957], [-69.08721999999995, -15.57943999999992], [-69.08642999999995, -15.58021999999994], [-69.0865399999999, -15.583119999999951], [-69.08634999999992, -15.584019999999953], [-69.08510999999993, -15.585639999999955], [-69.0838599999999, -15.586809999999957], [-69.08346999999992, -15.587019999999939], [-69.0821699999999, -15.587079999999958], [-69.08032999999995, -15.589189999999917], [-69.0784799999999, -15.590059999999937], [-69.07746999999995, -15.590839999999957], [-69.07700999999992, -15.59161999999992], [-69.07652999999993, -15.593569999999943], [-69.07531999999992, -15.594539999999938], [-69.07429999999994, -15.596449999999948], [-69.07263999999992, -15.596979999999917], [-69.07120999999995, -15.59677999999991], [-69.07065999999992, -15.59695999999991], [-69.06950999999992, -15.598839999999939], [-69.06913999999995, -15.599679999999921], [-69.06891999999993, -15.601039999999955], [-69.06839999999994, -15.601979999999912], [-69.06840999999991, -15.603509999999915], [-69.06946999999991, -15.60585999999995], [-69.06847999999991, -15.606909999999914], [-69.06731999999994, -15.607429999999908], [-69.0670399999999, -15.60892999999993], [-69.06745999999993, -15.61119999999994], [-69.06812999999994, -15.613069999999936], [-69.06896999999992, -15.613799999999912], [-69.07019999999994, -15.614029999999957], [-69.07074999999992, -15.615309999999909], [-69.07048999999995, -15.620519999999942], [-69.07191999999992, -15.623929999999916], [-69.07232999999991, -15.625709999999913], [-69.07215999999994, -15.627549999999928], [-69.07148999999993, -15.628949999999918], [-69.0712299999999, -15.630169999999907], [-69.07129999999995, -15.631709999999941], [-69.07193999999993, -15.632759999999905], [-69.07317999999992, -15.633809999999926], [-69.07494999999994, -15.634249999999952], [-69.0776899999999, -15.63438999999994], [-69.08005999999995, -15.634209999999939], [-69.08264999999994, -15.63220999999993], [-69.08441999999991, -15.631509999999935], [-69.08521999999994, -15.631479999999954], [-69.0863799999999, -15.632249999999942], [-69.08793999999995, -15.632369999999923], [-69.09077999999994, -15.63456999999994], [-69.09268999999995, -15.63396999999992], [-69.09404999999992, -15.634449999999958], [-69.09654999999992, -15.634709999999927], [-69.0971899999999, -15.635399999999947], [-69.09789999999992, -15.636979999999937], [-69.09838999999994, -15.637509999999907], [-69.09976999999992, -15.637929999999926], [-69.1010399999999, -15.63790999999992], [-69.10505999999992, -15.639679999999942], [-69.10679999999991, -15.639869999999917], [-69.10826999999995, -15.641299999999944], [-69.1089199999999, -15.641659999999945], [-69.11271999999991, -15.641829999999914], [-69.1140499999999, -15.642879999999934], [-69.11635999999993, -15.643509999999935], [-69.1172499999999, -15.643299999999954], [-69.1190499999999, -15.641809999999907], [-69.12001999999995, -15.641869999999926], [-69.12162999999993, -15.642839999999921], [-69.12377999999995, -15.645159999999919], [-69.12546999999995, -15.650119999999959], [-69.12606999999991, -15.651159999999948], [-69.12840999999992, -15.653009999999938], [-69.12910999999991, -15.655499999999904], [-69.13056999999992, -15.656679999999938], [-69.13152999999994, -15.656669999999906], [-69.13368999999994, -15.659289999999942], [-69.13450999999992, -15.66127999999992], [-69.1345399999999, -15.66238999999996], [-69.13494999999995, -15.662989999999922], [-69.13584999999995, -15.663709999999924], [-69.13672999999994, -15.664009999999905], [-69.14077999999995, -15.663689999999917], [-69.14208999999994, -15.66387999999995], [-69.14289999999994, -15.66450999999995], [-69.1443999999999, -15.666439999999909], [-69.1455699999999, -15.667209999999955], [-69.14592999999991, -15.667699999999911], [-69.14622999999995, -15.669369999999958], [-69.14603999999991, -15.670889999999929], [-69.14504999999991, -15.672809999999913], [-69.14303999999993, -15.67431999999991], [-69.14290999999992, -15.675159999999948], [-69.14312999999993, -15.678129999999953], [-69.14252999999991, -15.679389999999955], [-69.14173999999991, -15.680149999999912], [-69.14107999999993, -15.681559999999934], [-69.1407299999999, -15.681799999999953], [-69.14012999999994, -15.681289999999933], [-69.13939999999991, -15.679099999999949], [-69.13837999999993, -15.677949999999953], [-69.13772999999992, -15.677949999999953], [-69.1373299999999, -15.678199999999947], [-69.13682999999992, -15.680119999999931], [-69.13718999999992, -15.68044999999995], [-69.13855999999993, -15.680349999999919], [-69.13893999999993, -15.68088999999992], [-69.13891999999993, -15.682589999999948], [-69.13926999999995, -15.683229999999924], [-69.14051999999992, -15.684199999999919], [-69.14234999999991, -15.684719999999913], [-69.14284999999995, -15.685129999999958], [-69.14307999999994, -15.689399999999921], [-69.1440199999999, -15.690819999999917], [-69.14478999999994, -15.69312999999994], [-69.14682999999991, -15.695729999999912], [-69.14799999999991, -15.696549999999945], [-69.14951999999994, -15.696959999999933], [-69.15265999999991, -15.696629999999914], [-69.15425999999991, -15.696699999999908], [-69.15507999999994, -15.697109999999952], [-69.15660999999994, -15.69846999999993], [-69.15733999999992, -15.698669999999936], [-69.15873999999991, -15.698339999999916], [-69.16120999999993, -15.696339999999907], [-69.16245999999995, -15.695769999999925], [-69.16420999999991, -15.695959999999957], [-69.16540999999995, -15.697199999999953], [-69.16608999999994, -15.69757999999996], [-69.16815999999994, -15.69777999999991], [-69.16962999999993, -15.697289999999953], [-69.17359999999991, -15.695269999999937], [-69.17602999999991, -15.694669999999917], [-69.1773399999999, -15.694749999999942], [-69.17882999999995, -15.695169999999905], [-69.18063999999993, -15.69691999999992], [-69.1827899999999, -15.697879999999941], [-69.1859399999999, -15.698179999999923], [-69.1885299999999, -15.697629999999947], [-69.18882999999994, -15.69820999999996], [-69.18880999999993, -15.699129999999911], [-69.1876299999999, -15.700819999999908], [-69.18589999999995, -15.70443999999992], [-69.18376999999992, -15.707299999999918], [-69.18013999999994, -15.710949999999912], [-69.1774299999999, -15.712539999999933], [-69.17533999999995, -15.71324999999996], [-69.17327999999992, -15.71440999999993], [-69.17128999999994, -15.714899999999943], [-69.16764999999992, -15.716429999999946], [-69.16392999999994, -15.717159999999922], [-69.16263999999995, -15.71774999999991], [-69.16090999999994, -15.717919999999935], [-69.15821999999991, -15.718849999999918], [-69.15177999999992, -15.719589999999926], [-69.14809999999994, -15.720519999999908], [-69.1408199999999, -15.720649999999921], [-69.13472999999993, -15.72159999999991], [-69.13060999999993, -15.72168999999991], [-69.12662999999992, -15.722639999999956], [-69.11872999999991, -15.724939999999947], [-69.1142099999999, -15.727409999999907], [-69.11115999999993, -15.72849999999994], [-69.10763999999995, -15.728299999999933], [-69.10720999999995, -15.728109999999958], [-69.10684999999995, -15.72727999999995], [-69.1072299999999, -15.726969999999937], [-69.11070999999993, -15.72718999999995], [-69.1109899999999, -15.727039999999931], [-69.11045999999993, -15.724949999999922], [-69.11052999999993, -15.724069999999926], [-69.11120999999991, -15.723179999999957], [-69.1132199999999, -15.721449999999948], [-69.11460999999991, -15.719759999999951], [-69.11548999999991, -15.717789999999923], [-69.11606999999992, -15.715709999999945], [-69.1160099999999, -15.71509999999995], [-69.11548999999991, -15.714279999999917], [-69.11380999999994, -15.714449999999943], [-69.1090299999999, -15.71685999999994], [-69.1056299999999, -15.71745999999996], [-69.10495999999995, -15.71834999999993], [-69.10478999999992, -15.720219999999927], [-69.10432999999995, -15.720309999999927], [-69.10264999999993, -15.719869999999958], [-69.10190999999992, -15.720129999999926], [-69.09530999999993, -15.72655999999995], [-69.09275999999994, -15.729869999999949], [-69.08767999999992, -15.738029999999924], [-69.0869899999999, -15.739729999999952], [-69.0864699999999, -15.742599999999925], [-69.08597999999995, -15.743399999999951], [-69.0860899999999, -15.744389999999953], [-69.0853699999999, -15.74592999999993], [-69.08407999999991, -15.747479999999939], [-69.08200999999991, -15.749399999999923], [-69.08059999999995, -15.750389999999925], [-69.0786799999999, -15.751109999999926], [-69.07521999999994, -15.753799999999956], [-69.07233999999994, -15.754609999999957], [-69.07093999999995, -15.75565999999992], [-69.06967999999995, -15.75702999999993], [-69.06948999999992, -15.757919999999956], [-69.06961999999993, -15.76007999999996], [-69.06833999999992, -15.761829999999918], [-69.06767999999994, -15.763379999999927], [-69.0655799999999, -15.774079999999913], [-69.06494999999995, -15.775129999999933], [-69.0651499999999, -15.775879999999916], [-69.06405999999993, -15.779399999999953], [-69.06018999999992, -15.787649999999928], [-69.05902999999995, -15.789099999999905], [-69.05430999999993, -15.793199999999956], [-69.05401999999992, -15.79406999999992], [-69.05354999999992, -15.79448999999994], [-69.05366999999995, -15.794899999999927], [-69.05291999999992, -15.795869999999923], [-69.05092999999994, -15.797619999999938], [-69.04805999999991, -15.798569999999927], [-69.04416999999995, -15.80099999999993], [-69.04280999999992, -15.80141999999995], [-69.04185999999993, -15.801409999999919], [-69.03926999999993, -15.802559999999914], [-69.03812999999991, -15.803639999999916], [-69.0369399999999, -15.80579999999992], [-69.03437999999994, -15.806969999999922], [-69.03266999999994, -15.80857999999995], [-69.0319199999999, -15.80973999999992], [-69.03127999999992, -15.81131999999991], [-69.03010999999992, -15.812959999999919], [-69.02912999999995, -15.815719999999942], [-69.02789999999993, -15.81821999999994], [-69.02719999999994, -15.819229999999948], [-69.02561999999995, -15.82075999999995], [-69.02460999999994, -15.82248999999996], [-69.02337999999992, -15.82531999999992], [-69.0229599999999, -15.827429999999936], [-69.02052999999995, -15.834239999999909], [-69.02032999999994, -15.836999999999932], [-69.01814999999993, -15.840379999999925], [-69.01693999999992, -15.843379999999911], [-69.01559999999995, -15.849529999999959], [-69.01463999999993, -15.851629999999943], [-69.01353999999992, -15.85531999999995], [-69.01270999999991, -15.86092999999994], [-69.01195999999993, -15.862369999999942], [-69.01082999999994, -15.863619999999912], [-69.00975999999991, -15.864309999999932], [-69.00929999999994, -15.864349999999945], [-69.00896999999992, -15.864879999999914], [-69.00634999999994, -15.86546999999996], [-69.00350999999995, -15.866879999999924], [-69.00179999999995, -15.867039999999918], [-68.99999999999994, -15.866699999999923], [-68.99999999999994, -15.999999999999943], [-68.7355399999999, -15.999999999999943], [-68.73466999999994, -16.00389999999993], [-68.73443999999995, -16.007049999999936], [-68.73462999999992, -16.00929999999994], [-68.73548999999991, -16.010889999999904], [-68.73539999999991, -16.013819999999953], [-68.73564999999991, -16.01514999999995], [-68.73672999999991, -16.017649999999946], [-68.73802999999992, -16.01950999999991], [-68.73932999999994, -16.020479999999907], [-68.74228999999991, -16.02180999999996], [-68.74294999999995, -16.02242999999993], [-68.7432399999999, -16.02374999999995], [-68.7431499999999, -16.027139999999918], [-68.74331999999993, -16.028479999999945], [-68.74469999999991, -16.03230999999994], [-68.7450399999999, -16.03261999999995], [-68.74547999999993, -16.032569999999907], [-68.74621999999994, -16.031729999999925], [-68.74648999999994, -16.02744999999993], [-68.74686999999994, -16.02544999999992], [-68.74740999999995, -16.02395999999993], [-68.74873999999994, -16.02308999999991], [-68.75008999999994, -16.022899999999936], [-68.75117999999992, -16.023729999999944], [-68.75155999999993, -16.02454999999992], [-68.75122999999991, -16.02654999999993], [-68.75126999999992, -16.028809999999908], [-68.75157999999993, -16.031039999999905], [-68.75243999999992, -16.031769999999938], [-68.75405999999992, -16.031999999999925], [-68.75465999999994, -16.032329999999945], [-68.75507999999991, -16.032869999999946], [-68.7551499999999, -16.034409999999923], [-68.75610999999992, -16.03538999999995], [-68.7575599999999, -16.03606999999994], [-68.76012999999995, -16.03601999999995], [-68.76286999999991, -16.035449999999912], [-68.76429999999993, -16.034309999999948], [-68.76649999999995, -16.03355999999991], [-68.7675099999999, -16.032629999999926], [-68.76855999999992, -16.031139999999937], [-68.77030999999994, -16.026959999999917], [-68.77158999999995, -16.02600999999993], [-68.7734099999999, -16.025649999999928], [-68.77407999999991, -16.02580999999992], [-68.77587999999992, -16.02684999999991], [-68.77796999999993, -16.026869999999917], [-68.77861999999993, -16.026649999999904], [-68.77930999999995, -16.02604999999994], [-68.77957999999995, -16.024509999999907], [-68.78005999999993, -16.02347999999995], [-68.78073999999992, -16.022569999999916], [-68.78168999999991, -16.02192999999994], [-68.78351999999995, -16.02164999999991], [-68.7852499999999, -16.022769999999923], [-68.78637999999995, -16.022859999999923], [-68.78766999999993, -16.021259999999927], [-68.79000999999994, -16.017609999999934], [-68.79226999999992, -16.015639999999905], [-68.79379999999992, -16.014629999999954], [-68.79564999999991, -16.014429999999948], [-68.79611999999992, -16.01392999999996], [-68.79702999999995, -16.01377999999994], [-68.8010099999999, -16.015009999999904], [-68.80331999999993, -16.014709999999923], [-68.80507999999992, -16.01526999999993], [-68.80694999999992, -16.015319999999917], [-68.80965999999995, -16.01463999999993], [-68.81158999999991, -16.013849999999934], [-68.81720999999993, -16.00980999999996], [-68.81811999999991, -16.009729999999934], [-68.81918999999994, -16.010179999999934], [-68.82024999999993, -16.011049999999955], [-68.82119999999992, -16.012329999999906], [-68.82110999999992, -16.013219999999933], [-68.8205099999999, -16.014169999999922], [-68.82035999999994, -16.016419999999925], [-68.8205299999999, -16.01866999999993], [-68.82109999999994, -16.01989999999995], [-68.82324999999992, -16.022579999999948], [-68.8246299999999, -16.023789999999906], [-68.82626999999991, -16.02464999999995], [-68.83037999999993, -16.026259999999922], [-68.8317899999999, -16.027069999999924], [-68.83348999999993, -16.028929999999946], [-68.83417999999995, -16.03034999999994], [-68.83418999999992, -16.03508999999991], [-68.8351199999999, -16.038809999999955], [-68.83514999999994, -16.041739999999947], [-68.83418999999992, -16.043519999999944], [-68.83298999999994, -16.05132999999995], [-68.83157999999992, -16.053109999999947], [-68.83066999999994, -16.05311999999992], [-68.82893999999993, -16.054619999999943], [-68.82852999999994, -16.055659999999932], [-68.8288399999999, -16.05696999999992], [-68.82916999999992, -16.05726999999996], [-68.83031999999992, -16.05743999999993], [-68.83098999999993, -16.05726999999996], [-68.83186999999992, -16.056539999999927], [-68.83346999999992, -16.056679999999915], [-68.83603999999991, -16.05955999999992], [-68.83672999999993, -16.059669999999926], [-68.83926999999994, -16.05937999999992], [-68.83967999999993, -16.05956999999995], [-68.83997999999991, -16.060179999999946], [-68.84050999999994, -16.063069999999925], [-68.84123999999991, -16.06391999999994], [-68.84169999999995, -16.063939999999945], [-68.84321999999992, -16.063389999999913], [-68.84457999999995, -16.06367999999992], [-68.84555999999992, -16.06308999999993], [-68.84703999999994, -16.06308999999993], [-68.85498999999993, -16.067399999999907], [-68.85590999999994, -16.06809999999996], [-68.85636999999991, -16.068869999999947], [-68.8562399999999, -16.06997999999993], [-68.85516999999993, -16.071449999999913], [-68.85493999999994, -16.07254999999992], [-68.8551799999999, -16.07364999999993], [-68.85626999999994, -16.075119999999913], [-68.85737999999992, -16.075429999999926], [-68.85914999999994, -16.073659999999904], [-68.85996999999992, -16.073259999999948], [-68.86111999999991, -16.073419999999942], [-68.86187999999993, -16.07394999999991], [-68.8624999999999, -16.073669999999936], [-68.86551999999995, -16.073959999999943], [-68.86596999999995, -16.07385999999991], [-68.86682999999994, -16.07310999999993], [-68.86821999999995, -16.07295999999991], [-68.8691399999999, -16.07310999999993], [-68.87052999999992, -16.073939999999936], [-68.87098999999995, -16.07400999999993], [-68.87182999999993, -16.073659999999904], [-68.87224999999995, -16.073129999999935], [-68.87164999999993, -16.06731999999994], [-68.87134999999995, -16.067039999999906], [-68.86858999999993, -16.06671999999992], [-68.8674299999999, -16.065959999999905], [-68.86665999999991, -16.065119999999922], [-68.86607999999995, -16.063879999999926], [-68.86572999999993, -16.06233999999995], [-68.86565999999993, -16.058729999999912], [-68.86540999999994, -16.057629999999904], [-68.86477999999994, -16.056689999999946], [-68.86244999999991, -16.054469999999924], [-68.86208999999991, -16.052949999999953], [-68.86103999999995, -16.052059999999926], [-68.86086999999992, -16.051639999999907], [-68.86090999999993, -16.049629999999922], [-68.8614399999999, -16.047899999999913], [-68.86209999999994, -16.04669999999993], [-68.86325999999991, -16.045989999999904], [-68.86557999999991, -16.04583999999994], [-68.86721999999992, -16.04666999999995], [-68.8683299999999, -16.04782999999992], [-68.86894999999993, -16.04950999999994], [-68.86908999999991, -16.05334999999991], [-68.86954999999995, -16.055319999999938], [-68.87166999999994, -16.058289999999943], [-68.87437999999992, -16.061099999999954], [-68.87579999999991, -16.062269999999955], [-68.87706999999995, -16.062839999999937], [-68.88055999999995, -16.063019999999938], [-68.88169999999991, -16.06326999999993], [-68.88263999999992, -16.06391999999994], [-68.88436999999993, -16.065749999999923], [-68.88517999999993, -16.066199999999924], [-68.88769999999994, -16.065849999999955], [-68.88899999999995, -16.066319999999905], [-68.89085999999992, -16.068329999999946], [-68.89389999999992, -16.074919999999906], [-68.89539999999994, -16.076319999999953], [-68.89652999999993, -16.07644999999991], [-68.89900999999992, -16.07409999999993], [-68.90084999999993, -16.074079999999924], [-68.90348999999992, -16.072659999999928], [-68.90418999999991, -16.072729999999922], [-68.9047799999999, -16.073069999999916], [-68.90510999999992, -16.078239999999937], [-68.90489999999994, -16.08388999999994], [-68.90440999999993, -16.084899999999948], [-68.9031599999999, -16.085869999999943], [-68.90106999999995, -16.08588999999995], [-68.89742999999993, -16.087419999999952], [-68.89570999999995, -16.088579999999922], [-68.89336999999995, -16.090789999999913], [-68.8914299999999, -16.09155999999996], [-68.8900099999999, -16.092739999999935], [-68.88933999999995, -16.093659999999943], [-68.88834999999995, -16.097839999999906], [-68.8877799999999, -16.10367999999994], [-68.88800999999995, -16.104049999999916], [-68.88890999999995, -16.104289999999935], [-68.88986999999992, -16.10370999999992], [-68.89056999999991, -16.103609999999946], [-68.89195999999993, -16.103719999999953], [-68.89252999999991, -16.10409999999996], [-68.89284999999995, -16.104689999999948], [-68.89302999999995, -16.106259999999907], [-68.89242999999993, -16.10794999999996], [-68.89114999999993, -16.109839999999906], [-68.88970999999992, -16.11131999999992], [-68.88567999999992, -16.113609999999937], [-68.88343999999995, -16.115569999999934], [-68.88260999999994, -16.11692999999991], [-68.88187999999991, -16.11883999999992], [-68.88154999999995, -16.12014999999991], [-68.88151999999991, -16.122409999999945], [-68.88114999999993, -16.12322999999992], [-68.87930999999992, -16.124949999999956], [-68.87597999999991, -16.12701999999996], [-68.87376999999992, -16.129039999999918], [-68.87301999999994, -16.13017999999994], [-68.87194999999991, -16.132919999999956], [-68.86975999999993, -16.134549999999933], [-68.86748999999992, -16.138999999999953], [-68.8648399999999, -16.14270999999991], [-68.86441999999994, -16.145149999999944], [-68.86453999999992, -16.148989999999912], [-68.86544999999995, -16.151779999999917], [-68.8671599999999, -16.15498999999994], [-68.86756999999994, -16.157209999999907], [-68.86754999999994, -16.159469999999942], [-68.86647999999991, -16.163619999999923], [-68.8657399999999, -16.165529999999933], [-68.86457999999993, -16.166929999999923], [-68.86435999999992, -16.16871999999995], [-68.86387999999994, -16.169479999999908], [-68.86275999999992, -16.17028999999991], [-68.86189999999993, -16.17062999999996], [-68.86122999999992, -16.17052999999993], [-68.8607199999999, -16.17005999999992], [-68.8608099999999, -16.169439999999952], [-68.8621599999999, -16.16853999999995], [-68.86252999999994, -16.167989999999918], [-68.86256999999995, -16.16685999999993], [-68.86219999999992, -16.16462999999993], [-68.8612599999999, -16.163169999999923], [-68.8603599999999, -16.16244999999992], [-68.85888999999992, -16.16175999999996], [-68.85661999999991, -16.161239999999907], [-68.8555199999999, -16.16041999999993], [-68.85538999999994, -16.159779999999955], [-68.85620999999992, -16.158159999999953], [-68.8563499999999, -16.157039999999938], [-68.85609999999991, -16.156419999999912], [-68.8552699999999, -16.156019999999955], [-68.85411999999991, -16.15605999999991], [-68.85263999999995, -16.156729999999925], [-68.84929999999991, -16.159859999999924], [-68.84698999999995, -16.160109999999918], [-68.84615999999994, -16.160519999999906], [-68.84589999999992, -16.160889999999938], [-68.8464899999999, -16.164209999999912], [-68.84645999999992, -16.165109999999913], [-68.8447799999999, -16.168819999999926], [-68.84437999999994, -16.17056999999994], [-68.84516999999994, -16.171949999999924], [-68.84665999999993, -16.173689999999908], [-68.85036999999994, -16.17676999999992], [-68.85073999999992, -16.178069999999934], [-68.8507699999999, -16.180549999999926], [-68.85041999999993, -16.18184999999994], [-68.84958999999992, -16.18321999999995], [-68.84435999999994, -16.188999999999908], [-68.84266999999994, -16.19115999999991], [-68.84230999999994, -16.192229999999938], [-68.84233999999992, -16.193349999999953], [-68.84303999999992, -16.19476999999995], [-68.84431999999993, -16.196089999999913], [-68.84741999999994, -16.197629999999947], [-68.84867999999994, -16.198639999999955], [-68.8490799999999, -16.199449999999956], [-68.8492599999999, -16.201919999999916], [-68.8496199999999, -16.20249999999993], [-68.85020999999995, -16.202839999999924], [-68.85158999999993, -16.203059999999937], [-68.85345999999993, -16.203109999999924], [-68.85458999999992, -16.202819999999917], [-68.85502999999994, -16.202939999999955], [-68.8555199999999, -16.203409999999906], [-68.85576999999995, -16.205869999999948], [-68.8555399999999, -16.206509999999923], [-68.8545499999999, -16.20775999999995], [-68.84980999999993, -16.212119999999913], [-68.84739999999994, -16.21572999999995], [-68.84615999999994, -16.21706999999992], [-68.84264999999994, -16.219289999999944], [-68.83850999999993, -16.22085999999996], [-68.83602999999994, -16.223229999999944], [-68.83451999999994, -16.223819999999932], [-68.8325099999999, -16.22219999999993], [-68.83122999999995, -16.221679999999935], [-68.82985999999994, -16.22189999999995], [-68.82653999999991, -16.223549999999932], [-68.8256199999999, -16.223439999999925], [-68.82506999999993, -16.223049999999944], [-68.82474999999994, -16.22150999999991], [-68.82503999999994, -16.220669999999927], [-68.82574999999991, -16.220089999999914], [-68.82880999999992, -16.21843999999993], [-68.82926999999995, -16.217939999999942], [-68.82945999999993, -16.217289999999934], [-68.8291299999999, -16.215759999999932], [-68.82600999999994, -16.212399999999946], [-68.8250799999999, -16.211109999999906], [-68.82483999999994, -16.21001999999993], [-68.82524999999993, -16.207799999999907], [-68.82517999999993, -16.206909999999937], [-68.82398999999992, -16.20583999999991], [-68.82283999999993, -16.205679999999916], [-68.81784999999991, -16.20757999999995], [-68.81668999999994, -16.20751999999993], [-68.81587999999994, -16.207089999999937], [-68.81494999999995, -16.204779999999914], [-68.81458999999995, -16.20300999999995], [-68.81477999999993, -16.192849999999908], [-68.81436999999994, -16.188799999999958], [-68.81389999999993, -16.18658999999991], [-68.81310999999994, -16.185209999999927], [-68.81096999999994, -16.183139999999923], [-68.80694999999992, -16.180509999999913], [-68.80545999999993, -16.179859999999906], [-68.8038499999999, -16.17999999999995], [-68.80210999999991, -16.18142999999992], [-68.79883999999993, -16.18127999999996], [-68.79165999999992, -16.18035999999995], [-68.78814999999992, -16.180189999999925], [-68.78604999999993, -16.180329999999913], [-68.78496999999993, -16.18115999999992], [-68.78310999999991, -16.181199999999933], [-68.78159999999991, -16.181779999999947], [-68.7778899999999, -16.181359999999927], [-68.77672999999993, -16.181449999999927], [-68.77617999999995, -16.18183999999991], [-68.77554999999995, -16.183539999999937], [-68.77512999999993, -16.184069999999906], [-68.77341999999993, -16.18479999999994], [-68.76891999999992, -16.186019999999928], [-68.76721999999995, -16.186779999999942], [-68.75952999999993, -16.191509999999937], [-68.75776999999994, -16.192099999999925], [-68.75491999999991, -16.19365999999991], [-68.7488899999999, -16.19793999999996], [-68.74706999999995, -16.19894999999991], [-68.74553999999995, -16.19950999999992], [-68.74392999999992, -16.199739999999906], [-68.74183999999991, -16.199499999999944], [-68.73734999999994, -16.197649999999953], [-68.73269999999991, -16.19796999999994], [-68.73120999999992, -16.197379999999953], [-68.72817999999995, -16.19745999999992], [-68.7274099999999, -16.19792999999993], [-68.72396999999995, -16.201319999999953], [-68.72185999999994, -16.20273999999995], [-68.72010999999992, -16.20335999999992], [-68.71390999999994, -16.204489999999907], [-68.71105999999992, -16.20548999999994], [-68.70991999999995, -16.206909999999937], [-68.70927999999992, -16.20921999999996], [-68.70857999999993, -16.21037999999993], [-68.70700999999991, -16.211349999999925], [-68.70524999999992, -16.21195999999992], [-68.70342999999991, -16.212369999999908], [-68.70085999999992, -16.212479999999914], [-68.69922999999994, -16.21237999999994], [-68.69797999999992, -16.211799999999926], [-68.69517999999994, -16.211729999999932], [-68.69296999999995, -16.212439999999958], [-68.68781999999993, -16.21461999999991], [-68.68558999999993, -16.215289999999925], [-68.68326999999994, -16.215559999999925], [-68.67835999999994, -16.215619999999944], [-68.6762799999999, -16.21590999999995], [-68.67253999999991, -16.218189999999936], [-68.67118999999991, -16.21789999999993], [-68.66982999999993, -16.21816999999993], [-68.66500999999994, -16.217329999999947], [-68.6638999999999, -16.21765999999991], [-68.66237999999993, -16.21870999999993], [-68.6595999999999, -16.218759999999918], [-68.6579999999999, -16.219649999999945], [-68.65568999999994, -16.219359999999938], [-68.65354999999994, -16.218489999999917], [-68.6472599999999, -16.21894999999995], [-68.64633999999995, -16.21879999999993], [-68.64489999999995, -16.218069999999955], [-68.64337999999992, -16.216659999999933], [-68.6398099999999, -16.211909999999932], [-68.6382099999999, -16.210269999999923], [-68.63317999999992, -16.20739999999995], [-68.63171999999992, -16.206279999999936], [-68.63108999999992, -16.20533999999992], [-68.6298999999999, -16.201689999999928], [-68.62789999999995, -16.199809999999957], [-68.62607999999994, -16.198789999999917], [-68.62472999999994, -16.198449999999923], [-68.62238999999994, -16.19846999999993], [-68.62142999999992, -16.19906999999995], [-68.61935999999992, -16.199379999999906], [-68.61768999999993, -16.200609999999926], [-68.61680999999993, -16.200869999999952], [-68.61611999999991, -16.20073999999994], [-68.61472999999995, -16.199919999999906], [-68.61290999999994, -16.19960999999995], [-68.61174999999992, -16.19819999999993], [-68.61023999999992, -16.198779999999942], [-68.6091199999999, -16.198509999999942], [-68.60877999999991, -16.197949999999935], [-68.60968999999994, -16.19665999999995], [-68.6094799999999, -16.19625999999994], [-68.60880999999995, -16.196089999999913], [-68.6076799999999, -16.19629999999995], [-68.60581999999994, -16.197629999999947], [-68.6031099999999, -16.197049999999933], [-68.60147999999992, -16.19714999999991], [-68.60046999999992, -16.19763999999992], [-68.60018999999994, -16.19849999999991], [-68.60019999999992, -16.204819999999927], [-68.59959999999995, -16.20575999999994], [-68.59975999999995, -16.207329999999956], [-68.59960999999993, -16.20798999999994], [-68.59773999999993, -16.210299999999904], [-68.59533999999991, -16.212449999999933], [-68.59472999999991, -16.212759999999946], [-68.59309999999994, -16.21285999999992], [-68.59257999999994, -16.213299999999947], [-68.59139999999991, -16.216729999999927], [-68.59045999999995, -16.217709999999954], [-68.59015999999991, -16.219709999999907], [-68.58953999999994, -16.220369999999946], [-68.58895999999993, -16.22324999999995], [-68.5868099999999, -16.228249999999946], [-68.58593999999994, -16.228959999999915], [-68.58453999999995, -16.22882999999996], [-68.58413999999993, -16.22902999999991], [-68.58262999999994, -16.23157999999995], [-68.5819899999999, -16.232219999999927], [-68.58035999999993, -16.23233999999991], [-68.5797399999999, -16.23261999999994], [-68.57862999999992, -16.235809999999958], [-68.57629999999995, -16.239729999999952], [-68.57614999999993, -16.242379999999912], [-68.57490999999993, -16.24339999999995], [-68.57217999999995, -16.244689999999935], [-68.57118999999994, -16.245639999999923], [-68.5704399999999, -16.24678999999992], [-68.57001999999994, -16.248309999999947], [-68.57002999999992, -16.25010999999995], [-68.57117999999991, -16.25204999999994], [-68.57132999999993, -16.253619999999955], [-68.57119999999992, -16.254279999999937], [-68.5706199999999, -16.25493999999992], [-68.57066999999995, -16.25786999999991], [-68.56937999999991, -16.25905999999992], [-68.56952999999993, -16.25947999999994], [-68.57121999999993, -16.261349999999936], [-68.57184999999993, -16.263039999999933], [-68.57126999999991, -16.26367999999991], [-68.56963999999994, -16.263649999999927], [-68.56871999999993, -16.26428999999996], [-68.56812999999994, -16.266239999999925], [-68.5680099999999, -16.268039999999928], [-68.56880999999993, -16.268809999999917], [-68.57282999999995, -16.270629999999926], [-68.57512999999994, -16.272859999999923], [-68.57628999999991, -16.275579999999934], [-68.57661999999993, -16.276889999999923], [-68.57622999999995, -16.281609999999944], [-68.57634999999993, -16.282959999999946], [-68.57698999999991, -16.28388999999993], [-68.5784999999999, -16.284959999999955], [-68.57917999999995, -16.284989999999937], [-68.58052999999995, -16.283439999999928], [-68.58110999999991, -16.282209999999907], [-68.58122999999995, -16.281309999999905], [-68.58098999999993, -16.279069999999933], [-68.58048999999994, -16.277569999999912], [-68.58041999999995, -16.275989999999922], [-68.58070999999995, -16.27490999999992], [-68.5813599999999, -16.274709999999914], [-68.58363999999995, -16.27520999999996], [-68.58469999999994, -16.27567999999991], [-68.58657999999991, -16.277019999999936], [-68.58789999999993, -16.278299999999945], [-68.58877999999993, -16.27962999999994], [-68.58936999999992, -16.281099999999924], [-68.5894199999999, -16.28469999999993], [-68.59035999999992, -16.285669999999925], [-68.59103999999991, -16.285719999999912], [-68.59175999999991, -16.285199999999918], [-68.59114999999991, -16.280739999999923], [-68.59143999999992, -16.280149999999935], [-68.59225999999995, -16.279739999999947], [-68.59365999999994, -16.27970999999991], [-68.5947799999999, -16.28003999999993], [-68.59701999999993, -16.28198999999995], [-68.59746999999993, -16.281949999999938], [-68.59858999999994, -16.281139999999937], [-68.59972999999991, -16.28111999999993], [-68.60071999999991, -16.282369999999958], [-68.60126999999994, -16.283849999999916], [-68.60183999999992, -16.28878999999995], [-68.60180999999994, -16.29329999999993], [-68.60145999999992, -16.294139999999913], [-68.60064999999992, -16.29523999999992], [-68.59757999999994, -16.297679999999957], [-68.59677999999991, -16.29877999999991], [-68.59650999999991, -16.30009999999993], [-68.59652999999992, -16.303939999999955], [-68.59554999999995, -16.30717999999996], [-68.59499999999991, -16.307549999999935], [-68.59422999999992, -16.307079999999928], [-68.59447999999992, -16.305779999999913], [-68.59442999999993, -16.304419999999936], [-68.59406999999993, -16.303129999999953], [-68.59340999999995, -16.302949999999953], [-68.59282999999994, -16.303299999999922], [-68.59153999999995, -16.30692999999991], [-68.5897599999999, -16.310109999999952], [-68.58828999999992, -16.31185999999991], [-68.58436999999992, -16.315069999999935], [-68.58321999999993, -16.31761999999992], [-68.58128999999991, -16.318879999999922], [-68.58070999999995, -16.31958999999995], [-68.58055999999993, -16.321359999999913], [-68.58179999999993, -16.323519999999917], [-68.5818799999999, -16.324419999999918], [-68.58164999999991, -16.32528999999994], [-68.58053999999993, -16.326079999999934], [-68.5776699999999, -16.32704999999993], [-68.57731999999993, -16.327609999999936], [-68.5774199999999, -16.32848999999993], [-68.57799999999992, -16.32881999999995], [-68.58593999999994, -16.328519999999912], [-68.58785999999992, -16.329339999999945], [-68.58900999999992, -16.329479999999933], [-68.5896699999999, -16.32925999999992], [-68.59060999999991, -16.328259999999943], [-68.59127999999993, -16.328149999999937], [-68.59361999999993, -16.32917999999995], [-68.59751999999992, -16.332059999999956], [-68.60084999999992, -16.333699999999908], [-68.60237999999993, -16.334269999999947], [-68.60421999999994, -16.33457999999996], [-68.60870999999992, -16.336499999999944], [-68.60980999999992, -16.336229999999944], [-68.61211999999995, -16.336569999999938], [-68.6141399999999, -16.335999999999956], [-68.61655999999994, -16.334649999999954], [-68.6226299999999, -16.329339999999945], [-68.6246999999999, -16.32785999999993], [-68.62887999999992, -16.32644999999991], [-68.63026999999994, -16.32639999999992], [-68.63098999999994, -16.326929999999948], [-68.63082999999995, -16.328249999999912], [-68.6262999999999, -16.33370999999994], [-68.62580999999994, -16.335669999999936], [-68.62598999999994, -16.33677999999992], [-68.62747999999993, -16.338199999999915], [-68.62932999999992, -16.33817999999991], [-68.63084999999995, -16.33758999999992], [-68.63223999999991, -16.336749999999938], [-68.63413999999995, -16.335069999999916], [-68.63681999999994, -16.332229999999925], [-68.63804999999991, -16.330589999999916], [-68.63822999999991, -16.32973999999996], [-68.63916999999992, -16.32872999999995], [-68.64028999999994, -16.32791999999995], [-68.64281999999992, -16.326749999999947], [-68.64646999999991, -16.322649999999953], [-68.64978999999994, -16.320149999999956], [-68.6531599999999, -16.318109999999933], [-68.65425999999991, -16.317739999999958], [-68.6556599999999, -16.317789999999945], [-68.65780999999993, -16.319129999999916], [-68.6587199999999, -16.319309999999916], [-68.65937999999994, -16.319099999999935], [-68.66061999999994, -16.318079999999952], [-68.66172999999992, -16.31771999999995], [-68.66357999999991, -16.317469999999958], [-68.66658999999993, -16.317599999999914], [-68.66956999999991, -16.315809999999942], [-68.67714999999993, -16.31012999999996], [-68.68108999999993, -16.307699999999954], [-68.68242999999995, -16.307329999999922], [-68.6859399999999, -16.30744999999996], [-68.68731999999994, -16.30725999999993], [-68.68877999999995, -16.30654999999996], [-68.69101999999992, -16.30457999999993], [-68.69214999999991, -16.304329999999936], [-68.69492999999994, -16.304649999999924], [-68.69641999999993, -16.305729999999926], [-68.6966799999999, -16.306809999999928], [-68.69612999999993, -16.308049999999923], [-68.69458999999995, -16.310029999999927], [-68.69330999999994, -16.311349999999948], [-68.69055999999995, -16.313449999999932], [-68.68964999999992, -16.314749999999947], [-68.68939999999992, -16.316079999999943], [-68.68945999999994, -16.317659999999933], [-68.68976999999995, -16.32012999999995], [-68.69033999999994, -16.321099999999944], [-68.68975999999992, -16.324439999999925], [-68.69004999999993, -16.325019999999938], [-68.69136999999995, -16.325449999999933], [-68.69227999999993, -16.325389999999913], [-68.69306999999992, -16.324559999999906], [-68.69538999999992, -16.323519999999917], [-68.6977599999999, -16.321429999999907], [-68.70072999999991, -16.321989999999914], [-68.70099999999991, -16.321159999999907], [-68.70204999999993, -16.320259999999905], [-68.7026899999999, -16.319999999999936], [-68.7080699999999, -16.319989999999905], [-68.7115599999999, -16.320349999999905], [-68.71425999999991, -16.32105999999993], [-68.71605999999991, -16.322109999999952], [-68.71719999999993, -16.32323999999994], [-68.7177999999999, -16.324449999999956], [-68.7177999999999, -16.32669999999996], [-68.71750999999995, -16.327789999999936], [-68.71607999999992, -16.330089999999927], [-68.71652999999992, -16.33110999999991], [-68.71721999999994, -16.331689999999924], [-68.7197799999999, -16.331539999999904], [-68.7217599999999, -16.330879999999922], [-68.72262999999992, -16.33012999999994], [-68.72439999999995, -16.327749999999924], [-68.72581999999994, -16.326979999999935], [-68.72719999999993, -16.32677999999993], [-68.72812999999991, -16.326919999999916], [-68.7300899999999, -16.328109999999924], [-68.73090999999994, -16.329199999999958], [-68.73101999999994, -16.330529999999953], [-68.72935999999993, -16.33238999999992], [-68.72838999999993, -16.334199999999953], [-68.72760999999991, -16.336569999999938], [-68.7268499999999, -16.337699999999927], [-68.72600999999992, -16.338029999999947], [-68.72374999999994, -16.337479999999914], [-68.7228199999999, -16.33749999999992], [-68.72152999999992, -16.338029999999947], [-68.72045999999995, -16.338889999999935], [-68.72024999999991, -16.34044999999992], [-68.72038999999995, -16.344279999999912], [-68.72012999999993, -16.34560999999991], [-68.71821999999992, -16.348709999999926], [-68.71669999999995, -16.34970999999996], [-68.71413999999993, -16.34964999999994], [-68.71141999999992, -16.349009999999907], [-68.70934999999992, -16.347189999999955], [-68.70841999999993, -16.345899999999915], [-68.70844999999991, -16.344779999999957], [-68.70900999999992, -16.343539999999905], [-68.7100099999999, -16.34200999999996], [-68.71148999999991, -16.340569999999957], [-68.71359999999993, -16.336049999999943], [-68.71343999999993, -16.334729999999922], [-68.71248999999995, -16.33376999999996], [-68.70865999999995, -16.334589999999935], [-68.70598999999993, -16.333219999999926], [-68.70111999999995, -16.333399999999926], [-68.69867999999991, -16.332619999999906], [-68.69664999999992, -16.331489999999917], [-68.69526999999994, -16.331309999999917], [-68.69320999999991, -16.33275999999995], [-68.6883499999999, -16.33732999999995], [-68.6858499999999, -16.33898999999991], [-68.68447999999995, -16.33913999999993], [-68.68081999999993, -16.338389999999947], [-68.67918999999995, -16.338439999999935], [-68.67806999999993, -16.338759999999922], [-68.67732999999993, -16.33985999999993], [-68.67736999999994, -16.345719999999915], [-68.67708999999991, -16.34633999999994], [-68.67587999999995, -16.347399999999936], [-68.67552999999992, -16.34797999999995], [-68.67512999999991, -16.349969999999928], [-68.67530999999991, -16.351989999999944], [-68.67588999999992, -16.35295999999994], [-68.67729999999995, -16.354139999999916], [-68.68108999999993, -16.35525999999993], [-68.68215999999995, -16.35611999999992], [-68.68436999999994, -16.359309999999937], [-68.68583999999993, -16.36187999999993], [-68.68607999999995, -16.362739999999917], [-68.6857599999999, -16.36381999999992], [-68.68464999999992, -16.36525999999992], [-68.6832399999999, -16.366019999999935], [-68.68160999999992, -16.36593999999991], [-68.67935999999992, -16.36534999999992], [-68.6768899999999, -16.364079999999944], [-68.6710599999999, -16.359189999999955], [-68.66966999999994, -16.358369999999923], [-68.66852999999992, -16.358279999999922], [-68.66772999999995, -16.359069999999917], [-68.66763999999995, -16.360629999999958], [-68.66793999999993, -16.361489999999947], [-68.66952999999995, -16.363719999999944], [-68.67031999999995, -16.365359999999953], [-68.67076999999995, -16.367569999999944], [-68.6705399999999, -16.368889999999908], [-68.66931999999991, -16.370249999999942], [-68.66772999999995, -16.371189999999956], [-68.6661499999999, -16.370849999999905], [-68.66272999999995, -16.369399999999928], [-68.66189999999995, -16.36976999999996], [-68.66063999999994, -16.37128999999993], [-68.6613999999999, -16.37316999999996], [-68.66419999999994, -16.375899999999945], [-68.66501999999991, -16.37698999999992], [-68.66630999999995, -16.381089999999915], [-68.66691999999995, -16.382309999999904], [-68.66982999999993, -16.385239999999953], [-68.67112999999995, -16.387119999999925], [-68.67166999999995, -16.38883999999996], [-68.67207999999994, -16.39333999999991], [-68.67270999999994, -16.394769999999937], [-68.67369999999994, -16.395369999999957], [-68.6752699999999, -16.395829999999933], [-68.67853999999994, -16.395909999999958], [-68.6796799999999, -16.396129999999914], [-68.6801999999999, -16.396579999999915], [-68.6807599999999, -16.397569999999916], [-68.68108999999993, -16.399329999999907], [-68.68192999999991, -16.40008999999992], [-68.68354999999991, -16.40011999999996], [-68.68556999999993, -16.398999999999944], [-68.6871799999999, -16.39877999999993], [-68.68917999999991, -16.399349999999913], [-68.68972999999994, -16.399779999999907], [-68.6900599999999, -16.400369999999953], [-68.68993999999992, -16.402369999999905], [-68.68886999999995, -16.40354999999994], [-68.68872999999991, -16.403979999999933], [-68.68877999999995, -16.407799999999952], [-68.68644999999992, -16.411709999999914], [-68.68610999999993, -16.416189999999915], [-68.68427999999994, -16.41983999999991], [-68.68435999999991, -16.421629999999936], [-68.6855799999999, -16.424309999999934], [-68.68553999999995, -16.425649999999905], [-68.68484999999993, -16.42622999999992], [-68.68212999999992, -16.426889999999958], [-68.68106999999992, -16.42736999999994], [-68.68015999999994, -16.428389999999922], [-68.6791399999999, -16.430419999999913], [-68.67901999999992, -16.43243999999993], [-68.68022999999994, -16.435109999999952], [-68.67993999999993, -16.437349999999924], [-68.68023999999991, -16.439689999999928], [-68.68137999999993, -16.43942999999996], [-68.68259999999992, -16.438389999999913], [-68.68306999999993, -16.43760999999995], [-68.68353999999994, -16.43586999999991], [-68.68402999999995, -16.435389999999927], [-68.68774999999994, -16.435059999999908], [-68.69039999999995, -16.434169999999938], [-68.69241999999991, -16.43303999999995], [-68.69573999999994, -16.429869999999937], [-68.69751999999994, -16.42775999999992], [-68.69798999999995, -16.426489999999944], [-68.6988199999999, -16.425709999999924], [-68.6997399999999, -16.425569999999936], [-68.7039299999999, -16.425869999999918], [-68.7064299999999, -16.424699999999916], [-68.70735999999994, -16.424789999999916], [-68.7086799999999, -16.425259999999923], [-68.70933999999994, -16.426159999999925], [-68.7115399999999, -16.42691999999994], [-68.7120799999999, -16.427349999999933], [-68.71284999999995, -16.428739999999948], [-68.71312999999992, -16.429599999999937], [-68.71313999999995, -16.433209999999917], [-68.71357999999992, -16.435199999999952], [-68.71424999999994, -16.43637999999993], [-68.71570999999994, -16.437029999999936], [-68.71657999999991, -16.436749999999904], [-68.71936999999991, -16.43697999999995], [-68.72163999999992, -16.43584999999996], [-68.72224999999992, -16.434909999999945], [-68.72363999999993, -16.430839999999932], [-68.7249799999999, -16.429299999999955], [-68.7254299999999, -16.429199999999923], [-68.7263299999999, -16.42945999999995], [-68.72825999999992, -16.430689999999913], [-68.73223999999993, -16.43062999999995], [-68.73640999999992, -16.43007999999992], [-68.73702999999995, -16.42975999999993], [-68.73781999999994, -16.428939999999955], [-68.7383099999999, -16.42766999999992], [-68.73917999999992, -16.426619999999957], [-68.73978999999991, -16.426279999999906], [-68.74183999999991, -16.42584999999991], [-68.74480999999992, -16.422989999999913], [-68.74628999999993, -16.422349999999938], [-68.74860999999993, -16.422069999999906], [-68.75164999999993, -16.42211999999995], [-68.75485999999995, -16.422729999999945], [-68.75959999999992, -16.42465999999996], [-68.76540999999992, -16.428019999999947], [-68.77007999999995, -16.429529999999943], [-68.77400999999992, -16.430049999999937], [-68.77681999999993, -16.430019999999956], [-68.77724999999992, -16.429869999999937], [-68.7775499999999, -16.429259999999942], [-68.7779999999999, -16.426609999999926], [-68.77834999999993, -16.426309999999944], [-68.77949999999993, -16.426129999999944], [-68.7811299999999, -16.426259999999957], [-68.78237999999993, -16.42757999999992], [-68.78280999999993, -16.42771999999991], [-68.78505999999993, -16.427109999999914], [-68.78689999999995, -16.42739999999992], [-68.78944999999993, -16.427069999999958], [-68.79057999999992, -16.427349999999933], [-68.79399999999993, -16.428779999999904], [-68.79633999999993, -16.428789999999935], [-68.79860999999994, -16.428249999999935], [-68.80054999999993, -16.427019999999914], [-68.80184999999994, -16.42542999999995], [-68.80252999999993, -16.423509999999908], [-68.80280999999991, -16.420139999999947], [-68.80327999999992, -16.419649999999933], [-68.8039599999999, -16.41951999999992], [-68.80464999999992, -16.41963999999996], [-68.80513999999994, -16.420099999999934], [-68.80523999999991, -16.421899999999937], [-68.80550999999991, -16.42250999999993], [-68.80822999999992, -16.423079999999914], [-68.81099999999992, -16.424759999999935], [-68.81232999999992, -16.425169999999923], [-68.81396999999993, -16.42524999999995], [-68.81558999999993, -16.425019999999904], [-68.81636999999995, -16.42393999999996], [-68.81680999999992, -16.42377999999991], [-68.81820999999991, -16.42386999999991], [-68.81945999999994, -16.424449999999922], [-68.82060999999993, -16.42432999999994], [-68.8213199999999, -16.423749999999927], [-68.82279999999992, -16.421719999999937], [-68.82364999999993, -16.421409999999923], [-68.8245599999999, -16.421599999999955], [-68.8250999999999, -16.422019999999918], [-68.82541999999995, -16.422619999999938], [-68.82564999999994, -16.424399999999935], [-68.82625999999993, -16.42506999999995], [-68.82706999999994, -16.425539999999955], [-68.82911999999993, -16.425869999999918], [-68.83240999999992, -16.424719999999922], [-68.83356999999995, -16.42465999999996], [-68.83553999999992, -16.42584999999991], [-68.83692999999994, -16.425749999999937], [-68.83735999999993, -16.425899999999956], [-68.83920999999992, -16.427919999999915], [-68.83988999999991, -16.42784999999992], [-68.84068999999994, -16.427029999999945], [-68.84136999999993, -16.42686999999995], [-68.8429999999999, -16.426979999999958], [-68.84570999999994, -16.42769999999996], [-68.8470999999999, -16.427839999999946], [-68.84941999999995, -16.42751999999996], [-68.85133999999994, -16.426699999999926], [-68.85248999999993, -16.426559999999938], [-68.85434999999995, -16.426789999999926], [-68.85832999999991, -16.427779999999927], [-68.85977999999994, -16.426299999999912], [-68.86060999999995, -16.425949999999943], [-68.8642099999999, -16.42802999999992], [-68.8652899999999, -16.42843999999991], [-68.86667999999992, -16.42831999999993], [-68.86819999999994, -16.427749999999946], [-68.8744999999999, -16.428039999999953], [-68.8749499999999, -16.427919999999915], [-68.87614999999994, -16.42686999999995], [-68.8787099999999, -16.426879999999926], [-68.88072999999991, -16.42575999999991], [-68.88280999999995, -16.425629999999956], [-68.88542999999993, -16.426569999999913], [-68.88751999999994, -16.426579999999944], [-68.89422999999994, -16.429239999999936], [-68.89668999999992, -16.429979999999944], [-68.90008999999992, -16.429349999999943], [-68.90085999999991, -16.42984999999993], [-68.90258999999992, -16.43196999999992], [-68.90443999999991, -16.43294999999995], [-68.9061999999999, -16.43354999999991], [-68.90804999999995, -16.433819999999912], [-68.91272999999995, -16.43393999999995], [-68.91724999999991, -16.435089999999946], [-68.92282999999992, -16.43572999999992], [-68.92426999999992, -16.435039999999958], [-68.92583999999994, -16.433389999999918], [-68.92572999999993, -16.43273999999991], [-68.92450999999994, -16.43174999999991], [-68.9245699999999, -16.43107999999995], [-68.92484999999994, -16.430729999999926], [-68.92620999999991, -16.430409999999938], [-68.92807999999991, -16.43038999999993], [-68.93056999999993, -16.431009999999958], [-68.93317999999994, -16.43201999999991], [-68.93564999999995, -16.433299999999917], [-68.94079999999991, -16.43682999999993], [-68.94623999999993, -16.43945999999994], [-68.94862999999992, -16.44127999999995], [-68.95137999999992, -16.442999999999927], [-68.95288999999991, -16.444419999999923], [-68.9537499999999, -16.445479999999918], [-68.95423999999991, -16.446509999999932], [-68.95445999999993, -16.448069999999916], [-68.95433999999995, -16.44918999999993], [-68.95381999999995, -16.449589999999944], [-68.95312999999993, -16.449589999999944], [-68.9522399999999, -16.448869999999943], [-68.9501699999999, -16.44533999999993], [-68.94835999999992, -16.443589999999915], [-68.94745999999992, -16.44357999999994], [-68.94672999999995, -16.444139999999948], [-68.94644999999991, -16.444989999999905], [-68.94638999999995, -16.446339999999907], [-68.94681999999995, -16.44736999999992], [-68.94828999999993, -16.448479999999904], [-68.9486599999999, -16.449049999999943], [-68.94873999999993, -16.450169999999957], [-68.94834999999995, -16.453079999999943], [-68.94866999999994, -16.455089999999927], [-68.94997999999993, -16.45870999999994], [-68.95199999999994, -16.462009999999907], [-68.95244999999994, -16.464909999999918], [-68.95296999999994, -16.46640999999994], [-68.95448999999991, -16.468939999999918], [-68.95792999999992, -16.471639999999923], [-68.95810999999992, -16.472059999999942], [-68.95792999999992, -16.47315999999995], [-68.95670999999993, -16.47419999999994], [-68.9543799999999, -16.474189999999908], [-68.95278999999994, -16.47383999999994], [-68.95029999999991, -16.472579999999937], [-68.9493799999999, -16.47246999999993], [-68.9458699999999, -16.47425999999996], [-68.9436399999999, -16.47488999999996], [-68.93429999999995, -16.472789999999918], [-68.93315999999993, -16.472949999999912], [-68.93052999999992, -16.474429999999927], [-68.9294099999999, -16.47473999999994], [-68.92824999999993, -16.474629999999934], [-68.92726999999991, -16.47405999999995], [-68.9259199999999, -16.474359999999933], [-68.92126999999994, -16.47225999999995], [-68.92011999999994, -16.47240999999991], [-68.91845999999993, -16.47351999999995], [-68.90066999999993, -16.47297999999995], [-68.89928999999995, -16.472759999999937], [-68.89809999999994, -16.472069999999917], [-68.89780999999994, -16.47121999999996], [-68.89764999999994, -16.469189999999912], [-68.89726999999993, -16.46864999999991], [-68.89433999999994, -16.469269999999938], [-68.89307999999994, -16.467969999999923], [-68.89141999999993, -16.46712999999994], [-68.88851999999991, -16.46625999999992], [-68.88641999999993, -16.466149999999914], [-68.88410999999991, -16.466489999999908], [-68.88213999999994, -16.467199999999934], [-68.8757799999999, -16.471019999999953], [-68.87337999999994, -16.471909999999923], [-68.87236999999993, -16.47282999999993], [-68.8680599999999, -16.474599999999953], [-68.86644999999993, -16.474809999999934], [-68.86376999999993, -16.474009999999907], [-68.86190999999991, -16.47387999999995], [-68.86124999999993, -16.474079999999958], [-68.86002999999994, -16.475109999999916], [-68.85701999999992, -16.47481999999991], [-68.85540999999995, -16.475129999999922], [-68.85124999999994, -16.476639999999918], [-68.85003999999992, -16.477329999999938], [-68.84940999999992, -16.47798999999992], [-68.8487399999999, -16.479419999999948], [-68.8481799999999, -16.479829999999936], [-68.84704999999991, -16.480099999999936], [-68.84400999999991, -16.480209999999943], [-68.8429099999999, -16.480569999999943], [-68.8420999999999, -16.48165999999992], [-68.84126999999995, -16.48469999999992], [-68.8403899999999, -16.48542999999995], [-68.8399399999999, -16.485489999999913], [-68.83892999999995, -16.484939999999938], [-68.83579999999995, -16.485819999999933], [-68.83020999999991, -16.485319999999945], [-68.82810999999992, -16.485499999999945], [-68.82577999999995, -16.48652999999996], [-68.8204399999999, -16.49019999999996], [-68.81725999999992, -16.491019999999935], [-68.81641999999994, -16.49180999999993], [-68.81627999999995, -16.492459999999937], [-68.81646999999992, -16.492869999999925], [-68.81718999999993, -16.493439999999907], [-68.81783999999993, -16.493669999999952], [-68.81900999999993, -16.493609999999933], [-68.82044999999994, -16.492879999999957], [-68.82228999999995, -16.492649999999912], [-68.82355999999993, -16.493199999999945], [-68.8244499999999, -16.49392999999992], [-68.8256199999999, -16.495609999999942], [-68.82797999999991, -16.496579999999938], [-68.82935999999995, -16.49742999999995], [-68.83019999999993, -16.498489999999947], [-68.83062999999993, -16.500699999999938], [-68.83220999999992, -16.502029999999934], [-68.8325099999999, -16.50285999999994], [-68.83253999999994, -16.50511999999992], [-68.83210999999994, -16.509169999999926], [-68.83176999999995, -16.50974999999994], [-68.82948999999991, -16.511679999999956], [-68.82905999999991, -16.513879999999915], [-68.82859999999994, -16.514659999999935], [-68.8278699999999, -16.515219999999943], [-68.8269699999999, -16.515429999999924], [-68.82539999999995, -16.51499999999993], [-68.82272999999992, -16.513609999999915], [-68.82179999999994, -16.51367999999991], [-68.82125999999994, -16.514089999999953], [-68.8210499999999, -16.516559999999913], [-68.82120999999995, -16.518809999999917], [-68.82236999999992, -16.521009999999933], [-68.82254999999992, -16.522119999999916], [-68.82237999999995, -16.523229999999955], [-68.82137999999992, -16.524159999999938], [-68.82072999999991, -16.525099999999952], [-68.82063999999991, -16.525759999999934], [-68.82087999999993, -16.527549999999906], [-68.82145999999995, -16.52950999999996], [-68.8226699999999, -16.531429999999943], [-68.8237299999999, -16.53230999999994], [-68.82495999999992, -16.532949999999914], [-68.82609999999994, -16.533189999999934], [-68.8275099999999, -16.53317999999996], [-68.83038999999991, -16.532299999999907], [-68.83411999999993, -16.532589999999914], [-68.83504999999991, -16.532479999999907], [-68.8366299999999, -16.53153999999995], [-68.83668999999992, -16.52998999999994], [-68.83694999999994, -16.52961999999991], [-68.83804999999995, -16.529279999999915], [-68.83859999999993, -16.529609999999934], [-68.8392399999999, -16.531779999999912], [-68.83967999999993, -16.532289999999932], [-68.84080999999992, -16.532569999999907], [-68.84454999999991, -16.532589999999914], [-68.84514999999993, -16.532929999999908], [-68.84541999999993, -16.53353999999996], [-68.84519999999992, -16.534169999999904], [-68.84438999999992, -16.534979999999905], [-68.84142999999995, -16.536319999999932], [-68.83843999999993, -16.53848999999991], [-68.83777999999995, -16.53869999999995], [-68.83613999999994, -16.53857999999991], [-68.83498999999995, -16.538739999999905], [-68.83299999999991, -16.539379999999937], [-68.83221999999995, -16.540209999999945], [-68.83068999999995, -16.54272999999995], [-68.82978999999995, -16.542919999999924], [-68.82817999999992, -16.54263999999995], [-68.8277599999999, -16.542829999999924], [-68.82720999999992, -16.543549999999925], [-68.82666999999992, -16.54573999999991], [-68.82593999999995, -16.54687999999993], [-68.8252599999999, -16.546989999999937], [-68.82294999999993, -16.546619999999905], [-68.82226999999995, -16.546769999999924], [-68.82172999999995, -16.54719999999992], [-68.82072999999991, -16.549219999999934], [-68.81981999999994, -16.553649999999948], [-68.81977999999992, -16.55499999999995], [-68.82040999999992, -16.55669999999992], [-68.82249999999993, -16.559129999999925], [-68.82630999999992, -16.562799999999925], [-68.82923999999991, -16.56540999999993], [-68.83311999999995, -16.568319999999915], [-68.83488999999992, -16.57146999999992], [-68.83532999999994, -16.571609999999907], [-68.8364499999999, -16.571279999999945], [-68.8368999999999, -16.571359999999913], [-68.83952999999991, -16.573899999999924], [-68.84100999999993, -16.57331999999991], [-68.84212999999994, -16.573489999999936], [-68.84211999999991, -16.574379999999906], [-68.84135999999995, -16.57722999999993], [-68.8412899999999, -16.578349999999944], [-68.84163999999993, -16.57916999999992], [-68.84338999999994, -16.580769999999916], [-68.84349999999995, -16.581899999999905], [-68.8432499999999, -16.58274999999992], [-68.84156999999993, -16.584619999999916], [-68.8416499999999, -16.585719999999924], [-68.84232999999995, -16.58663999999993], [-68.84430999999995, -16.58781999999991], [-68.84716999999995, -16.588839999999948], [-68.84966999999995, -16.58943999999991], [-68.8516699999999, -16.588839999999948], [-68.85290999999995, -16.588209999999947], [-68.85371999999995, -16.587399999999946], [-68.8546199999999, -16.58723999999995], [-68.85484999999994, -16.58809999999994], [-68.8550699999999, -16.59170999999992], [-68.85540999999995, -16.592789999999923], [-68.85583999999994, -16.59331999999995], [-68.85710999999992, -16.594319999999925], [-68.85923999999994, -16.595239999999933], [-68.86219999999992, -16.595929999999953], [-68.86358999999993, -16.595899999999915], [-68.86475999999993, -16.59728999999993], [-68.86517999999995, -16.59746999999993], [-68.86581999999993, -16.59725999999995], [-68.86680999999993, -16.59546999999992], [-68.86718999999994, -16.595249999999908], [-68.87121999999994, -16.598289999999906], [-68.87229999999994, -16.598719999999958], [-68.87416999999994, -16.59887999999995], [-68.87763999999993, -16.598459999999932], [-68.87910999999991, -16.59776999999991], [-68.88202999999993, -16.59587999999991], [-68.88334999999995, -16.595449999999914], [-68.88472999999993, -16.595639999999946], [-68.88830999999993, -16.596709999999916], [-68.8936799999999, -16.596409999999935], [-68.89532999999994, -16.59722999999991], [-68.89625999999993, -16.59734999999995], [-68.89764999999994, -16.59716999999995], [-68.90147999999994, -16.59612999999996], [-68.9045099999999, -16.59597999999994], [-68.90588999999994, -16.59624999999994], [-68.90913999999992, -16.597549999999956], [-68.9104999999999, -16.597839999999906], [-68.91182999999995, -16.59746999999993], [-68.91290999999995, -16.595999999999947], [-68.91375999999991, -16.59567999999996], [-68.91492999999991, -16.595689999999934], [-68.91699999999992, -16.59609999999992], [-68.91906999999992, -16.59713999999991], [-68.91998999999993, -16.59728999999993], [-68.92083999999994, -16.59692999999993], [-68.92265999999995, -16.595519999999908], [-68.92352999999991, -16.59519999999992], [-68.92792999999995, -16.59578999999991], [-68.92908999999992, -16.59570999999994], [-68.92969999999991, -16.59537999999992], [-68.93047999999993, -16.594539999999938], [-68.93285999999995, -16.59054999999995], [-68.93407999999994, -16.58949999999993], [-68.9363899999999, -16.589279999999917], [-68.9375399999999, -16.589429999999936], [-68.9399699999999, -16.590239999999937], [-68.9423099999999, -16.590209999999956], [-68.9439099999999, -16.589879999999937], [-68.94510999999994, -16.589179999999942], [-68.94720999999993, -16.586759999999913], [-68.9482999999999, -16.585909999999956], [-68.9491999999999, -16.58570999999995], [-68.95246999999995, -16.58582999999993], [-68.9538399999999, -16.58555999999993], [-68.95489999999995, -16.585089999999923], [-68.95576999999992, -16.58403999999996], [-68.95641999999992, -16.58164999999991], [-68.95709999999991, -16.581039999999916], [-68.95801999999992, -16.58102999999994], [-68.95935999999995, -16.579219999999907], [-68.96097999999995, -16.57925999999992], [-68.9638799999999, -16.580109999999934], [-68.96668999999991, -16.57997999999992], [-68.96897999999993, -16.579509999999914], [-68.9697999999999, -16.579109999999957], [-68.96990999999991, -16.57731999999993], [-68.97115999999994, -16.57600999999994], [-68.97124999999994, -16.574659999999938], [-68.97150999999991, -16.574299999999937], [-68.97334999999993, -16.574319999999943], [-68.97510999999992, -16.574919999999906], [-68.97672999999992, -16.574739999999906], [-68.97932999999995, -16.57322999999991], [-68.98154999999991, -16.572569999999928], [-68.98302999999993, -16.57084999999995], [-68.98601999999994, -16.570539999999937], [-68.98711999999995, -16.56881999999996], [-68.98768999999993, -16.568449999999928], [-68.98906999999991, -16.568209999999908], [-68.99070999999992, -16.568259999999952], [-68.99309999999991, -16.56910999999991], [-68.99421999999993, -16.567989999999952], [-68.99803999999995, -16.566979999999944], [-69.00641999999993, -16.559779999999932], [-69.0076699999999, -16.559159999999906], [-69.00968999999992, -16.55857999999995], [-69.0124899999999, -16.558599999999956], [-69.0191299999999, -16.55526999999995], [-69.02156999999994, -16.554479999999955], [-69.0279999999999, -16.553219999999953], [-69.02837999999991, -16.55340999999993], [-69.02810999999991, -16.55746999999991], [-69.02830999999992, -16.558799999999906], [-69.02982999999995, -16.56050999999991], [-69.03498999999994, -16.565099999999916], [-69.03538999999995, -16.56591999999995], [-69.03586999999993, -16.568589999999915], [-69.0357899999999, -16.570829999999944], [-69.0352299999999, -16.57206999999994], [-69.03277999999995, -16.57537999999994], [-69.03219999999993, -16.57660999999996], [-69.03231999999991, -16.57997999999992], [-69.0317599999999, -16.583549999999946], [-69.03240999999991, -16.58785999999992], [-69.03062999999992, -16.589629999999943], [-69.03036999999995, -16.591639999999927], [-69.02829999999994, -16.59516999999994], [-69.02749999999992, -16.599389999999914], [-69.02609999999993, -16.602979999999945], [-69.02609999999993, -16.60567999999995], [-69.02536999999995, -16.607809999999915], [-69.0238599999999, -16.609539999999924], [-69.02220999999992, -16.610799999999927], [-69.02050999999994, -16.61154999999991], [-69.01539999999994, -16.613179999999943], [-69.01379999999995, -16.614119999999957], [-69.01240999999993, -16.615329999999915], [-69.0118599999999, -16.616059999999948], [-69.01186999999993, -16.617829999999913], [-69.01059999999995, -16.619729999999947], [-69.00975999999991, -16.62182999999993], [-69.0096299999999, -16.622949999999946], [-69.00997999999993, -16.62495999999993], [-69.00988999999993, -16.625619999999913], [-69.00898999999993, -16.626289999999926], [-69.00594999999993, -16.626489999999933], [-69.00492999999994, -16.626979999999946], [-69.0042499999999, -16.627899999999954], [-69.00346999999994, -16.629779999999926], [-69.00055999999995, -16.632039999999904], [-69.0003099999999, -16.632669999999905], [-69.00008999999994, -16.635059999999953], [-68.9994299999999, -16.635989999999936], [-68.99800999999991, -16.63718999999992], [-68.9922699999999, -16.641109999999912], [-68.99065999999993, -16.64203999999995], [-68.98934999999994, -16.642519999999934], [-68.98702999999995, -16.642739999999947], [-68.9829499999999, -16.64172999999994], [-68.9806099999999, -16.641629999999907], [-68.97521999999992, -16.64313999999996], [-68.97226999999992, -16.644519999999943], [-68.96276999999992, -16.650739999999928], [-68.95836999999995, -16.654109999999946], [-68.95559999999995, -16.656549999999925], [-68.95220999999992, -16.660589999999956], [-68.94782999999995, -16.667539999999917], [-68.94564999999994, -16.67228999999992], [-68.94284999999991, -16.681149999999946], [-68.93997999999993, -16.686819999999955], [-68.93965999999995, -16.68882999999994], [-68.93967999999995, -16.69402999999994], [-68.93939999999992, -16.696039999999925], [-68.93826999999993, -16.698009999999954], [-68.9353099999999, -16.701209999999946], [-68.93506999999994, -16.701839999999947], [-68.93505999999991, -16.703229999999905], [-68.93743999999992, -16.70959999999991], [-68.93905999999993, -16.712609999999927], [-68.94069999999994, -16.714519999999936], [-68.94566999999995, -16.71930999999995], [-68.94713999999993, -16.721359999999947], [-68.95078999999993, -16.727409999999907], [-68.9557299999999, -16.73251999999991], [-68.95627999999994, -16.73351999999994], [-68.95683999999994, -16.73547999999994], [-68.95720999999992, -16.740659999999934], [-68.95722999999992, -16.750149999999906], [-68.9563599999999, -16.752719999999954], [-68.95597999999995, -16.753249999999923], [-68.95506999999992, -16.75332999999995], [-68.95002999999991, -16.752279999999928], [-68.94769999999994, -16.75210999999996], [-68.94484999999992, -16.753109999999936], [-68.94415999999995, -16.75371999999993], [-68.94361999999995, -16.754959999999926], [-68.94338999999991, -16.756299999999953], [-68.94357999999994, -16.763979999999947], [-68.94330999999994, -16.766899999999907], [-68.9418599999999, -16.76997999999992], [-68.93930999999992, -16.77320999999995], [-68.93891999999994, -16.77472999999992], [-68.93925999999993, -16.777409999999918], [-68.93968999999993, -16.777939999999944], [-68.94108999999992, -16.779139999999927], [-68.94231999999994, -16.77977999999996], [-68.94663999999995, -16.780829999999924], [-68.94764999999995, -16.78138999999993], [-68.9486399999999, -16.78234999999995], [-68.95060999999993, -16.785679999999957], [-68.95157999999992, -16.78821999999991], [-68.95170999999993, -16.78911999999991], [-68.95159999999993, -16.791249999999934], [-68.95022999999992, -16.794319999999914], [-68.9491999999999, -16.796089999999936], [-68.94305999999995, -16.801339999999925], [-68.94130999999993, -16.803999999999917], [-68.93925999999993, -16.805049999999937], [-68.93646999999993, -16.805229999999938], [-68.93531999999993, -16.805009999999925], [-68.93471999999991, -16.80466999999993], [-68.93472999999994, -16.80403999999993], [-68.9367499999999, -16.800989999999956], [-68.93712999999991, -16.799929999999904], [-68.93693999999994, -16.79860999999994], [-68.93622999999991, -16.798029999999926], [-68.93534999999991, -16.797719999999913], [-68.93347999999992, -16.79759999999993], [-68.93184999999994, -16.797789999999907], [-68.9303099999999, -16.798309999999958], [-68.9258999999999, -16.800419999999917], [-68.9224299999999, -16.800769999999943], [-68.92137999999994, -16.801659999999913], [-68.91947999999991, -16.804239999999936], [-68.91872999999993, -16.804749999999956], [-68.9181099999999, -16.804439999999943], [-68.91751999999991, -16.803739999999948], [-68.9165099999999, -16.800739999999905], [-68.91592999999995, -16.79977999999994], [-68.91455999999994, -16.79956999999996], [-68.91227999999995, -16.800079999999923], [-68.91034999999994, -16.801349999999957], [-68.90920999999992, -16.802779999999927], [-68.90872999999993, -16.80451999999991], [-68.90825999999993, -16.808559999999943], [-68.90787999999992, -16.809609999999907], [-68.90488999999991, -16.81123999999994], [-68.90022999999991, -16.816049999999905], [-68.89916999999991, -16.818799999999953], [-68.89799999999991, -16.82101999999992], [-68.89216999999991, -16.83081999999996], [-68.88967999999994, -16.833809999999914], [-68.88483999999994, -16.83818999999994], [-68.88512999999995, -16.83853999999991], [-68.88580999999994, -16.838589999999954], [-68.88864999999993, -16.837519999999927], [-68.89103999999992, -16.83609999999993], [-68.89290999999992, -16.83439999999996], [-68.89533999999992, -16.83134999999993], [-68.8970799999999, -16.82866999999993], [-68.90043999999995, -16.82096999999993], [-68.90170999999992, -16.81854999999996], [-68.90578999999991, -16.813889999999958], [-68.9068499999999, -16.81209999999993], [-68.9075499999999, -16.811909999999955], [-68.9087199999999, -16.811819999999955], [-68.91378999999995, -16.81227999999993], [-68.92157999999995, -16.813939999999945], [-68.9248199999999, -16.81523999999996], [-68.92729999999995, -16.816529999999943], [-68.92892999999992, -16.81780999999995], [-68.92988999999994, -16.81908999999996], [-68.93179999999995, -16.82245999999992], [-68.9327899999999, -16.82337999999993], [-68.93463999999994, -16.823249999999916], [-68.93743999999992, -16.822089999999946], [-68.93993999999992, -16.821449999999913], [-68.9415699999999, -16.821319999999957], [-68.94320999999991, -16.82214999999991], [-68.94718999999992, -16.826589999999953], [-68.94851999999992, -16.827489999999955], [-68.9500799999999, -16.82797999999991], [-68.95203999999995, -16.826979999999935], [-68.9528699999999, -16.826199999999915], [-68.9533899999999, -16.824939999999913], [-68.95413999999994, -16.821629999999914], [-68.95496999999995, -16.820019999999943], [-68.95629999999994, -16.81874999999991], [-68.95937999999995, -16.816699999999912], [-68.96032999999994, -16.81570999999991], [-68.96075999999994, -16.81418999999994], [-68.96086999999994, -16.810119999999927], [-68.9612699999999, -16.808359999999936], [-68.96192999999994, -16.80743999999993], [-68.9648499999999, -16.80484999999993], [-68.96608999999995, -16.801439999999957], [-68.96812999999992, -16.79788999999994], [-68.96946999999994, -16.79630999999995], [-68.97221999999994, -16.793869999999913], [-68.97413999999992, -16.792569999999955], [-68.97527999999994, -16.792229999999904], [-68.97706999999991, -16.79108999999994], [-68.97727999999995, -16.789639999999906], [-68.97797999999995, -16.787729999999954], [-68.97922999999992, -16.786389999999926], [-68.98021999999992, -16.785999999999945], [-68.98034999999993, -16.784389999999917], [-68.97986999999995, -16.781199999999956], [-68.97973999999994, -16.775729999999953], [-68.97806999999995, -16.771049999999946], [-68.97830999999991, -16.767679999999928], [-68.97903999999994, -16.764829999999904], [-68.98012999999992, -16.762089999999944], [-68.98108999999994, -16.760539999999935], [-68.9843699999999, -16.757009999999923], [-68.98515999999995, -16.755879999999934], [-68.98646999999994, -16.753489999999942], [-68.98713999999995, -16.751559999999927], [-68.98720999999995, -16.750659999999925], [-68.98696999999993, -16.74863999999991], [-68.98620999999991, -16.74651999999992], [-68.98659999999995, -16.742699999999957], [-68.98640999999992, -16.74135999999993], [-68.98505999999992, -16.73872999999992], [-68.9815099999999, -16.733679999999936], [-68.98012999999992, -16.731319999999926], [-68.97956999999991, -16.72936999999996], [-68.97957999999994, -16.726889999999912], [-68.9799799999999, -16.72583999999995], [-68.9805199999999, -16.72541999999993], [-68.98167999999993, -16.72536999999994], [-68.98468999999994, -16.725819999999942], [-68.98582999999991, -16.725589999999954], [-68.98808999999994, -16.723979999999926], [-68.99044999999995, -16.721469999999954], [-68.99318999999991, -16.71571999999992], [-68.99533999999994, -16.710219999999936], [-68.99791999999991, -16.700129999999945], [-68.99999999999994, -16.693589999999915], [-69.00233999999995, -16.691179999999918], [-69.00416999999993, -16.69017999999994], [-69.01005999999995, -16.687949999999944], [-69.01237999999995, -16.68777999999992], [-69.01294999999993, -16.68742999999995], [-69.01282999999995, -16.685859999999934], [-69.01397999999995, -16.684169999999938], [-69.01412999999991, -16.683059999999955], [-69.01346999999993, -16.682139999999947], [-69.01006999999993, -16.67903999999993], [-69.01018999999991, -16.67772999999994], [-69.00973999999991, -16.67733999999996], [-69.0097199999999, -16.675979999999925], [-69.00994999999995, -16.675109999999904], [-69.01042999999993, -16.674629999999922], [-69.01192999999995, -16.673989999999947], [-69.01263999999992, -16.67214999999993], [-69.0125999999999, -16.670279999999934], [-69.01256999999993, -16.67026999999996], [-69.00181999999995, -16.661489999999958], [-68.9960299999999, -16.656559999999956], [-69.00987999999995, -16.645689999999945], [-69.0166099999999, -16.63874999999996], [-69.01772999999991, -16.636859999999956], [-69.01971999999995, -16.631189999999947], [-69.02093999999994, -16.628999999999905], [-69.02057999999994, -16.620579999999904], [-69.02074999999991, -16.618619999999908], [-69.02115999999995, -16.617119999999943], [-69.02246999999994, -16.615419999999915], [-69.02855999999991, -16.61041999999992], [-69.03016999999994, -16.608139999999935], [-69.03129999999993, -16.605809999999906], [-69.03226999999993, -16.60253999999992], [-69.03275999999994, -16.599599999999953], [-69.03403999999995, -16.594799999999907], [-69.0344199999999, -16.592529999999954], [-69.03544999999991, -16.589279999999917], [-69.0354099999999, -16.587159999999926], [-69.03498999999994, -16.584819999999922], [-69.03517999999991, -16.581789999999955], [-69.03687999999994, -16.577009999999916], [-69.03894999999994, -16.573479999999904], [-69.03905999999995, -16.57233999999994], [-69.03847999999994, -16.568739999999934], [-69.03784999999993, -16.566439999999943], [-69.03671999999995, -16.56430999999992], [-69.0357699999999, -16.561519999999916], [-69.03553999999991, -16.56111999999996], [-69.0351399999999, -16.560439999999915], [-69.03385999999995, -16.55690999999996], [-69.03214999999994, -16.55314999999996], [-69.02764999999994, -16.54153999999994], [-69.02693999999991, -16.540239999999926], [-69.02053999999993, -16.523999999999944], [-69.02016999999995, -16.523469999999918], [-69.01950999999991, -16.52144999999996], [-69.01586999999995, -16.512839999999926], [-69.01564999999994, -16.512329999999906], [-69.01209999999992, -16.503309999999942], [-69.00184999999993, -16.478419999999915], [-68.98627999999991, -16.440009999999916], [-68.91838999999993, -16.403719999999907], [-68.81420999999995, -16.347989999999925], [-68.81420999999995, -16.31976999999995], [-68.8678099999999, -16.277459999999905], [-68.8848099999999, -16.265849999999944], [-68.91811999999993, -16.233729999999923], [-68.95655999999991, -16.19661999999994], [-68.9561599999999, -16.196049999999957], [-68.95463999999993, -16.19464999999991], [-68.95296999999994, -16.19384999999994], [-68.95182999999992, -16.19357999999994], [-68.94972999999993, -16.193629999999928], [-68.94610999999992, -16.192779999999914], [-68.94376999999992, -16.19279999999992], [-68.9419299999999, -16.193119999999908], [-68.93903999999992, -16.19402999999994], [-68.93652999999995, -16.195229999999924], [-68.93275999999992, -16.198259999999948], [-68.92950999999994, -16.20004999999992], [-68.92624999999992, -16.201289999999915], [-68.92140999999992, -16.202099999999916], [-68.92014999999992, -16.20267999999993], [-68.91802999999993, -16.204779999999914], [-68.91631999999993, -16.206929999999943], [-68.91590999999994, -16.207739999999944], [-68.91572999999994, -16.20974999999993], [-68.91599999999994, -16.210369999999955], [-68.91806999999994, -16.210369999999955], [-68.91865999999993, -16.210719999999924], [-68.91923999999995, -16.21141999999992], [-68.91942999999992, -16.212069999999926], [-68.91937999999993, -16.21273999999994], [-68.91869999999994, -16.213919999999916], [-68.91714999999994, -16.215619999999944], [-68.91526999999991, -16.21694999999994], [-68.91375999999991, -16.21754999999996], [-68.90990999999991, -16.218479999999943], [-68.90865999999994, -16.219079999999906], [-68.90766999999994, -16.220329999999933], [-68.90659999999991, -16.223299999999938], [-68.90449999999993, -16.224209999999914], [-68.90184999999991, -16.227649999999926], [-68.90063999999995, -16.22822999999994], [-68.89738999999992, -16.22852999999992], [-68.89363999999995, -16.23079999999993], [-68.89041999999995, -16.231269999999938], [-68.88830999999993, -16.23222999999996], [-68.8874199999999, -16.23294999999996], [-68.88708999999994, -16.234489999999937], [-68.88729999999993, -16.235359999999957], [-68.88902999999993, -16.23718999999994], [-68.89407999999992, -16.24156999999991], [-68.89607999999993, -16.24433999999991], [-68.89654999999993, -16.245609999999942], [-68.89677999999992, -16.247179999999958], [-68.89656999999994, -16.25168999999994], [-68.89534999999995, -16.25485999999995], [-68.89411999999993, -16.25648999999993], [-68.8916999999999, -16.25860999999992], [-68.88906999999995, -16.260499999999922], [-68.88737999999995, -16.261279999999942], [-68.88533999999993, -16.261579999999924], [-68.8831899999999, -16.264789999999948], [-68.88252999999992, -16.26541999999995], [-68.88162999999992, -16.265639999999905], [-68.88047999999992, -16.265469999999937], [-68.87658999999991, -16.26389999999992], [-68.87500999999992, -16.26350999999994], [-68.87337999999994, -16.263619999999946], [-68.87117999999992, -16.26437999999996], [-68.87001999999995, -16.264429999999948], [-68.86666999999994, -16.262849999999958], [-68.86529999999993, -16.262589999999932], [-68.86417999999992, -16.262849999999958], [-68.86322999999993, -16.264389999999935], [-68.86207999999993, -16.26514999999995], [-68.86117999999993, -16.265339999999924], [-68.85969999999992, -16.26472999999993], [-68.85783999999995, -16.264839999999936], [-68.85655999999994, -16.265399999999943], [-68.85443999999995, -16.267169999999908], [-68.8531099999999, -16.267549999999915], [-68.8512399999999, -16.267549999999915], [-68.84845999999993, -16.267219999999952], [-68.84716999999995, -16.266699999999958], [-68.84547999999995, -16.265469999999937], [-68.84458999999993, -16.265249999999924], [-68.84415999999993, -16.265399999999943], [-68.8435199999999, -16.266059999999925], [-68.83934999999991, -16.271219999999914], [-68.83704999999992, -16.272309999999948], [-68.83600999999993, -16.27165999999994], [-68.83570999999995, -16.270589999999913], [-68.83594999999991, -16.269489999999905], [-68.83762999999993, -16.266269999999906], [-68.83778999999993, -16.264699999999948], [-68.83755999999994, -16.262689999999907], [-68.83701999999994, -16.262269999999944], [-68.8356399999999, -16.26222999999993], [-68.8344899999999, -16.26332999999994], [-68.83317999999991, -16.26377999999994], [-68.83264999999994, -16.26341999999994], [-68.83249999999992, -16.262529999999913], [-68.8336799999999, -16.26007999999996], [-68.83553999999992, -16.257199999999955], [-68.83843999999993, -16.254289999999912], [-68.83877999999993, -16.25320999999991], [-68.83875999999992, -16.251639999999952], [-68.83830999999992, -16.251139999999907], [-68.8371699999999, -16.25100999999995], [-68.83508999999992, -16.252439999999922], [-68.83463999999992, -16.25255999999996], [-68.83395999999993, -16.25239999999991], [-68.83348999999993, -16.251919999999927], [-68.8327999999999, -16.250479999999925], [-68.8292899999999, -16.24655999999993], [-68.82915999999994, -16.245909999999924], [-68.82942999999995, -16.24503999999996], [-68.8313399999999, -16.242219999999918], [-68.8317199999999, -16.241149999999948], [-68.83159999999992, -16.238449999999943], [-68.8309999999999, -16.236749999999915], [-68.83199999999994, -16.235829999999908], [-68.8328699999999, -16.23551999999995], [-68.84042999999991, -16.228449999999953], [-68.84385999999995, -16.225709999999935], [-68.84551999999991, -16.224899999999934], [-68.85016999999993, -16.223389999999938], [-68.85315999999995, -16.221629999999948], [-68.85439999999994, -16.22028999999992], [-68.85624999999993, -16.216629999999952], [-68.85706999999991, -16.21554999999995], [-68.85796999999991, -16.215329999999938], [-68.86100999999991, -16.215169999999944], [-68.86255999999992, -16.214699999999937], [-68.8638499999999, -16.213739999999916], [-68.86629999999991, -16.210999999999956], [-68.86765999999994, -16.21013999999991], [-68.86880999999994, -16.21001999999993], [-68.87137999999993, -16.21019999999993], [-68.87248999999991, -16.209909999999923], [-68.87351999999993, -16.208989999999915], [-68.87608999999992, -16.205499999999915], [-68.87686999999994, -16.20500999999996], [-68.8795199999999, -16.204189999999926], [-68.88168999999994, -16.20153999999991], [-68.8825799999999, -16.200809999999933], [-68.88415999999995, -16.200449999999933], [-68.8888399999999, -16.200569999999914], [-68.89065999999991, -16.20023999999995], [-68.89228999999995, -16.198639999999955], [-68.89222999999993, -16.19796999999994], [-68.89272999999991, -16.197229999999934], [-68.89333999999991, -16.19691999999992], [-68.8947399999999, -16.196929999999952], [-68.89601999999991, -16.19638999999995], [-68.90183999999994, -16.190519999999935], [-68.90519999999992, -16.188969999999927], [-68.90678999999994, -16.18859999999995], [-68.91120999999993, -16.188879999999926], [-68.91311999999994, -16.188039999999944], [-68.91778999999991, -16.18804999999992], [-68.92029999999994, -16.187559999999905], [-68.92453999999992, -16.186249999999916], [-68.92602999999991, -16.185379999999952], [-68.92856999999992, -16.185029999999927], [-68.93210999999991, -16.183299999999917], [-68.93883999999991, -16.181409999999914], [-68.9415699999999, -16.17933999999991], [-68.94296999999995, -16.179289999999924], [-68.94688999999994, -16.179879999999912], [-68.94755999999995, -16.179709999999943], [-68.9491099999999, -16.17871999999994], [-68.95045999999991, -16.17897999999991], [-68.95085999999992, -16.178749999999923], [-68.95117999999991, -16.17790999999994], [-68.95058999999992, -16.175989999999956], [-68.95069999999993, -16.17554999999993], [-68.95118999999994, -16.175079999999923], [-68.95233999999994, -16.174879999999916], [-68.95629999999994, -16.174809999999923], [-68.9584099999999, -16.17386999999991], [-68.96060999999992, -16.17184999999995], [-68.96195999999992, -16.169739999999933], [-68.96400999999992, -16.165179999999907], [-68.96554999999995, -16.16020999999995], [-68.96776999999992, -16.15760999999992], [-68.96924999999993, -16.15429999999992], [-68.97046999999992, -16.152929999999913], [-68.97363999999993, -16.150259999999946], [-68.97476999999992, -16.14882999999992], [-68.97498999999993, -16.147509999999954], [-68.97448999999995, -16.14438999999993], [-68.97468999999995, -16.143749999999955], [-68.97525999999993, -16.143029999999953], [-68.98102999999992, -16.13680999999991], [-68.98193999999995, -16.13608999999991], [-68.98308999999995, -16.135959999999955], [-68.98347999999993, -16.135719999999935], [-68.98882999999995, -16.130369999999914], [-68.99126999999993, -16.129029999999943], [-68.99734999999993, -16.126699999999914], [-69.00006999999994, -16.124949999999956], [-69.00623999999993, -16.121009999999956], [-69.00805999999994, -16.119599999999934], [-69.00978999999995, -16.116399999999942], [-69.01121999999992, -16.114339999999913], [-69.01220999999993, -16.11337999999995], [-69.01564999999994, -16.11197999999996], [-69.02501999999993, -16.109159999999918], [-69.02686999999992, -16.10778999999991], [-69.03502999999995, -16.10385999999994], [-69.03865999999994, -16.101399999999956], [-69.04067999999995, -16.100909999999942], [-69.0450899999999, -16.10119999999995], [-69.0498199999999, -16.096859999999936], [-69.05157999999994, -16.09630999999996], [-69.05484999999993, -16.096469999999954], [-69.05599999999993, -16.09630999999996], [-69.05678999999992, -16.095839999999953], [-69.05840999999992, -16.093919999999912], [-69.05962999999991, -16.093269999999904], [-69.06213999999994, -16.092739999999935], [-69.06562999999994, -16.092429999999922], [-69.07003999999995, -16.090949999999907], [-69.07423999999992, -16.090929999999958], [-69.07652999999993, -16.090479999999957], [-69.07780999999994, -16.08994999999993], [-69.07869999999991, -16.089219999999955], [-69.07968999999991, -16.087959999999953], [-69.08149999999995, -16.084799999999916], [-69.08456999999993, -16.081749999999943], [-69.08594999999991, -16.080959999999948], [-69.08631999999994, -16.079419999999914], [-69.08687999999995, -16.078439999999944], [-69.08780999999993, -16.077759999999955], [-69.09086999999994, -16.076679999999953], [-69.09364999999991, -16.07427999999993], [-69.0959499999999, -16.07394999999991], [-69.09658999999994, -16.073669999999936], [-69.09977999999995, -16.070389999999918], [-69.10259999999994, -16.068379999999934], [-69.10460999999992, -16.067229999999938], [-69.10654999999991, -16.06642999999991], [-69.10746999999992, -16.066379999999924], [-69.10976999999991, -16.066779999999937], [-69.1104499999999, -16.06663999999995], [-69.11110999999994, -16.066019999999924], [-69.11235999999991, -16.064119999999946], [-69.1134899999999, -16.064079999999933], [-69.11405999999994, -16.063709999999958], [-69.11469999999991, -16.061309999999935], [-69.11526999999995, -16.060629999999946], [-69.11815999999993, -16.059729999999945], [-69.1248599999999, -16.058749999999918], [-69.13133999999991, -16.055819999999926], [-69.13272999999992, -16.055759999999907], [-69.13314999999994, -16.05654999999996], [-69.13313999999991, -16.05743999999993], [-69.13018999999991, -16.06149999999991], [-69.12929999999994, -16.063079999999957], [-69.1293599999999, -16.063749999999914], [-69.1299699999999, -16.065209999999922], [-69.12982999999991, -16.06585999999993], [-69.12761999999992, -16.068179999999927], [-69.12663999999995, -16.070719999999937], [-69.12601999999993, -16.071669999999926], [-69.12507999999991, -16.072319999999934], [-69.12347999999992, -16.072569999999928], [-69.12176999999991, -16.074079999999924], [-69.12135999999992, -16.074889999999925], [-69.12121999999994, -16.077119999999923], [-69.11830999999995, -16.07970999999992], [-69.11562999999995, -16.084719999999948], [-69.11292999999995, -16.08752999999996], [-69.11236999999994, -16.088769999999954], [-69.11136999999991, -16.092939999999942], [-69.11083999999994, -16.09367999999995], [-69.10925999999995, -16.09501999999992], [-69.1089199999999, -16.09558999999996], [-69.10919999999993, -16.096189999999922], [-69.11057999999991, -16.096319999999935], [-69.11407999999994, -16.09507999999994], [-69.1156499999999, -16.094109999999944], [-69.11899999999991, -16.09095999999994], [-69.1219099999999, -16.08952999999991], [-69.12350999999995, -16.08704999999992], [-69.12580999999994, -16.084809999999948], [-69.12752999999992, -16.084179999999947], [-69.12806999999992, -16.084559999999954], [-69.12806999999992, -16.08519999999993], [-69.11707999999993, -16.095819999999947], [-69.11508999999995, -16.097389999999905], [-69.11289999999991, -16.09868999999992], [-69.10964999999993, -16.09994999999992], [-69.10494999999992, -16.10125999999991], [-69.10425999999995, -16.101159999999936], [-69.1037399999999, -16.10071999999991], [-69.1034699999999, -16.098259999999925], [-69.1031999999999, -16.097909999999956], [-69.1024999999999, -16.09791999999993], [-69.09906999999993, -16.09860999999995], [-69.09707999999995, -16.099269999999933], [-69.09553999999991, -16.10027999999994], [-69.09408999999994, -16.101749999999925], [-69.09313999999995, -16.103299999999933], [-69.0928899999999, -16.104849999999942], [-69.0932499999999, -16.105909999999938], [-69.0946199999999, -16.10742999999991], [-69.09457999999995, -16.10874999999993], [-69.09337999999991, -16.11041999999992], [-69.09113999999994, -16.11271999999991], [-69.08951999999994, -16.114019999999925], [-69.08801999999991, -16.11462999999992], [-69.08618999999993, -16.116349999999954], [-69.08440999999993, -16.121489999999937], [-69.08350999999993, -16.12522999999993], [-69.08335999999991, -16.126799999999946], [-69.08363999999995, -16.128579999999943], [-69.08491999999995, -16.12985999999995], [-69.08579999999995, -16.12967999999995], [-69.08706999999993, -16.128369999999904], [-69.0880699999999, -16.127779999999916], [-69.09116999999992, -16.126799999999946], [-69.09246999999993, -16.127239999999915], [-69.09404999999992, -16.128579999999943], [-69.0944399999999, -16.129379999999912], [-69.09426999999994, -16.130259999999907], [-69.09316999999993, -16.131389999999953], [-69.09039999999993, -16.131689999999935], [-69.08929999999992, -16.13205999999991], [-69.08598999999992, -16.13582999999994], [-69.0803699999999, -16.139069999999947], [-69.07887999999991, -16.14014999999995], [-69.07770999999991, -16.141829999999914], [-69.07695999999993, -16.14534999999995], [-69.07456999999994, -16.14745999999991], [-69.0746299999999, -16.14969999999994], [-69.07549999999992, -16.151359999999954], [-69.07798999999994, -16.153739999999914], [-69.07882999999993, -16.15534999999994], [-69.08079999999995, -16.157279999999957], [-69.08246999999994, -16.158499999999947], [-69.08335999999991, -16.158769999999947], [-69.08451999999994, -16.158769999999947], [-69.0852799999999, -16.158249999999953], [-69.08638999999994, -16.15790999999996], [-69.08892999999995, -16.15757999999994], [-69.09138999999993, -16.158249999999953], [-69.09304999999995, -16.159469999999942], [-69.0936099999999, -16.160449999999912], [-69.09366999999992, -16.161579999999958], [-69.09330999999992, -16.162399999999934], [-69.0915599999999, -16.163889999999924], [-69.09106999999995, -16.164649999999938], [-69.09102999999993, -16.165769999999952], [-69.09143999999992, -16.167769999999905], [-69.09249999999992, -16.169239999999945], [-69.09696999999994, -16.17386999999991], [-69.09809999999993, -16.175829999999905], [-69.10082999999992, -16.178299999999922], [-69.10227999999995, -16.178999999999917], [-69.10680999999994, -16.180139999999938], [-69.11586999999992, -16.181089999999926], [-69.11839999999995, -16.18151999999992], [-69.12032999999991, -16.182329999999922], [-69.1218399999999, -16.183379999999943], [-69.12281999999993, -16.184359999999913], [-69.12355999999994, -16.18575999999996], [-69.12535999999994, -16.192309999999907], [-69.1262999999999, -16.19383999999991], [-69.12644999999992, -16.197909999999922], [-69.12601999999993, -16.199629999999956], [-69.12524999999994, -16.199169999999924], [-69.12375999999995, -16.19741999999991], [-69.12264999999991, -16.195199999999943], [-69.12159999999994, -16.194319999999948], [-69.12052999999992, -16.193879999999922], [-69.11935999999992, -16.193869999999947], [-69.11822999999993, -16.194139999999948], [-69.11621999999994, -16.19565999999992], [-69.1153799999999, -16.196039999999925], [-69.11234999999994, -16.19601999999992], [-69.11110999999994, -16.196599999999933], [-69.10811999999993, -16.196099999999944], [-69.10697999999991, -16.19620999999995], [-69.1064399999999, -16.196939999999927], [-69.10585999999995, -16.199579999999912], [-69.1047099999999, -16.200689999999952], [-69.1050699999999, -16.20189999999991], [-69.10656999999992, -16.203319999999906], [-69.10741999999993, -16.20491999999996], [-69.10741999999993, -16.20557999999994], [-69.10667999999993, -16.206419999999923], [-69.10540999999995, -16.205859999999916], [-69.10124999999994, -16.203339999999912], [-69.09869999999995, -16.20318999999995], [-69.09803999999991, -16.20297999999991], [-69.09578999999991, -16.201019999999914], [-69.09475999999995, -16.200529999999958], [-69.09316999999993, -16.200789999999927], [-69.09144999999995, -16.202629999999942], [-69.0908599999999, -16.204559999999958], [-69.09057999999993, -16.20905999999991], [-69.08877999999993, -16.212189999999907], [-69.08874999999995, -16.21353999999991], [-69.08910999999995, -16.214849999999956], [-69.08989999999994, -16.21595999999994], [-69.09143999999992, -16.217349999999954], [-69.09480999999994, -16.219379999999944], [-69.0973899999999, -16.220419999999933], [-69.10083999999995, -16.221029999999928], [-69.1021399999999, -16.22151999999994], [-69.1030199999999, -16.222569999999905], [-69.10324999999995, -16.223559999999907], [-69.10343999999992, -16.223529999999926], [-69.12483999999995, -16.211669999999913], [-69.16390999999993, -16.189749999999947], [-69.18496999999991, -16.17807999999991], [-69.19549999999992, -16.17229999999995], [-69.19612999999993, -16.171999999999912], [-69.19742999999994, -16.17151999999993], [-69.20844999999991, -16.165209999999945], [-69.24570999999992, -16.144399999999905], [-69.26039999999995, -16.098209999999938], [-69.29139999999995, -16.00081999999992], [-69.38545999999991, -15.69775999999996], [-69.33061999999995, -15.537669999999935]], [[-69.34189999999995, -15.674889999999948], [-69.3407699999999, -15.67745999999994], [-69.33979999999991, -15.678629999999941], [-69.33499999999992, -15.682429999999954], [-69.33092999999991, -15.68629999999996], [-69.32701999999995, -15.688629999999932], [-69.32613999999995, -15.68972999999994], [-69.32522999999992, -15.692189999999925], [-69.32456999999994, -15.693049999999914], [-69.32343999999995, -15.69363999999996], [-69.32251999999994, -15.693659999999909], [-69.32232999999991, -15.693379999999934], [-69.32251999999994, -15.692489999999907], [-69.32397999999995, -15.68990999999994], [-69.3250999999999, -15.688439999999957], [-69.32674999999995, -15.687239999999917], [-69.32904999999994, -15.683379999999943], [-69.33012999999994, -15.682059999999922], [-69.33206999999993, -15.680719999999951], [-69.33515999999992, -15.680009999999925], [-69.33755999999994, -15.678849999999954], [-69.33927999999992, -15.676829999999939], [-69.34093999999993, -15.673529999999914], [-69.34166999999991, -15.673889999999915], [-69.34189999999995, -15.674889999999948]], [[-69.06287999999995, -16.045139999999947], [-69.06331999999992, -16.043639999999925], [-69.06421999999992, -16.042319999999904], [-69.06605999999994, -16.039989999999932], [-69.06771999999995, -16.038409999999942], [-69.07062999999994, -16.03696999999994], [-69.07393999999994, -16.035889999999938], [-69.08049999999992, -16.03117999999995], [-69.08118999999994, -16.031109999999956], [-69.08201999999994, -16.03147999999993], [-69.08170999999993, -16.03230999999994], [-69.07992999999993, -16.034409999999923], [-69.0738399999999, -16.04126999999994], [-69.07144999999991, -16.043419999999912], [-69.07017999999994, -16.043929999999932], [-69.06691999999993, -16.043969999999945], [-69.06349999999992, -16.045419999999922], [-69.06287999999995, -16.045139999999947]], [[-69.16629999999992, -16.052829999999915], [-69.16554999999994, -16.053049999999928], [-69.16540999999995, -16.052869999999928], [-69.1656999999999, -16.052259999999933], [-69.16651999999993, -16.049429999999916], [-69.16942999999992, -16.044799999999952], [-69.1714399999999, -16.03902999999991], [-69.17441999999994, -16.03364999999991], [-69.17491999999993, -16.03144999999995], [-69.17482999999993, -16.030329999999935], [-69.17454999999995, -16.02970999999991], [-69.17368999999991, -16.028959999999927], [-69.17237999999992, -16.028569999999945], [-69.16931999999991, -16.029669999999953], [-69.16674999999992, -16.031219999999905], [-69.16349999999994, -16.034769999999924], [-69.1619399999999, -16.036129999999957], [-69.15887999999995, -16.037189999999953], [-69.15730999999994, -16.038839999999936], [-69.15638999999993, -16.03893999999991], [-69.15430999999995, -16.038629999999955], [-69.15330999999992, -16.039159999999924], [-69.15304999999995, -16.039529999999957], [-69.15345999999994, -16.04081999999994], [-69.15334999999993, -16.041249999999934], [-69.1523499999999, -16.042189999999948], [-69.14949999999993, -16.04416999999995], [-69.14836999999994, -16.045309999999915], [-69.14741999999995, -16.04710999999992], [-69.14557999999994, -16.051989999999932], [-69.14462999999995, -16.05257999999992], [-69.14276999999993, -16.052599999999927], [-69.14234999999991, -16.052419999999927], [-69.14192999999995, -16.05140999999992], [-69.14359999999994, -16.04869999999994], [-69.14382999999992, -16.04759999999993], [-69.14353999999992, -16.045589999999947], [-69.1424199999999, -16.04335999999995], [-69.14234999999991, -16.041519999999934], [-69.14398999999992, -16.03777999999994], [-69.14441999999991, -16.035579999999925], [-69.14338999999995, -16.027749999999912], [-69.14345999999995, -16.02729999999991], [-69.14516999999995, -16.02547999999996], [-69.14483999999993, -16.023949999999957], [-69.1452099999999, -16.02219999999994], [-69.14607999999993, -16.021489999999915], [-69.14995999999991, -16.020729999999958], [-69.15214999999995, -16.01944999999995], [-69.15539999999993, -16.019199999999955], [-69.15677999999991, -16.01839999999993], [-69.15722999999991, -16.01761999999991], [-69.1572799999999, -16.016269999999906], [-69.15687999999994, -16.014509999999916], [-69.15570999999994, -16.01341999999994], [-69.15542999999991, -16.012809999999945], [-69.15535999999992, -16.011909999999943], [-69.15563999999995, -16.011049999999955], [-69.15645999999992, -16.00968999999992], [-69.1572799999999, -16.00888999999995], [-69.16149999999993, -16.005679999999927], [-69.16194999999993, -16.005549999999914], [-69.16237999999993, -16.00568999999996], [-69.16272999999995, -16.00625999999994], [-69.16268999999994, -16.00693999999993], [-69.1640999999999, -16.00843999999995], [-69.16484999999994, -16.00897999999995], [-69.16639999999995, -16.009319999999946], [-69.16759999999994, -16.011249999999905], [-69.16826999999995, -16.01186999999993], [-69.16916999999995, -16.012069999999937], [-69.1712599999999, -16.01192999999995], [-69.17347999999993, -16.010309999999947], [-69.17386999999991, -16.00974999999994], [-69.17432999999994, -16.00824999999992], [-69.1797499999999, -16.00294999999994], [-69.18086999999991, -16.001229999999907], [-69.18212999999992, -15.999999999999943], [-69.18254999999994, -15.999189999999942], [-69.18232999999992, -15.996359999999925], [-69.18134999999995, -15.995339999999942], [-69.18040999999994, -15.995169999999916], [-69.1792299999999, -15.994399999999928], [-69.17793999999992, -15.99434999999994], [-69.17640999999992, -15.995939999999905], [-69.17454999999995, -15.996669999999938], [-69.17056999999994, -15.997029999999938], [-69.16997999999995, -15.996829999999932], [-69.16940999999991, -15.996219999999937], [-69.16925999999995, -15.995649999999955], [-69.1694599999999, -15.995019999999954], [-69.17247999999995, -15.992559999999912], [-69.17377999999991, -15.99165999999991], [-69.17467999999991, -15.991339999999923], [-69.1769099999999, -15.989149999999938], [-69.1775199999999, -15.989039999999932], [-69.17969999999991, -15.989429999999913], [-69.18060999999994, -15.989029999999957], [-69.18094999999994, -15.989239999999938], [-69.18184999999994, -15.990569999999934], [-69.18215999999995, -15.994089999999915], [-69.18324999999993, -15.995369999999923], [-69.18492999999995, -15.996219999999937], [-69.18586999999991, -15.995909999999924], [-69.1869099999999, -15.995199999999954], [-69.18999999999994, -15.991909999999905], [-69.18997999999993, -15.991429999999923], [-69.18952999999993, -15.990619999999922], [-69.18757999999991, -15.988629999999944], [-69.18748999999991, -15.987989999999911], [-69.18814999999995, -15.986989999999935], [-69.1893399999999, -15.986179999999933], [-69.1901499999999, -15.986079999999959], [-69.19110999999992, -15.985279999999932], [-69.19285999999994, -15.981339999999932], [-69.1937299999999, -15.980669999999918], [-69.19483999999994, -15.980519999999956], [-69.19501999999994, -15.980999999999938], [-69.19493999999992, -15.981439999999907], [-69.19344999999993, -15.983649999999955], [-69.19307999999995, -15.984789999999919], [-69.19322999999991, -15.986179999999933], [-69.19395999999995, -15.987369999999942], [-69.19375999999994, -15.989339999999913], [-69.1940899999999, -15.98968999999994], [-69.1955299999999, -15.989979999999946], [-69.19645999999995, -15.989929999999958], [-69.1995599999999, -15.98780999999991], [-69.20154999999994, -15.988189999999918], [-69.2016999999999, -15.987229999999954], [-69.20149999999995, -15.986319999999921], [-69.20213999999993, -15.985369999999932], [-69.20274999999992, -15.984959999999944], [-69.20405999999991, -15.985549999999932], [-69.2056399999999, -15.985639999999933], [-69.2120799999999, -15.984479999999905], [-69.21302999999995, -15.98452999999995], [-69.21442999999994, -15.985399999999913], [-69.21554999999995, -15.986749999999915], [-69.2157699999999, -15.987659999999948], [-69.2143299999999, -15.989279999999951], [-69.21362999999991, -15.991559999999936], [-69.21316999999993, -15.992219999999918], [-69.2118299999999, -15.99207999999993], [-69.21052999999995, -15.991509999999948], [-69.2083199999999, -15.99129999999991], [-69.20641999999992, -15.990539999999953], [-69.20525999999995, -15.99046999999996], [-69.20450999999991, -15.99066999999991], [-69.20207999999991, -15.993489999999952], [-69.19959999999992, -15.994729999999947], [-69.19724999999994, -15.996589999999912], [-69.19695999999993, -15.997209999999939], [-69.19711999999993, -15.998089999999934], [-69.19696999999991, -15.99897999999996], [-69.1963199999999, -15.999919999999918], [-69.1930999999999, -16.002839999999935], [-69.19037999999995, -16.007309999999904], [-69.18994999999995, -16.008599999999944], [-69.18990999999994, -16.009499999999946], [-69.19030999999995, -16.01055999999994], [-69.19145999999995, -16.011639999999943], [-69.19215999999994, -16.011649999999918], [-69.1937299999999, -16.01120999999995], [-69.19927999999993, -16.00786999999991], [-69.20191999999992, -16.005349999999908], [-69.2026899999999, -16.005819999999915], [-69.20279999999991, -16.006449999999916], [-69.19954999999993, -16.010869999999954], [-69.1962299999999, -16.016829999999914], [-69.19175999999993, -16.02233999999993], [-69.19036999999992, -16.02568999999994], [-69.18884999999995, -16.02795999999995], [-69.18640999999991, -16.03069999999991], [-69.18384999999995, -16.033009999999933], [-69.18023999999991, -16.035499999999956], [-69.1775199999999, -16.036809999999946], [-69.17545999999993, -16.03863999999993], [-69.1744799999999, -16.039899999999932], [-69.17381999999992, -16.04134999999991], [-69.17315999999994, -16.045349999999928], [-69.17217999999991, -16.047869999999932], [-69.16944999999993, -16.050649999999905], [-69.16629999999992, -16.052829999999915]], [[-68.59109999999993, -16.248159999999928], [-68.59024999999991, -16.24738999999994], [-68.58987999999994, -16.24493999999993], [-68.58863999999994, -16.242039999999918], [-68.58873999999992, -16.24001999999996], [-68.58961999999991, -16.237939999999924], [-68.5895799999999, -16.23613999999992], [-68.59136999999993, -16.234089999999924], [-68.5922799999999, -16.23058999999995], [-68.59376999999995, -16.22857999999991], [-68.59467999999993, -16.227879999999914], [-68.59555999999992, -16.227579999999932], [-68.59715999999992, -16.227229999999906], [-68.5985599999999, -16.22721999999993], [-68.59953999999993, -16.228149999999914], [-68.60023999999993, -16.23004999999995], [-68.60011999999995, -16.23478999999992], [-68.59963999999991, -16.23882999999995], [-68.5984699999999, -16.24076999999994], [-68.5979299999999, -16.242959999999925], [-68.59670999999992, -16.24357999999995], [-68.59289999999993, -16.247559999999908], [-68.59109999999993, -16.248159999999928]], [[-68.84891999999991, -16.273999999999944], [-68.84664999999995, -16.272419999999954], [-68.84646999999995, -16.27201999999994], [-68.84678999999994, -16.27117999999996], [-68.84766999999994, -16.271109999999908], [-68.84936999999991, -16.272649999999942], [-68.84958999999992, -16.273499999999956], [-68.84891999999991, -16.273999999999944]], [[-68.86998999999992, -16.27508999999992], [-68.86899999999991, -16.274499999999932], [-68.86736999999994, -16.27446999999995], [-68.86671999999993, -16.274239999999907], [-68.86570999999992, -16.27299999999991], [-68.86454999999995, -16.27052999999995], [-68.86462999999992, -16.269639999999924], [-68.86522999999994, -16.268959999999936], [-68.86563999999993, -16.26875999999993], [-68.86633999999992, -16.268809999999917], [-68.86801999999994, -16.267589999999927], [-68.8688699999999, -16.26723999999996], [-68.86979999999994, -16.267289999999946], [-68.8707399999999, -16.267939999999953], [-68.87159999999994, -16.269279999999924], [-68.87202999999994, -16.270559999999932], [-68.87188999999995, -16.272129999999947], [-68.87123999999994, -16.274059999999906], [-68.8710099999999, -16.274449999999945], [-68.86998999999992, -16.27508999999992]], [[-68.84834999999993, -16.279739999999947], [-68.8480899999999, -16.277049999999917], [-68.8484499999999, -16.27648999999991], [-68.84933999999993, -16.276339999999948], [-68.84985999999992, -16.277049999999917], [-68.84983999999992, -16.278839999999946], [-68.84906999999993, -16.27965999999992], [-68.84834999999993, -16.279739999999947]], [[-68.80421999999993, -16.30281999999994], [-68.80274999999995, -16.301719999999932], [-68.80253999999991, -16.300169999999923], [-68.80304999999993, -16.298449999999946], [-68.80387999999994, -16.29765999999995], [-68.80455999999992, -16.29750999999993], [-68.80559999999991, -16.297969999999907], [-68.80660999999992, -16.29890999999992], [-68.80698999999993, -16.299729999999954], [-68.80707999999993, -16.30084999999991], [-68.80687999999992, -16.30195999999995], [-68.80642999999992, -16.302469999999914], [-68.8055799999999, -16.302839999999946], [-68.80421999999993, -16.30281999999994]], [[-68.81341999999995, -16.303369999999916], [-68.81035999999995, -16.299639999999954], [-68.80873999999994, -16.297999999999945], [-68.80794999999995, -16.297529999999938], [-68.8057399999999, -16.29681999999991], [-68.80463999999995, -16.29597999999993], [-68.80390999999992, -16.295099999999934], [-68.80358999999993, -16.293329999999912], [-68.80257999999992, -16.291549999999916], [-68.80232999999993, -16.290679999999952], [-68.80235999999991, -16.28842999999995], [-68.80274999999995, -16.287129999999934], [-68.80500999999992, -16.283969999999954], [-68.80580999999995, -16.28314999999992], [-68.80678999999992, -16.282539999999926], [-68.80786999999992, -16.282119999999907], [-68.80855999999994, -16.282149999999945], [-68.81008999999995, -16.281109999999956], [-68.81144999999992, -16.280839999999955], [-68.81258999999994, -16.281039999999905], [-68.81425999999993, -16.28225999999995], [-68.81561999999991, -16.282459999999958], [-68.81634999999994, -16.28189999999995], [-68.81810999999993, -16.27979999999991], [-68.82092999999992, -16.27822999999995], [-68.82325999999995, -16.275709999999947], [-68.82451999999995, -16.275129999999933], [-68.82654999999994, -16.274599999999907], [-68.82771999999994, -16.27451999999994], [-68.82862999999992, -16.27469999999994], [-68.82936999999993, -16.275549999999953], [-68.82943999999992, -16.276439999999923], [-68.8266999999999, -16.279499999999928], [-68.82586999999995, -16.282779999999946], [-68.82502999999991, -16.28463999999991], [-68.82340999999991, -16.28654999999992], [-68.82299999999992, -16.286749999999927], [-68.82159999999993, -16.286719999999946], [-68.82102999999995, -16.28740999999991], [-68.82123999999993, -16.28800999999993], [-68.8236399999999, -16.28980999999993], [-68.8241999999999, -16.29078999999996], [-68.8246499999999, -16.293689999999913], [-68.82450999999992, -16.29502999999994], [-68.82413999999994, -16.29609999999991], [-68.8227599999999, -16.297619999999938], [-68.8213399999999, -16.298799999999915], [-68.82046999999994, -16.29908999999992], [-68.8165699999999, -16.302659999999946], [-68.81549999999993, -16.303109999999947], [-68.81341999999995, -16.303369999999916]], [[-68.75974999999994, -16.315839999999923], [-68.75841999999994, -16.314919999999915], [-68.75810999999993, -16.314089999999908], [-68.75831999999991, -16.312529999999924], [-68.75945999999993, -16.31084999999996], [-68.75943999999993, -16.309499999999957], [-68.75912999999991, -16.308649999999943], [-68.75867999999991, -16.308599999999956], [-68.75803999999994, -16.30887999999993], [-68.75571999999994, -16.311989999999923], [-68.75509999999991, -16.31221999999991], [-68.75340999999992, -16.31147999999996], [-68.7530799999999, -16.310899999999947], [-68.7529199999999, -16.30955999999992], [-68.75127999999995, -16.308319999999924], [-68.75037999999995, -16.308119999999917], [-68.74876999999992, -16.308389999999918], [-68.74759999999992, -16.30833999999993], [-68.74648999999994, -16.308019999999942], [-68.74604999999991, -16.307499999999948], [-68.74577999999991, -16.306409999999914], [-68.74619999999993, -16.30589999999995], [-68.75170999999995, -16.304859999999906], [-68.75384999999994, -16.303959999999904], [-68.75510999999995, -16.30298999999991], [-68.75497999999993, -16.302109999999914], [-68.75437999999991, -16.30141999999995], [-68.75125999999995, -16.299879999999916], [-68.75016999999991, -16.299039999999934], [-68.74983999999995, -16.298439999999914], [-68.74977999999993, -16.297769999999957], [-68.75020999999992, -16.296749999999918], [-68.75091999999995, -16.296149999999955], [-68.75177999999994, -16.29579999999993], [-68.75499999999994, -16.29526999999996], [-68.75733999999994, -16.29520999999994], [-68.76008999999993, -16.29574999999994], [-68.76146999999992, -16.29556999999994], [-68.76289999999995, -16.294809999999927], [-68.7668799999999, -16.291669999999954], [-68.76835999999992, -16.290979999999934], [-68.7699399999999, -16.29057999999992], [-68.77179999999993, -16.290529999999933], [-68.77386999999993, -16.29090999999994], [-68.77603999999991, -16.291749999999922], [-68.77783999999991, -16.292799999999943], [-68.77934999999991, -16.294209999999907], [-68.78055999999992, -16.295869999999923], [-68.78105999999991, -16.297129999999925], [-68.78125999999992, -16.298929999999928], [-68.78108999999995, -16.300499999999943], [-68.78045999999995, -16.302199999999914], [-68.77794999999992, -16.305999999999926], [-68.77590999999995, -16.308179999999936], [-68.7743299999999, -16.30910999999992], [-68.77293999999995, -16.309139999999957], [-68.76904999999994, -16.30836999999991], [-68.76835999999992, -16.308449999999937], [-68.76770999999991, -16.309359999999913], [-68.7677799999999, -16.310479999999927], [-68.76738999999992, -16.311539999999923], [-68.76580999999993, -16.313489999999945], [-68.76391999999993, -16.31480999999991], [-68.76245999999992, -16.31552999999991], [-68.75974999999994, -16.315839999999923]], [[-68.75207999999992, -16.32991999999996], [-68.7510299999999, -16.329419999999914], [-68.75052999999991, -16.328959999999938], [-68.7504199999999, -16.32806999999991], [-68.7508499999999, -16.327279999999917], [-68.75260999999995, -16.32546999999994], [-68.75529999999992, -16.323299999999904], [-68.75691999999992, -16.32239999999996], [-68.75761999999992, -16.32230999999996], [-68.75803999999994, -16.32248999999996], [-68.75868999999994, -16.323419999999942], [-68.75885999999991, -16.324289999999905], [-68.75798999999995, -16.325339999999926], [-68.7578299999999, -16.327579999999955], [-68.7573799999999, -16.32836999999995], [-68.75653999999992, -16.329149999999913], [-68.75549999999993, -16.329669999999908], [-68.75207999999992, -16.32991999999996]], [[-68.68893999999995, -16.35358999999994], [-68.68576999999993, -16.350579999999923], [-68.6854899999999, -16.349969999999928], [-68.68560999999994, -16.348849999999914], [-68.68639999999994, -16.347219999999936], [-68.6871799999999, -16.34638999999993], [-68.68875999999995, -16.34669999999994], [-68.69130999999993, -16.346409999999935], [-68.69189999999992, -16.346759999999904], [-68.6921999999999, -16.347359999999924], [-68.69242999999994, -16.349609999999927], [-68.69222999999994, -16.35116999999991], [-68.69153999999992, -16.352349999999944], [-68.69015999999993, -16.35355999999996], [-68.68893999999995, -16.35358999999994]], [[-68.70021999999994, -16.358439999999916], [-68.69936999999993, -16.357669999999928], [-68.69922999999994, -16.357009999999946], [-68.69933999999995, -16.35611999999992], [-68.6999199999999, -16.354909999999904], [-68.69931999999994, -16.35272999999995], [-68.69949999999994, -16.352319999999906], [-68.69990999999993, -16.35212999999993], [-68.70163999999994, -16.35281999999995], [-68.7042899999999, -16.354259999999954], [-68.70480999999995, -16.354699999999923], [-68.70499999999993, -16.355339999999956], [-68.70467999999994, -16.356409999999926], [-68.70336999999995, -16.356799999999907], [-68.70174999999995, -16.35841999999991], [-68.70021999999994, -16.358439999999916]], [[-68.7296199999999, -16.36611999999991], [-68.72877999999992, -16.36534999999992], [-68.72865999999993, -16.364249999999913], [-68.73207999999994, -16.359679999999912], [-68.73295999999993, -16.358089999999947], [-68.73255999999992, -16.356349999999907], [-68.73131999999993, -16.355039999999917], [-68.73111999999992, -16.353929999999934], [-68.73128999999994, -16.35304999999994], [-68.73209999999995, -16.352249999999913], [-68.7344799999999, -16.35080999999991], [-68.73525999999993, -16.34997999999996], [-68.73549999999994, -16.34910999999994], [-68.73543999999993, -16.346629999999948], [-68.73564999999991, -16.345759999999927], [-68.73797999999994, -16.344799999999907], [-68.74135999999993, -16.34202999999991], [-68.74249999999995, -16.341869999999915], [-68.74361999999991, -16.342169999999953], [-68.74465999999995, -16.343359999999905], [-68.74511999999993, -16.345099999999945], [-68.74498999999992, -16.34689999999995], [-68.74437999999992, -16.347849999999937], [-68.74430999999993, -16.34964999999994], [-68.74401999999992, -16.350499999999954], [-68.74279999999993, -16.352159999999913], [-68.74115999999992, -16.35376999999994], [-68.73939999999993, -16.354329999999948], [-68.73676999999992, -16.356199999999944], [-68.73618999999991, -16.35716999999994], [-68.73573999999991, -16.36005999999992], [-68.73404999999991, -16.363279999999918], [-68.73119999999994, -16.36593999999991], [-68.7305399999999, -16.366159999999923], [-68.7296199999999, -16.36611999999991]]]}, "properties": {"OBJECTID": 7, "NOMBRE": "LAGO TITICACA (BOLIVIA)", "PROV": "LAGO TITICACA (BOLIVIA)", "DPTO": "LAGO TITICACA (BOLIVIA)", "Shape_Leng": 8.37081312897, "Shape_Area": 0.25363927785}}, {"type": "Feature", "geometry": {"type": "MultiPolygon", "coordinates": [[[[-69.65661999999992, -15.270959999999945], [-69.65690999999993, -15.271269999999959], [-69.65827999999993, -15.271579999999915], [-69.6603399999999, -15.271639999999934], [-69.66439999999994, -15.269909999999925], [-69.6660599999999, -15.26902999999993], [-69.66766999999993, -15.267679999999928], [-69.66800999999992, -15.267659999999921], [-69.66860999999994, -15.268909999999948], [-69.66842999999994, -15.271489999999915], [-69.66896999999994, -15.27374999999995], [-69.6688299999999, -15.274309999999957], [-69.6683999999999, -15.274579999999958], [-69.66665999999992, -15.27472999999992], [-69.66368999999992, -15.278319999999951], [-69.66009999999994, -15.280259999999942], [-69.65707999999995, -15.282459999999958], [-69.6561099999999, -15.282389999999907], [-69.65528999999992, -15.281969999999944], [-69.65417999999994, -15.281939999999906], [-69.65222999999992, -15.282549999999958], [-69.6485899999999, -15.282629999999926], [-69.64701999999994, -15.282539999999926], [-69.64616999999993, -15.282149999999945], [-69.64381999999995, -15.281959999999913], [-69.6428699999999, -15.282349999999951], [-69.64266999999995, -15.28398999999996], [-69.64224999999993, -15.284439999999904], [-69.64093999999994, -15.285989999999913], [-69.64074999999991, -15.287039999999934], [-69.6412699999999, -15.288169999999923], [-69.64263999999991, -15.28827999999993], [-69.64360999999991, -15.289279999999906], [-69.64357999999993, -15.290359999999907], [-69.64317999999992, -15.291189999999915], [-69.64346999999992, -15.293679999999938], [-69.64336999999995, -15.294709999999952], [-69.64158999999995, -15.298259999999914], [-69.63425999999993, -15.309429999999907], [-69.6339099999999, -15.311399999999935], [-69.63430999999991, -15.312859999999944], [-69.63508999999993, -15.313379999999938], [-69.63589999999994, -15.313309999999944], [-69.63938999999993, -15.310929999999928], [-69.64191999999991, -15.30860999999993], [-69.64468999999991, -15.305249999999944], [-69.64871999999991, -15.301569999999913], [-69.65219999999994, -15.297109999999918], [-69.6531599999999, -15.297269999999912], [-69.6532699999999, -15.298159999999939], [-69.65077999999994, -15.302629999999908], [-69.64857999999992, -15.305019999999956], [-69.6450999999999, -15.31051999999994], [-69.6444699999999, -15.31191999999993], [-69.64337999999992, -15.315759999999955], [-69.64251999999993, -15.317589999999939], [-69.64107999999993, -15.319409999999948], [-69.63959999999992, -15.320799999999906], [-69.6352599999999, -15.32320999999996], [-69.63388999999995, -15.324359999999956], [-69.63337999999993, -15.32540999999992], [-69.6325799999999, -15.32863999999995], [-69.63013999999993, -15.33310999999992], [-69.62999999999994, -15.334199999999953], [-69.63018999999991, -15.33540999999991], [-69.63076999999993, -15.336139999999943], [-69.63156999999995, -15.336639999999932], [-69.63376999999991, -15.336439999999925], [-69.63452999999993, -15.335879999999918], [-69.63559999999995, -15.335639999999955], [-69.6386599999999, -15.33373999999992], [-69.63944999999995, -15.333809999999914], [-69.63983999999994, -15.334569999999928], [-69.63903999999991, -15.335719999999924], [-69.6374199999999, -15.337189999999907], [-69.63279999999992, -15.340139999999906], [-69.63087999999993, -15.342579999999941], [-69.63054999999991, -15.344439999999906], [-69.63073999999995, -15.345589999999959], [-69.6318599999999, -15.34621999999996], [-69.63388999999995, -15.346449999999948], [-69.63482999999991, -15.347479999999905], [-69.63478999999995, -15.347949999999912], [-69.63333999999992, -15.349769999999921], [-69.63366999999994, -15.350599999999929], [-69.63437999999991, -15.350839999999948], [-69.6351699999999, -15.35167999999993], [-69.6339099999999, -15.35331999999994], [-69.6317699999999, -15.355029999999942], [-69.62958999999995, -15.355969999999957], [-69.62875999999994, -15.356089999999938], [-69.62802999999991, -15.35561999999993], [-69.62677999999994, -15.353999999999928], [-69.6244299999999, -15.352439999999945], [-69.62420999999995, -15.352079999999944], [-69.62446999999992, -15.351509999999905], [-69.62587999999994, -15.350789999999904], [-69.62820999999991, -15.348499999999945], [-69.6286399999999, -15.347499999999911], [-69.62876999999992, -15.34641999999991], [-69.62784999999991, -15.34465999999992], [-69.62597999999991, -15.34298999999993], [-69.62513999999993, -15.34265999999991], [-69.62339999999995, -15.34298999999993], [-69.62152999999995, -15.344369999999913], [-69.61934999999994, -15.346619999999916], [-69.61820999999992, -15.348459999999932], [-69.61581999999993, -15.351119999999923], [-69.61504999999994, -15.35313999999994], [-69.6139599999999, -15.354679999999917], [-69.6119799999999, -15.354999999999905], [-69.61068999999992, -15.35492999999991], [-69.60915999999992, -15.354539999999929], [-69.60561999999993, -15.354609999999923], [-69.60305999999991, -15.357059999999933], [-69.60143999999991, -15.357659999999953], [-69.6008799999999, -15.358579999999904], [-69.6011299999999, -15.359599999999944], [-69.60180999999994, -15.359999999999957], [-69.60244999999992, -15.360079999999925], [-69.6047299999999, -15.35946999999993], [-69.6059899999999, -15.35955999999993], [-69.60645999999991, -15.360169999999925], [-69.60599999999994, -15.361479999999915], [-69.60484999999994, -15.36199999999991], [-69.6018699999999, -15.362289999999916], [-69.59892999999994, -15.363429999999937], [-69.59836999999993, -15.364169999999945], [-69.59653999999995, -15.368089999999938], [-69.59559999999993, -15.36931999999996], [-69.59268999999995, -15.371179999999924], [-69.58898999999991, -15.372919999999908], [-69.58838999999995, -15.372739999999908], [-69.58813999999995, -15.372179999999958], [-69.58936999999992, -15.37092999999993], [-69.58961999999991, -15.370409999999936], [-69.58960999999994, -15.369179999999915], [-69.58924999999994, -15.367999999999938], [-69.58782999999994, -15.367309999999918], [-69.58150999999992, -15.367269999999905], [-69.57842999999991, -15.366619999999955], [-69.57798999999994, -15.366159999999923], [-69.57789999999994, -15.365569999999934], [-69.57800999999995, -15.364489999999932], [-69.57860999999991, -15.362909999999943], [-69.57818999999995, -15.361599999999953], [-69.5755299999999, -15.361319999999921], [-69.57376999999991, -15.360719999999958], [-69.5707799999999, -15.361079999999959], [-69.56949999999995, -15.361669999999947], [-69.56855999999993, -15.361489999999947], [-69.56870999999995, -15.360749999999939], [-69.57169999999991, -15.358019999999954], [-69.57258999999993, -15.356049999999925], [-69.57249999999993, -15.355449999999905], [-69.57214999999991, -15.354979999999955], [-69.57072999999991, -15.35498999999993], [-69.56925999999993, -15.35447999999991], [-69.56874999999991, -15.35334999999992], [-69.57033999999993, -15.352389999999957], [-69.57126999999991, -15.352319999999906], [-69.57209999999992, -15.351899999999944], [-69.5731199999999, -15.350919999999917], [-69.57343999999995, -15.349749999999915], [-69.57306999999992, -15.348899999999958], [-69.57181999999995, -15.348849999999914], [-69.57047999999992, -15.348409999999944], [-69.56852999999995, -15.346819999999923], [-69.56769999999995, -15.34648999999996], [-69.56720999999993, -15.346649999999954], [-69.56585999999993, -15.347929999999906], [-69.56428999999991, -15.350419999999929], [-69.5636399999999, -15.352479999999957], [-69.56338999999991, -15.355539999999905], [-69.56272999999993, -15.357429999999908], [-69.56166999999994, -15.357669999999928], [-69.56053999999995, -15.356859999999926], [-69.55880999999994, -15.356609999999932], [-69.55793999999992, -15.35689999999994], [-69.55704999999995, -15.357789999999909], [-69.55688999999995, -15.35961999999995], [-69.55826999999994, -15.362199999999916], [-69.5582599999999, -15.363149999999905], [-69.55430999999993, -15.365699999999947], [-69.55355999999995, -15.367039999999918], [-69.55280999999991, -15.369399999999928], [-69.55319999999995, -15.370199999999954], [-69.55588999999992, -15.370009999999922], [-69.55669999999992, -15.370529999999917], [-69.55680999999993, -15.37092999999993], [-69.55661999999995, -15.371519999999919], [-69.55562999999995, -15.37274999999994], [-69.55407999999994, -15.37408999999991], [-69.55247999999995, -15.375069999999937], [-69.55042999999995, -15.375889999999913], [-69.54512999999992, -15.377439999999922], [-69.54290999999995, -15.378949999999918], [-69.54169999999993, -15.379269999999906], [-69.54125999999991, -15.379119999999944], [-69.53992999999991, -15.37775999999991], [-69.53926999999993, -15.377389999999934], [-69.5333599999999, -15.376479999999958], [-69.53293999999994, -15.375639999999919], [-69.53284999999994, -15.374699999999905], [-69.53410999999994, -15.373159999999928], [-69.53426999999994, -15.37241999999992], [-69.53327999999993, -15.37125999999995], [-69.53161999999992, -15.370079999999916], [-69.52960999999993, -15.369639999999947], [-69.5277299999999, -15.369539999999915], [-69.52624999999995, -15.370089999999948], [-69.5246699999999, -15.370089999999948], [-69.52282999999994, -15.370619999999917], [-69.52184999999992, -15.371359999999925], [-69.51971999999995, -15.373659999999916], [-69.51834999999994, -15.37441999999993], [-69.51722999999993, -15.375529999999912], [-69.51699999999994, -15.37686999999994], [-69.51761999999991, -15.378439999999955], [-69.51898999999992, -15.380669999999952], [-69.51981999999992, -15.381379999999922], [-69.52069999999992, -15.381739999999922], [-69.52244999999994, -15.38178999999991], [-69.5249399999999, -15.380239999999958], [-69.52618999999993, -15.380269999999939], [-69.5266299999999, -15.38074999999992], [-69.52672999999993, -15.38133999999991], [-69.52651999999995, -15.383189999999956], [-69.52568999999994, -15.385009999999909], [-69.52616999999992, -15.386129999999923], [-69.52672999999993, -15.386679999999956], [-69.5277999999999, -15.386959999999931], [-69.53060999999991, -15.384969999999953], [-69.53153999999995, -15.384819999999934], [-69.53215999999992, -15.385509999999954], [-69.53222999999991, -15.386449999999911], [-69.5321199999999, -15.386909999999943], [-69.5314699999999, -15.387739999999951], [-69.5273499999999, -15.391589999999951], [-69.52086999999995, -15.398739999999918], [-69.51753999999994, -15.400809999999922], [-69.5163399999999, -15.40181999999993], [-69.51358999999991, -15.406289999999956], [-69.51198999999991, -15.407769999999914], [-69.5093599999999, -15.408339999999953], [-69.50731999999994, -15.408249999999953], [-69.50513999999993, -15.407329999999945], [-69.50106999999991, -15.403949999999952], [-69.49916999999994, -15.403969999999958], [-69.49787999999995, -15.404489999999953], [-69.49718999999993, -15.405689999999936], [-69.49723999999992, -15.407239999999945], [-69.49752999999993, -15.408279999999934], [-69.49964999999992, -15.41091999999992], [-69.49903999999992, -15.412499999999909], [-69.49497999999994, -15.416849999999954], [-69.49238999999994, -15.41799999999995], [-69.49159999999995, -15.417989999999918], [-69.49053999999995, -15.418349999999919], [-69.48722999999995, -15.421419999999955], [-69.48452999999995, -15.422259999999937], [-69.4820499999999, -15.424849999999935], [-69.47687999999994, -15.426749999999913], [-69.47694999999993, -15.427389999999946], [-69.47806999999995, -15.42957999999993], [-69.47780999999992, -15.430949999999939], [-69.4739899999999, -15.43438999999995], [-69.46681999999993, -15.439469999999915], [-69.4647799999999, -15.441209999999955], [-69.4640599999999, -15.442699999999945], [-69.46341999999993, -15.444939999999917], [-69.46277999999995, -15.449799999999925], [-69.46184999999991, -15.451399999999921], [-69.45982999999995, -15.452889999999911], [-69.45934999999992, -15.452849999999955], [-69.45778999999993, -15.453599999999938], [-69.45668999999992, -15.453629999999919], [-69.45350999999994, -15.454609999999946], [-69.44896999999992, -15.45637999999991], [-69.44782999999995, -15.45721999999995], [-69.44677999999993, -15.458389999999952], [-69.44549999999992, -15.460859999999911], [-69.44431999999995, -15.46237999999994], [-69.44335999999993, -15.462639999999908], [-69.44142999999991, -15.462349999999958], [-69.4404199999999, -15.462949999999921], [-69.4403999999999, -15.464489999999955], [-69.43872999999991, -15.467089999999928], [-69.4372899999999, -15.470669999999927], [-69.43696999999992, -15.472009999999955], [-69.43696999999992, -15.473999999999933], [-69.43655999999993, -15.47515999999996], [-69.4364799999999, -15.47780999999992], [-69.4366599999999, -15.48007999999993], [-69.43702999999994, -15.480879999999956], [-69.43811999999991, -15.48156999999992], [-69.44027999999992, -15.48207999999994], [-69.44097999999991, -15.482909999999947], [-69.44121999999993, -15.484429999999918], [-69.44082999999995, -15.48541999999992], [-69.44072999999992, -15.48679999999996], [-69.44154999999995, -15.489109999999926], [-69.44155999999992, -15.48986999999994], [-69.4409399999999, -15.49144999999993], [-69.43815999999993, -15.49371999999994], [-69.43736999999993, -15.495049999999935], [-69.4329699999999, -15.499249999999904], [-69.43255999999991, -15.50082999999995], [-69.43290999999994, -15.504329999999925], [-69.43205999999992, -15.505799999999908], [-69.43155999999993, -15.505769999999927], [-69.4311899999999, -15.50547999999992], [-69.43074999999993, -15.503499999999917], [-69.43029999999993, -15.50273999999996], [-69.42923999999994, -15.502009999999927], [-69.42818999999992, -15.501799999999946], [-69.42629999999991, -15.502089999999953], [-69.42388999999991, -15.504329999999925], [-69.42320999999993, -15.504729999999938], [-69.41988999999995, -15.504529999999932], [-69.41806999999994, -15.505469999999946], [-69.4174799999999, -15.505419999999958], [-69.41672999999992, -15.50476999999995], [-69.41631999999993, -15.500969999999938], [-69.41520999999995, -15.499439999999936], [-69.41492999999991, -15.498449999999934], [-69.41523999999993, -15.496609999999919], [-69.41583999999995, -15.496099999999956], [-69.41689999999994, -15.495769999999936], [-69.42146999999994, -15.495529999999917], [-69.42412999999993, -15.493849999999952], [-69.42677999999995, -15.490599999999915], [-69.4281499999999, -15.48971999999992], [-69.43071999999995, -15.48679999999996], [-69.4326099999999, -15.485579999999914], [-69.43369999999993, -15.483719999999948], [-69.43423999999993, -15.481609999999932], [-69.43354999999991, -15.480399999999918], [-69.43227999999993, -15.479309999999941], [-69.43107999999995, -15.479799999999955], [-69.43063999999993, -15.480269999999905], [-69.4298399999999, -15.480379999999911], [-69.42933999999991, -15.480069999999955], [-69.42811999999992, -15.478629999999953], [-69.42767999999995, -15.478479999999934], [-69.42489999999992, -15.480799999999931], [-69.42397999999991, -15.481329999999957], [-69.42252999999994, -15.481229999999925], [-69.4210599999999, -15.48031999999995], [-69.42027999999993, -15.480159999999955], [-69.4183099999999, -15.48138999999992], [-69.41467999999992, -15.481409999999926], [-69.4131799999999, -15.481939999999952], [-69.41241999999994, -15.482499999999959], [-69.41116999999991, -15.482509999999934], [-69.40918999999991, -15.483069999999941], [-69.40634999999992, -15.48287999999991], [-69.40440999999993, -15.481879999999933], [-69.3995099999999, -15.482059999999933], [-69.3969899999999, -15.481859999999926], [-69.39570999999995, -15.481329999999957], [-69.39471999999995, -15.480509999999924], [-69.39459999999991, -15.47965999999991], [-69.39486999999991, -15.477339999999913], [-69.39470999999992, -15.476909999999918], [-69.3899899999999, -15.473109999999906], [-69.38541999999995, -15.47279999999995], [-69.38349999999991, -15.472079999999949], [-69.38162999999992, -15.471919999999955], [-69.3786199999999, -15.472129999999936], [-69.3758499999999, -15.47273999999993], [-69.37191999999993, -15.475829999999917], [-69.3672699999999, -15.477779999999939], [-69.36436999999995, -15.480389999999943], [-69.36144999999993, -15.481109999999944], [-69.36005999999992, -15.481669999999951], [-69.35894999999994, -15.482639999999947], [-69.35843999999992, -15.48455999999993], [-69.35824999999994, -15.487229999999954], [-69.35823999999991, -15.487469999999917], [-69.35895999999991, -15.488099999999918], [-69.35897999999992, -15.488989999999944], [-69.3583999999999, -15.489909999999952], [-69.35836999999992, -15.491279999999904], [-69.3581299999999, -15.491849999999943], [-69.3563299999999, -15.49398999999994], [-69.35602999999992, -15.494709999999941], [-69.3559699999999, -15.495959999999911], [-69.35666999999995, -15.497279999999932], [-69.35822999999993, -15.49881999999991], [-69.35867999999994, -15.498879999999929], [-69.3593899999999, -15.499499999999955], [-69.35966999999994, -15.500219999999956], [-69.35962999999992, -15.500979999999913], [-69.35898999999995, -15.50204999999994], [-69.35726999999991, -15.50404999999995], [-69.3562599999999, -15.505969999999934], [-69.3516899999999, -15.509759999999915], [-69.35161999999991, -15.510499999999922], [-69.35224999999991, -15.511619999999937], [-69.3530199999999, -15.512129999999956], [-69.35351999999995, -15.51210999999995], [-69.35464999999994, -15.511279999999942], [-69.35564999999991, -15.509199999999908], [-69.35647999999992, -15.509139999999945], [-69.35744999999991, -15.510299999999916], [-69.3590299999999, -15.513989999999922], [-69.3595699999999, -15.514769999999942], [-69.36011999999994, -15.51502999999991], [-69.36124999999993, -15.515049999999917], [-69.3626799999999, -15.51430999999991], [-69.36300999999992, -15.51368999999994], [-69.3629699999999, -15.512569999999926], [-69.36147999999991, -15.508059999999944], [-69.36180999999993, -15.505319999999926], [-69.36288999999994, -15.502299999999934], [-69.36279999999994, -15.50153999999992], [-69.36198999999993, -15.500429999999938], [-69.36213999999995, -15.499059999999929], [-69.3625899999999, -15.498409999999922], [-69.36335999999994, -15.497859999999946], [-69.36513999999994, -15.497649999999908], [-69.3661899999999, -15.49843999999996], [-69.3679699999999, -15.500659999999925], [-69.36880999999994, -15.50117999999992], [-69.37015999999994, -15.501609999999914], [-69.3719099999999, -15.501699999999914], [-69.37250999999992, -15.501569999999958], [-69.3734399999999, -15.500689999999906], [-69.37392999999992, -15.499759999999924], [-69.37366999999995, -15.49870999999996], [-69.37204999999994, -15.497469999999907], [-69.36925999999994, -15.496979999999951], [-69.36882999999995, -15.496509999999944], [-69.36871999999994, -15.495739999999955], [-69.37159999999994, -15.491709999999955], [-69.37184999999994, -15.489739999999927], [-69.37365999999992, -15.487229999999954], [-69.37365999999992, -15.48568999999992], [-69.37418999999994, -15.484409999999912], [-69.37537999999995, -15.48296999999991], [-69.37754999999993, -15.481719999999939], [-69.37802999999991, -15.481759999999952], [-69.3785299999999, -15.48216999999994], [-69.3786399999999, -15.483369999999923], [-69.37760999999995, -15.485939999999914], [-69.37594999999993, -15.488359999999943], [-69.37555999999995, -15.489609999999914], [-69.3755999999999, -15.490619999999922], [-69.37676999999991, -15.49144999999993], [-69.37896999999992, -15.491679999999917], [-69.37972999999994, -15.492189999999937], [-69.38029999999992, -15.49329999999992], [-69.37946999999991, -15.495439999999917], [-69.37968999999993, -15.496949999999913], [-69.38058999999993, -15.497819999999933], [-69.3824899999999, -15.498509999999953], [-69.38337999999993, -15.499969999999905], [-69.38522999999992, -15.50162999999992], [-69.3859799999999, -15.501909999999953], [-69.38672999999994, -15.50180999999992], [-69.38720999999993, -15.501159999999913], [-69.38812999999993, -15.499039999999923], [-69.38876999999991, -15.498989999999935], [-69.3892899999999, -15.499319999999955], [-69.39024999999992, -15.50141999999994], [-69.39046999999994, -15.503699999999924], [-69.39121999999992, -15.50651999999991], [-69.39060999999992, -15.508419999999944], [-69.38974999999994, -15.509539999999959], [-69.38650999999993, -15.511429999999905], [-69.38179999999994, -15.513649999999927], [-69.38073999999995, -15.513949999999909], [-69.3796299999999, -15.513939999999934], [-69.37831999999992, -15.51448999999991], [-69.37709999999993, -15.51466999999991], [-69.37453999999991, -15.516739999999913], [-69.37180999999993, -15.519919999999956], [-69.36817999999994, -15.521909999999934], [-69.36608999999993, -15.522479999999916], [-69.36502999999993, -15.522359999999935], [-69.36194999999992, -15.521459999999934], [-69.36068999999992, -15.52147999999994], [-69.35995999999994, -15.521789999999953], [-69.35775999999993, -15.52359999999993], [-69.35675999999995, -15.524739999999952], [-69.35680999999994, -15.525389999999959], [-69.35724999999991, -15.525999999999954], [-69.35810999999995, -15.526689999999917], [-69.3590299999999, -15.526969999999949], [-69.35939999999994, -15.527439999999956], [-69.35885999999994, -15.528699999999958], [-69.35700999999995, -15.529899999999941], [-69.3550899999999, -15.530629999999917], [-69.35115999999994, -15.530959999999936], [-69.3474799999999, -15.531879999999944], [-69.34491999999995, -15.533079999999927], [-69.34410999999994, -15.533089999999959], [-69.34311999999994, -15.533849999999916], [-69.34248999999994, -15.533869999999922], [-69.33890999999994, -15.536129999999957], [-69.33636999999993, -15.536069999999938], [-69.33291999999994, -15.53758999999991], [-69.33061999999995, -15.537669999999935], [-69.38545999999991, -15.69775999999996], [-69.29139999999995, -16.00081999999992], [-69.26039999999995, -16.098209999999938], [-69.24570999999992, -16.144399999999905], [-69.20844999999991, -16.165209999999945], [-69.19742999999994, -16.17151999999993], [-69.19612999999993, -16.171999999999912], [-69.19549999999992, -16.17229999999995], [-69.18496999999991, -16.17807999999991], [-69.16390999999993, -16.189749999999947], [-69.12483999999995, -16.211669999999913], [-69.10343999999992, -16.223529999999926], [-69.10324999999995, -16.223559999999907], [-69.10336999999993, -16.224099999999908], [-69.10330999999991, -16.225679999999954], [-69.10268999999994, -16.227619999999945], [-69.10104999999993, -16.23007999999993], [-69.0982899999999, -16.232509999999934], [-69.09370999999993, -16.234759999999937], [-69.09304999999995, -16.235399999999913], [-69.09293999999994, -16.23649999999992], [-69.0935399999999, -16.237969999999905], [-69.0941699999999, -16.23890999999992], [-69.09553999999991, -16.24013999999994], [-69.09803999999991, -16.241819999999905], [-69.09950999999995, -16.24249999999995], [-69.10318999999993, -16.243159999999932], [-69.10550999999992, -16.24257999999992], [-69.10733999999991, -16.24084999999991], [-69.1079499999999, -16.240509999999915], [-69.10957999999994, -16.241329999999948], [-69.11096999999995, -16.241459999999904], [-69.11235999999991, -16.241259999999954], [-69.11403999999993, -16.240479999999934], [-69.11541999999992, -16.240389999999934], [-69.11608999999993, -16.239759999999933], [-69.1162799999999, -16.239129999999932], [-69.11425999999994, -16.23768999999993], [-69.11529999999993, -16.23682999999994], [-69.11664999999994, -16.23663999999991], [-69.12783999999994, -16.242299999999943], [-69.12815999999992, -16.242899999999906], [-69.13000999999991, -16.243159999999932], [-69.13169999999991, -16.243949999999927], [-69.1331199999999, -16.245109999999954], [-69.13644999999991, -16.24616999999995], [-69.1371299999999, -16.24706999999995], [-69.13826999999992, -16.247319999999945], [-69.14364999999992, -16.249549999999942], [-69.14618999999993, -16.251159999999913], [-69.14951999999994, -16.252809999999954], [-69.1531799999999, -16.254299999999944], [-69.16206999999991, -16.256279999999947], [-69.16597999999993, -16.25777999999991], [-69.16823999999991, -16.258369999999957], [-69.17079999999993, -16.25842999999992], [-69.17308999999995, -16.257339999999942], [-69.17470999999995, -16.257139999999936], [-69.17728999999991, -16.257139999999936], [-69.17959999999994, -16.257429999999943], [-69.18588999999992, -16.258929999999907], [-69.18641999999994, -16.25905999999992], [-69.19695999999993, -16.262089999999944], [-69.19763999999992, -16.262679999999932], [-69.20039999999995, -16.263609999999915], [-69.20139999999992, -16.263939999999934], [-69.21080999999992, -16.266659999999945], [-69.21335999999991, -16.266469999999913], [-69.2156599999999, -16.265379999999936], [-69.21704999999992, -16.265229999999917], [-69.21938999999992, -16.265289999999936], [-69.22342999999995, -16.266119999999944], [-69.22690999999992, -16.26577999999995], [-69.23227999999995, -16.265979999999956], [-69.23278999999991, -16.26526999999993], [-69.23284999999993, -16.262589999999932], [-69.23453999999992, -16.261879999999906], [-69.23638999999991, -16.261669999999924], [-69.23692999999992, -16.26263999999992], [-69.23717999999991, -16.264429999999948], [-69.23810999999995, -16.265709999999956], [-69.2465499999999, -16.26959999999991], [-69.24624999999992, -16.270389999999907], [-69.24392999999992, -16.27042999999992], [-69.24148999999994, -16.27120999999994], [-69.24024999999995, -16.271849999999915], [-69.23961999999995, -16.272779999999955], [-69.23980999999992, -16.273169999999936], [-69.2457599999999, -16.278599999999926], [-69.24649999999991, -16.279999999999916], [-69.24755999999991, -16.283699999999953], [-69.24821999999995, -16.284889999999905], [-69.24954999999994, -16.285789999999906], [-69.25022999999993, -16.285969999999907], [-69.2511199999999, -16.28573999999992], [-69.25350999999995, -16.284319999999923], [-69.25461999999993, -16.28397999999993], [-69.25740999999994, -16.284049999999922], [-69.25812999999994, -16.28460999999993], [-69.25834999999995, -16.28499999999991], [-69.25833999999992, -16.285669999999925], [-69.25651999999991, -16.289819999999906], [-69.25679999999994, -16.294779999999946], [-69.2573799999999, -16.29741999999993], [-69.25938999999994, -16.298929999999928], [-69.26175999999992, -16.298329999999908], [-69.26760999999993, -16.29311999999993], [-69.26988999999992, -16.289729999999906], [-69.27120999999994, -16.28931999999992], [-69.27447999999993, -16.289299999999912], [-69.27839999999992, -16.288659999999936], [-69.28108999999995, -16.28729999999996], [-69.28277999999995, -16.285759999999925], [-69.28329999999994, -16.28451999999993], [-69.28343999999993, -16.281579999999906], [-69.28379999999993, -16.280279999999948], [-69.28453999999994, -16.279409999999928], [-69.28749999999991, -16.27720999999991], [-69.28786999999994, -16.27663999999993], [-69.28847999999994, -16.27446999999995], [-69.29029999999995, -16.273069999999905], [-69.29062999999991, -16.27246999999994], [-69.2906999999999, -16.271349999999927], [-69.29045999999994, -16.27001999999993], [-69.28802999999994, -16.261999999999944], [-69.28794999999991, -16.260869999999954], [-69.28818999999993, -16.259769999999946], [-69.2897299999999, -16.257829999999956], [-69.29131999999993, -16.25747999999993], [-69.29428999999993, -16.25923999999992], [-69.29540999999995, -16.259559999999908], [-69.29606999999993, -16.259399999999914], [-69.29629999999992, -16.258769999999913], [-69.29622999999992, -16.257649999999956], [-69.29524999999995, -16.25639999999993], [-69.2949099999999, -16.255329999999958], [-69.29522999999995, -16.254269999999906], [-69.29619999999994, -16.25329999999991], [-69.29707999999994, -16.253019999999935], [-69.29801999999995, -16.253019999999935], [-69.3039599999999, -16.254209999999944], [-69.3088699999999, -16.254249999999956], [-69.31065999999993, -16.25476999999995], [-69.31400999999994, -16.256359999999916], [-69.31652999999994, -16.256839999999954], [-69.31862999999993, -16.256899999999916], [-69.32210999999995, -16.256459999999947], [-69.32667999999995, -16.255469999999946], [-69.32945999999993, -16.254599999999925], [-69.33489999999995, -16.252899999999954], [-69.34421999999995, -16.252179999999953], [-69.3504299999999, -16.251069999999913], [-69.3513999999999, -16.25045999999992], [-69.35529999999994, -16.24971999999991], [-69.35792999999995, -16.248759999999947], [-69.36202999999995, -16.24661999999995], [-69.36340999999993, -16.245399999999904], [-69.36659999999995, -16.241799999999955], [-69.3709199999999, -16.238699999999938], [-69.37301999999994, -16.23627999999991], [-69.3755799999999, -16.235229999999945], [-69.37830999999994, -16.23311999999993], [-69.38120999999995, -16.23016999999993], [-69.38307999999995, -16.227859999999907], [-69.38406999999995, -16.225939999999923], [-69.38472999999993, -16.223079999999925], [-69.38629999999995, -16.221109999999953], [-69.38986999999992, -16.217859999999916], [-69.39267999999993, -16.21625999999992], [-69.39542999999992, -16.21381999999994], [-69.39672999999993, -16.210689999999943], [-69.39904999999993, -16.207859999999926], [-69.39963999999992, -16.206399999999917], [-69.39998999999995, -16.204389999999933], [-69.4001199999999, -16.20145999999994], [-69.39992999999993, -16.199659999999938], [-69.3994899999999, -16.198389999999904], [-69.39803999999992, -16.19769999999994], [-69.39574999999991, -16.197259999999915], [-69.3943799999999, -16.197499999999934], [-69.39258999999993, -16.19855999999993], [-69.39191999999991, -16.198449999999923], [-69.39021999999994, -16.196909999999946], [-69.38884999999993, -16.196669999999926], [-69.38826999999992, -16.196309999999926], [-69.38719999999995, -16.19381999999996], [-69.38503999999995, -16.191469999999924], [-69.38484999999991, -16.189679999999953], [-69.38529999999992, -16.186789999999917], [-69.38598999999994, -16.185889999999915], [-69.38939999999991, -16.182809999999904], [-69.38952999999992, -16.181029999999907], [-69.38984999999991, -16.18071999999995], [-69.39053999999993, -16.180609999999945], [-69.39168999999993, -16.180789999999945], [-69.39760999999993, -16.183479999999918], [-69.40022999999991, -16.185359999999946], [-69.4034299999999, -16.188939999999945], [-69.40444999999994, -16.189479999999946], [-69.40560999999991, -16.189619999999934], [-69.41107999999991, -16.18841999999995], [-69.4143699999999, -16.187259999999924], [-69.41547999999995, -16.185829999999953], [-69.41612999999995, -16.18366999999995], [-69.41703999999993, -16.182369999999935], [-69.42163999999991, -16.180759999999907], [-69.42428999999993, -16.17858999999993], [-69.42613999999992, -16.178689999999904], [-69.42882999999995, -16.179469999999924], [-69.42945999999995, -16.179169999999942], [-69.43390999999991, -16.179979999999944], [-69.44205999999991, -16.186009999999953], [-69.44878999999992, -16.189179999999908], [-69.45078999999993, -16.190339999999935], [-69.45254999999992, -16.191829999999925], [-69.45458999999994, -16.19399999999996], [-69.45709999999991, -16.19751999999994], [-69.45916999999992, -16.199359999999956], [-69.46109999999993, -16.200619999999958], [-69.46222999999992, -16.20088999999996], [-69.46338999999995, -16.200789999999927], [-69.47016999999994, -16.198349999999948], [-69.47156999999993, -16.19822999999991], [-69.47318999999993, -16.198399999999936], [-69.47548999999992, -16.199489999999912], [-69.48005999999992, -16.20261999999991], [-69.48214999999993, -16.202569999999923], [-69.48459999999994, -16.203289999999924], [-69.48762999999991, -16.206089999999904], [-69.4892099999999, -16.20703999999995], [-69.49195999999995, -16.20729999999992], [-69.49515999999994, -16.20670999999993], [-69.50154999999995, -16.20294999999993], [-69.50413999999995, -16.201929999999948], [-69.50542999999993, -16.200959999999952], [-69.50828999999993, -16.19739999999996], [-69.51011999999992, -16.194249999999954], [-69.51154999999994, -16.189949999999953], [-69.51247999999993, -16.188659999999913], [-69.51319999999993, -16.186039999999934], [-69.51366999999993, -16.182909999999936], [-69.51369999999991, -16.179979999999944], [-69.51373999999993, -16.17590999999993], [-69.5132999999999, -16.172099999999944], [-69.51243999999991, -16.170249999999953], [-69.51126999999991, -16.16915999999992], [-69.5111399999999, -16.16826999999995], [-69.51144999999991, -16.16742999999991], [-69.51211999999992, -16.16679999999991], [-69.51377999999994, -16.166109999999946], [-69.5149199999999, -16.164669999999944], [-69.51621999999992, -16.16229999999996], [-69.51598999999993, -16.160309999999924], [-69.5153499999999, -16.16005999999993], [-69.51325999999995, -16.15999999999991], [-69.51296999999994, -16.159659999999917], [-69.51289999999995, -16.158549999999934], [-69.51405999999992, -16.156339999999943], [-69.51673999999991, -16.153519999999958], [-69.5167199999999, -16.152849999999944], [-69.51630999999992, -16.152099999999905], [-69.51789999999994, -16.149399999999957], [-69.51857999999993, -16.149259999999913], [-69.52083999999991, -16.149799999999914], [-69.52175999999992, -16.14973999999995], [-69.52287999999993, -16.14892999999995], [-69.5237899999999, -16.147859999999923], [-69.52561999999995, -16.14680999999996], [-69.52693999999991, -16.145539999999926], [-69.52728999999994, -16.144709999999918], [-69.52742999999992, -16.14312999999993], [-69.52713999999992, -16.139529999999922], [-69.52654999999993, -16.13805999999994], [-69.5266499999999, -16.13647999999995], [-69.52695999999992, -16.135399999999947], [-69.52782999999994, -16.13405999999992], [-69.53062999999992, -16.130729999999915], [-69.53255999999993, -16.126619999999946], [-69.53526999999991, -16.122939999999915], [-69.53595999999993, -16.12233999999995], [-69.5372099999999, -16.12173999999993], [-69.53813999999994, -16.121719999999925], [-69.54152999999991, -16.122549999999933], [-69.54269999999991, -16.12256999999994], [-69.54320999999993, -16.12211999999994], [-69.5440999999999, -16.120549999999923], [-69.54524999999995, -16.120549999999923], [-69.5469799999999, -16.119399999999928], [-69.54788999999994, -16.119269999999915], [-69.5512799999999, -16.12074999999993], [-69.55357999999995, -16.12041999999991], [-69.55425999999994, -16.120999999999924], [-69.5568199999999, -16.12092999999993], [-69.5583299999999, -16.122319999999945], [-69.55918999999994, -16.12262999999996], [-69.56058999999993, -16.12265999999994], [-69.56218999999993, -16.121749999999906], [-69.5637999999999, -16.121639999999957], [-69.57090999999991, -16.125349999999912], [-69.57121999999993, -16.12426999999991], [-69.56977999999992, -16.12250999999992], [-69.56813999999991, -16.121229999999912], [-69.56534999999991, -16.11958999999996], [-69.56422999999995, -16.11925999999994], [-69.56329999999991, -16.11924999999991], [-69.5619099999999, -16.11943999999994], [-69.56026999999995, -16.120289999999954], [-69.55934999999994, -16.12044999999995], [-69.5587099999999, -16.120199999999954], [-69.55674999999991, -16.11862999999994], [-69.55419999999992, -16.118689999999958], [-69.55372999999992, -16.11820999999992], [-69.55327999999992, -16.118099999999913], [-69.54977999999994, -16.118189999999913], [-69.54577999999992, -16.116999999999905], [-69.5432199999999, -16.11716999999993], [-69.54259999999994, -16.117469999999912], [-69.5399799999999, -16.120019999999954], [-69.53861999999992, -16.120319999999936], [-69.53581999999994, -16.120469999999955], [-69.53387999999995, -16.12119999999993], [-69.53207999999995, -16.12295999999992], [-69.53080999999992, -16.125619999999913], [-69.52902999999992, -16.127709999999922], [-69.52703999999994, -16.132289999999955], [-69.5252999999999, -16.134409999999946], [-69.52467999999993, -16.13561999999996], [-69.52425999999991, -16.137149999999906], [-69.52416999999991, -16.138499999999908], [-69.52467999999993, -16.145749999999907], [-69.52415999999994, -16.14677999999992], [-69.5234299999999, -16.147239999999954], [-69.52266999999995, -16.14725999999996], [-69.52050999999994, -16.14811999999995], [-69.51820999999995, -16.147799999999904], [-69.51753999999994, -16.147989999999936], [-69.51593999999994, -16.149599999999907], [-69.51569999999992, -16.14999999999992], [-69.51583999999991, -16.150649999999928], [-69.51522999999992, -16.15140999999994], [-69.5148099999999, -16.151499999999942], [-69.5134799999999, -16.151079999999922], [-69.51286999999991, -16.15136999999993], [-69.51245999999992, -16.152169999999956], [-69.51249999999993, -16.154879999999935], [-69.5122399999999, -16.155739999999923], [-69.51134999999994, -16.156779999999912], [-69.50952999999993, -16.158189999999934], [-69.50841999999994, -16.159349999999904], [-69.50814999999994, -16.16020999999995], [-69.50814999999994, -16.16155999999995], [-69.50882999999993, -16.16241999999994], [-69.50888999999995, -16.16330999999991], [-69.50644999999992, -16.16602999999992], [-69.50571999999994, -16.167179999999917], [-69.50416999999993, -16.17071999999996], [-69.50398999999993, -16.17228999999992], [-69.5036199999999, -16.172399999999925], [-69.50293999999991, -16.17178999999993], [-69.50209999999993, -16.17017999999996], [-69.49962999999991, -16.16811999999993], [-69.4978999999999, -16.164429999999925], [-69.49715999999995, -16.16387999999995], [-69.49478999999991, -16.16292999999996], [-69.49402999999995, -16.16240999999991], [-69.49391999999995, -16.161089999999945], [-69.49241999999992, -16.159679999999923], [-69.49231999999995, -16.159239999999954], [-69.49254999999994, -16.158609999999953], [-69.49439999999993, -16.15769999999992], [-69.49746999999991, -16.15525999999994], [-69.5006899999999, -16.151989999999955], [-69.5012999999999, -16.15166999999991], [-69.50314999999995, -16.151469999999904], [-69.50355999999994, -16.151249999999948], [-69.50368999999995, -16.15059999999994], [-69.50324999999992, -16.148619999999937], [-69.5033699999999, -16.14772999999991], [-69.50394999999992, -16.146759999999915], [-69.50588999999991, -16.145129999999938], [-69.50593999999995, -16.144469999999956], [-69.50278999999995, -16.140839999999912], [-69.50197999999995, -16.138979999999947], [-69.4998599999999, -16.13809999999995], [-69.49706999999995, -16.135689999999954], [-69.49518999999992, -16.133689999999945], [-69.49436999999995, -16.131819999999948], [-69.49286999999993, -16.13008999999994], [-69.49203999999992, -16.12976999999995], [-69.49049999999994, -16.130739999999946], [-69.48989999999992, -16.130459999999914], [-69.48975999999993, -16.129569999999944], [-69.48989999999992, -16.12868999999995], [-69.49171999999993, -16.125809999999944], [-69.49168999999995, -16.124919999999918], [-69.4911899999999, -16.124159999999904], [-69.4901099999999, -16.123299999999915], [-69.48964999999993, -16.123219999999947], [-69.4883999999999, -16.12504999999993], [-69.4874999999999, -16.124349999999936], [-69.48581999999993, -16.122179999999958], [-69.48464999999993, -16.121089999999924], [-69.48171999999994, -16.11967999999996], [-69.48001999999991, -16.119749999999954], [-69.4796399999999, -16.119189999999946], [-69.47930999999994, -16.117879999999957], [-69.47890999999993, -16.117329999999924], [-69.47606999999994, -16.116329999999948], [-69.47486999999995, -16.115629999999953], [-69.47423999999995, -16.114969999999914], [-69.47427999999991, -16.114749999999958], [-69.47545999999994, -16.114029999999957], [-69.47570999999994, -16.113659999999925], [-69.47577999999993, -16.11208999999991], [-69.47531999999995, -16.110829999999908], [-69.47444999999993, -16.110539999999958], [-69.47304999999994, -16.11059999999992], [-69.47123999999991, -16.11152999999996], [-69.47095999999993, -16.110679999999945], [-69.47081999999995, -16.10796999999991], [-69.47048999999993, -16.107129999999927], [-69.46937999999994, -16.106879999999933], [-69.46820999999994, -16.106939999999952], [-69.46758999999992, -16.107239999999933], [-69.46704999999992, -16.106829999999945], [-69.46688999999992, -16.105509999999924], [-69.46776999999992, -16.104199999999935], [-69.46776999999992, -16.10331999999994], [-69.46994999999993, -16.101279999999917], [-69.47053999999991, -16.10032999999993], [-69.47044999999991, -16.099209999999914], [-69.46992999999992, -16.098499999999945], [-69.46831999999995, -16.098639999999932], [-69.46695999999991, -16.09949999999992], [-69.46634999999992, -16.099209999999914], [-69.46587999999991, -16.098439999999925], [-69.4658599999999, -16.097989999999925], [-69.4661099999999, -16.09761999999995], [-69.46886999999992, -16.095179999999914], [-69.46882999999991, -16.094539999999938], [-69.4683399999999, -16.09406999999993], [-69.46741999999995, -16.09397999999993], [-69.46353999999991, -16.094769999999926], [-69.46238999999991, -16.094709999999907], [-69.46035999999992, -16.093599999999924], [-69.45859999999993, -16.09211999999991], [-69.4571499999999, -16.09063999999995], [-69.4567899999999, -16.089359999999942], [-69.4571499999999, -16.088799999999935], [-69.45925999999992, -16.08785999999992], [-69.45940999999993, -16.087439999999958], [-69.45927999999992, -16.086769999999945], [-69.45762999999994, -16.084319999999934], [-69.45357999999993, -16.08056999999991], [-69.4524199999999, -16.07889999999992], [-69.45236999999992, -16.077549999999917], [-69.45296999999994, -16.074449999999956], [-69.45567999999992, -16.071359999999913], [-69.4562699999999, -16.069899999999905], [-69.45631999999995, -16.067419999999913], [-69.45535999999993, -16.06513999999993], [-69.45555999999993, -16.06132999999994], [-69.45481999999993, -16.060469999999953], [-69.45416999999992, -16.06033999999994], [-69.45203999999995, -16.063009999999906], [-69.45093999999995, -16.063359999999932], [-69.44978999999995, -16.063249999999925], [-69.44855999999993, -16.06260999999995], [-69.44729999999993, -16.061609999999916], [-69.44697999999994, -16.061009999999953], [-69.44672999999995, -16.059219999999925], [-69.44605999999993, -16.05830999999995], [-69.44484999999992, -16.05764999999991], [-69.44256999999993, -16.05693999999994], [-69.44033999999994, -16.055339999999944], [-69.4403299999999, -16.05489999999992], [-69.4412999999999, -16.053929999999923], [-69.44260999999995, -16.05349999999993], [-69.4463199999999, -16.053099999999915], [-69.4493799999999, -16.051969999999926], [-69.45418999999993, -16.049199999999928], [-69.45598999999993, -16.047759999999926], [-69.45663999999994, -16.046869999999956], [-69.45614999999992, -16.046119999999917], [-69.45503999999994, -16.045779999999922], [-69.4534099999999, -16.045729999999935], [-69.45180999999991, -16.046039999999948], [-69.44922999999994, -16.047089999999912], [-69.44673999999992, -16.048749999999927], [-69.4419499999999, -16.049699999999916], [-69.43878999999993, -16.051999999999907], [-69.43794999999994, -16.051719999999932], [-69.43796999999995, -16.050149999999917], [-69.4374499999999, -16.04941999999994], [-69.43682999999993, -16.049129999999934], [-69.4362099999999, -16.049439999999947], [-69.43468999999993, -16.05114999999995], [-69.43382999999994, -16.052739999999915], [-69.43389999999994, -16.05860999999993], [-69.43294999999995, -16.063019999999938], [-69.4332599999999, -16.064779999999928], [-69.43479999999994, -16.067039999999906], [-69.4352199999999, -16.068089999999927], [-69.43524999999994, -16.06943999999993], [-69.4346999999999, -16.07346999999993], [-69.43561999999991, -16.075519999999926], [-69.43576999999993, -16.07663999999994], [-69.43543999999991, -16.077219999999954], [-69.43369999999993, -16.078349999999944], [-69.43258999999995, -16.07949999999994], [-69.43212999999992, -16.081479999999942], [-69.43206999999995, -16.08328999999992], [-69.43236999999993, -16.08483999999993], [-69.43430999999993, -16.088949999999954], [-69.43461999999994, -16.090949999999907], [-69.44171999999992, -16.101569999999924], [-69.44386999999995, -16.106079999999906], [-69.44410999999991, -16.108319999999935], [-69.44488999999993, -16.10969999999992], [-69.44918999999993, -16.11205999999993], [-69.4527799999999, -16.113029999999924], [-69.45328999999992, -16.113479999999925], [-69.45341999999994, -16.113899999999944], [-69.4530299999999, -16.114709999999945], [-69.4524199999999, -16.11498999999992], [-69.4489099999999, -16.113789999999938], [-69.44704999999993, -16.113629999999944], [-69.44369999999992, -16.11083999999994], [-69.44235999999995, -16.108999999999924], [-69.4418599999999, -16.106799999999907], [-69.44105999999994, -16.105159999999955], [-69.43881999999991, -16.101989999999944], [-69.43711999999994, -16.100139999999953], [-69.43499999999995, -16.09919999999994], [-69.43354999999991, -16.09805999999992], [-69.43284999999992, -16.097159999999917], [-69.43202999999994, -16.095049999999958], [-69.43084999999991, -16.093959999999925], [-69.42942999999991, -16.091359999999952], [-69.42881999999992, -16.089419999999905], [-69.42800999999992, -16.083599999999933], [-69.4254699999999, -16.074199999999905], [-69.42505999999992, -16.071749999999952], [-69.42476999999991, -16.064749999999947], [-69.42308999999995, -16.05910999999992], [-69.4227699999999, -16.05710999999991], [-69.42290999999994, -16.05009999999993], [-69.42314999999991, -16.047859999999957], [-69.42385999999993, -16.04523999999992], [-69.42529999999994, -16.04189999999994], [-69.42678999999993, -16.039609999999925], [-69.43131999999991, -16.03505999999993], [-69.43164999999993, -16.03445999999991], [-69.43202999999994, -16.03225999999995], [-69.4355799999999, -16.02899999999994], [-69.43819999999994, -16.025529999999947], [-69.4387999999999, -16.024069999999938], [-69.44056999999992, -16.02227999999991], [-69.44249999999994, -16.01866999999993], [-69.44331999999991, -16.015849999999944], [-69.44447999999994, -16.014449999999954], [-69.44475999999992, -16.012889999999913], [-69.44473999999991, -16.01018999999991], [-69.44373999999993, -16.006719999999916], [-69.44394999999992, -16.004929999999945], [-69.44467999999995, -16.003289999999936], [-69.44521999999995, -16.003079999999954], [-69.4490899999999, -15.996779999999944], [-69.45109999999994, -15.99503999999996], [-69.45393999999993, -15.993679999999927], [-69.45517999999993, -15.992269999999905], [-69.45561999999995, -15.992119999999943], [-69.45898999999991, -15.99135999999993], [-69.45960999999994, -15.991259999999954], [-69.46022999999991, -15.991439999999955], [-69.46152999999993, -15.992549999999937], [-69.46420999999992, -15.994209999999953], [-69.4662899999999, -15.99529999999993], [-69.4674599999999, -15.995679999999936], [-69.47508999999991, -15.995529999999917], [-69.47723999999994, -15.99496999999991], [-69.47960999999992, -15.99478999999991], [-69.48027999999994, -15.994399999999928], [-69.48138999999992, -15.994419999999934], [-69.4836699999999, -15.993319999999926], [-69.48486999999994, -15.993049999999926], [-69.48917999999992, -15.990749999999935], [-69.49149999999992, -15.989139999999907], [-69.49583999999993, -15.985549999999932], [-69.49736999999993, -15.985269999999957], [-69.49792999999994, -15.984719999999925], [-69.50115999999991, -15.983949999999936], [-69.50467999999995, -15.982549999999947], [-69.51321999999993, -15.978479999999934], [-69.51700999999991, -15.975999999999942], [-69.52069999999992, -15.974209999999914], [-69.52582999999993, -15.972179999999923], [-69.52773999999994, -15.971079999999915], [-69.53100999999992, -15.969899999999939], [-69.5353399999999, -15.96763999999996], [-69.53833999999995, -15.966649999999959], [-69.5415999999999, -15.965979999999945], [-69.54287999999991, -15.965379999999925], [-69.5461699999999, -15.964849999999956], [-69.5497499999999, -15.963209999999947], [-69.5539399999999, -15.96237999999994], [-69.55966999999993, -15.96010999999993], [-69.56238999999994, -15.959289999999953], [-69.56554999999992, -15.959099999999921], [-69.57267999999993, -15.959199999999953], [-69.57565999999991, -15.959609999999941], [-69.58014999999995, -15.958079999999939], [-69.58314999999993, -15.957889999999907], [-69.58944999999994, -15.956589999999949], [-69.59276999999992, -15.956409999999948], [-69.5952299999999, -15.95583999999991], [-69.59663999999992, -15.956039999999916], [-69.6018699999999, -15.955869999999948], [-69.60370999999992, -15.95625999999993], [-69.60655999999994, -15.956079999999929], [-69.60872999999992, -15.956129999999916], [-69.61621999999994, -15.956299999999942], [-69.6182399999999, -15.95592999999991], [-69.6229899999999, -15.955939999999941], [-69.62570999999991, -15.955089999999927], [-69.62714999999992, -15.954869999999914], [-69.62844999999993, -15.955339999999921], [-69.63137999999992, -15.957539999999938], [-69.6324899999999, -15.957949999999926], [-69.6357999999999, -15.957329999999956], [-69.63893999999993, -15.957729999999913], [-69.64558999999991, -15.957599999999957], [-69.65087999999992, -15.95661999999993], [-69.65419999999995, -15.95643999999993], [-69.65773999999993, -15.955649999999935], [-69.66091999999992, -15.955699999999922], [-69.66796999999991, -15.956669999999917], [-69.66937999999993, -15.956459999999936], [-69.67108999999994, -15.955349999999953], [-69.67360999999994, -15.953259999999943], [-69.67734999999993, -15.948879999999917], [-69.68000999999992, -15.945239999999956], [-69.68279999999993, -15.93990999999994], [-69.68574999999993, -15.932959999999923], [-69.6867299999999, -15.929869999999937], [-69.68738999999994, -15.926249999999925], [-69.68734999999992, -15.921039999999948], [-69.68601999999993, -15.915179999999907], [-69.68603999999993, -15.914159999999924], [-69.68504999999993, -15.911259999999913], [-69.68441999999993, -15.911979999999915], [-69.68362999999994, -15.911939999999959], [-69.68252999999993, -15.91101999999995], [-69.68182999999993, -15.910739999999919], [-69.6783299999999, -15.910599999999931], [-69.67694999999992, -15.911359999999945], [-69.67351999999994, -15.911939999999959], [-69.66960999999992, -15.91426999999993], [-69.66753999999992, -15.914379999999937], [-69.66719999999992, -15.914019999999937], [-69.66890999999993, -15.912079999999946], [-69.6726999999999, -15.908469999999909], [-69.67419999999993, -15.907649999999933], [-69.67736999999994, -15.906769999999938], [-69.68113999999991, -15.904489999999953], [-69.68551999999994, -15.900489999999934], [-69.68957999999992, -15.897529999999904], [-69.69124999999991, -15.895889999999952], [-69.69521999999995, -15.891259999999932], [-69.69619999999992, -15.890309999999943], [-69.69669999999991, -15.890189999999905], [-69.69756999999993, -15.890589999999918], [-69.70049999999992, -15.893129999999928], [-69.70350999999994, -15.896089999999958], [-69.70396999999991, -15.897069999999928], [-69.70377999999994, -15.898759999999925], [-69.70357999999993, -15.898969999999906], [-69.70308999999992, -15.898979999999938], [-69.70234999999991, -15.898179999999911], [-69.70199999999994, -15.896529999999927], [-69.70059999999995, -15.894829999999956], [-69.69984999999991, -15.894309999999905], [-69.69920999999994, -15.894169999999917], [-69.69824999999992, -15.89420999999993], [-69.69790999999992, -15.894549999999924], [-69.69795999999991, -15.897059999999954], [-69.69841999999994, -15.898809999999912], [-69.69896999999992, -15.899359999999945], [-69.70046999999994, -15.900249999999915], [-69.70075999999995, -15.900669999999934], [-69.70059999999995, -15.901409999999942], [-69.69930999999991, -15.903179999999907], [-69.69894999999991, -15.904039999999952], [-69.69900999999993, -15.90539999999993], [-69.69959999999992, -15.907189999999957], [-69.7008899999999, -15.90874999999994], [-69.70213999999993, -15.90891999999991], [-69.7026699999999, -15.909239999999954], [-69.7032299999999, -15.910819999999944], [-69.70372999999995, -15.911419999999907], [-69.70848999999993, -15.91414999999995], [-69.70932999999991, -15.915059999999926], [-69.70935999999995, -15.915679999999952], [-69.71289999999993, -15.918689999999913], [-69.71349999999995, -15.917609999999911], [-69.71509999999995, -15.916289999999947], [-69.71591999999993, -15.915879999999959], [-69.72143999999992, -15.915349999999933], [-69.72343999999993, -15.914889999999957], [-69.72502999999995, -15.914189999999905], [-69.72644999999994, -15.913199999999904], [-69.72732999999994, -15.911919999999952], [-69.7290099999999, -15.90584999999993], [-69.7299099999999, -15.904229999999927], [-69.73131999999993, -15.902969999999925], [-69.73399999999992, -15.902939999999944], [-69.73455999999993, -15.902389999999912], [-69.73534999999993, -15.902339999999924], [-69.7372499999999, -15.904159999999933], [-69.73997999999995, -15.907329999999945], [-69.73950999999994, -15.909299999999917], [-69.73717999999991, -15.911809999999946], [-69.73693999999995, -15.913169999999923], [-69.73773999999992, -15.914979999999957], [-69.7396599999999, -15.91781999999995], [-69.74049999999994, -15.918509999999912], [-69.74159999999995, -15.918649999999957], [-69.7420699999999, -15.918259999999918], [-69.74360999999993, -15.91387999999995], [-69.74497999999994, -15.91238999999996], [-69.74532999999991, -15.911219999999958], [-69.74619999999993, -15.909759999999949], [-69.74737999999991, -15.908509999999922], [-69.75189999999992, -15.905969999999911], [-69.75257999999991, -15.904919999999947], [-69.75401999999991, -15.903719999999907], [-69.7555999999999, -15.900889999999947], [-69.75637999999992, -15.901099999999929], [-69.75774999999993, -15.902439999999956], [-69.75885999999991, -15.904999999999916], [-69.7588199999999, -15.905859999999905], [-69.75830999999994, -15.907029999999907], [-69.7582999999999, -15.909479999999917], [-69.75780999999995, -15.910949999999957], [-69.75790999999992, -15.911679999999933], [-69.75864999999993, -15.912019999999927], [-69.75919999999991, -15.91172999999992], [-69.7600799999999, -15.910089999999911], [-69.7620399999999, -15.908789999999954], [-69.76244999999994, -15.906529999999918], [-69.76333999999991, -15.905479999999955], [-69.76322999999991, -15.904879999999935], [-69.76282999999995, -15.904589999999928], [-69.76031999999992, -15.904669999999953], [-69.76009999999991, -15.904259999999908], [-69.76036999999991, -15.903529999999932], [-69.7611599999999, -15.903009999999938], [-69.7619499999999, -15.903009999999938], [-69.76262999999994, -15.902629999999931], [-69.76389999999992, -15.902649999999937], [-69.76445999999993, -15.90232999999995], [-69.7647399999999, -15.90163999999993], [-69.76411999999993, -15.900959999999941], [-69.76387999999992, -15.900209999999959], [-69.76648999999992, -15.897749999999917], [-69.7672399999999, -15.897849999999949], [-69.76881999999995, -15.899189999999919], [-69.7694899999999, -15.899449999999945], [-69.77071999999993, -15.898999999999944], [-69.77203999999995, -15.897889999999904], [-69.77204999999992, -15.89692999999994], [-69.7717199999999, -15.896199999999908], [-69.77005999999994, -15.896599999999921], [-69.76915999999994, -15.896339999999952], [-69.7693099999999, -15.89313999999996], [-69.76891999999992, -15.892139999999927], [-69.76956999999993, -15.890429999999924], [-69.77119999999991, -15.889069999999947], [-69.77106999999995, -15.888119999999958], [-69.77013999999991, -15.885359999999935], [-69.7701199999999, -15.884429999999952], [-69.7727799999999, -15.880069999999932], [-69.77397999999994, -15.876899999999921], [-69.77359999999993, -15.875439999999912], [-69.77206999999993, -15.873269999999934], [-69.77194999999995, -15.872189999999932], [-69.77227999999991, -15.871519999999919], [-69.77289999999994, -15.87098999999995], [-69.7741299999999, -15.870819999999924], [-69.77521999999993, -15.870189999999923], [-69.77612999999991, -15.869309999999928], [-69.77661999999992, -15.868369999999913], [-69.7776399999999, -15.864649999999926], [-69.7776399999999, -15.863729999999919], [-69.77805999999993, -15.863079999999911], [-69.77848999999992, -15.857739999999922], [-69.77918999999991, -15.854559999999935], [-69.77931999999993, -15.853219999999908], [-69.77908999999994, -15.852159999999913], [-69.77853999999991, -15.851209999999924], [-69.77489999999995, -15.84806999999995], [-69.77379999999994, -15.846519999999941], [-69.77346999999992, -15.84465999999992], [-69.7736999999999, -15.839779999999905], [-69.77323999999993, -15.837819999999908], [-69.77155999999991, -15.83600999999993], [-69.7693799999999, -15.834729999999922], [-69.76676999999995, -15.83412999999996], [-69.76607999999993, -15.833399999999926], [-69.7661599999999, -15.832909999999913], [-69.76700999999991, -15.832359999999937], [-69.77037999999993, -15.831409999999948], [-69.77257999999995, -15.829669999999908], [-69.77408999999994, -15.827879999999936], [-69.77454999999992, -15.826239999999927], [-69.77555999999993, -15.824319999999943], [-69.78055999999992, -15.819819999999936], [-69.78172999999992, -15.817559999999958], [-69.78237999999993, -15.816299999999956], [-69.78638999999993, -15.813529999999957], [-69.78700999999995, -15.813519999999926], [-69.78777999999994, -15.812959999999919], [-69.78840999999994, -15.812949999999944], [-69.79039999999992, -15.811999999999955], [-69.79360999999994, -15.81120999999996], [-69.79511999999994, -15.81006999999994], [-69.79642999999993, -15.80851999999993], [-69.79771999999991, -15.805869999999913], [-69.79910999999993, -15.80099999999993], [-69.80070999999992, -15.79765999999995], [-69.80208999999991, -15.793549999999925], [-69.80211999999995, -15.792509999999936], [-69.80122999999992, -15.790199999999913], [-69.80113999999992, -15.788209999999935], [-69.80169999999993, -15.786959999999908], [-69.8034199999999, -15.785139999999956], [-69.80468999999994, -15.78451999999993], [-69.80656999999991, -15.784679999999923], [-69.80873999999994, -15.786429999999939], [-69.81052999999991, -15.787429999999915], [-69.81142999999992, -15.78765999999996], [-69.8134599999999, -15.786809999999946], [-69.81603999999993, -15.786089999999945], [-69.82298999999995, -15.786319999999932], [-69.8259799999999, -15.78678999999994], [-69.82697999999993, -15.787189999999953], [-69.82890999999995, -15.788809999999955], [-69.8290399999999, -15.789559999999938], [-69.82860999999991, -15.79012999999992], [-69.82677999999993, -15.789569999999912], [-69.82631999999995, -15.789159999999924], [-69.8255299999999, -15.789159999999924], [-69.82531999999992, -15.789899999999932], [-69.82584999999995, -15.79117999999994], [-69.82763999999992, -15.793109999999956], [-69.82881999999995, -15.793559999999957], [-69.82994999999994, -15.793529999999919], [-69.83127999999994, -15.794589999999914], [-69.83218999999991, -15.796019999999942], [-69.8336799999999, -15.79956999999996], [-69.83483999999993, -15.801399999999944], [-69.83575999999994, -15.802439999999933], [-69.83805999999993, -15.80430999999993], [-69.8391499999999, -15.80633999999992], [-69.84192999999993, -15.808559999999943], [-69.84197999999992, -15.809349999999938], [-69.84153999999995, -15.81096999999994], [-69.84183999999993, -15.816339999999911], [-69.84212999999994, -15.81875999999994], [-69.8428899999999, -15.820119999999918], [-69.84165999999993, -15.822409999999934], [-69.84149999999994, -15.826089999999908], [-69.84186999999991, -15.826939999999922], [-69.84409999999991, -15.828839999999957], [-69.84438999999992, -15.829329999999914], [-69.8442599999999, -15.830159999999921], [-69.84339999999992, -15.832229999999925], [-69.84328999999991, -15.833299999999952], [-69.84473999999994, -15.836849999999913], [-69.84469999999993, -15.838689999999929], [-69.84501999999992, -15.839539999999943], [-69.84628999999995, -15.841489999999908], [-69.8492599999999, -15.844259999999906], [-69.84980999999993, -15.845369999999946], [-69.84949999999992, -15.852709999999945], [-69.84911999999991, -15.855749999999944], [-69.84812999999991, -15.857659999999953], [-69.84852999999993, -15.859309999999937], [-69.84848999999991, -15.861299999999915], [-69.84809999999993, -15.863099999999918], [-69.84750999999994, -15.864189999999951], [-69.84741999999994, -15.866929999999911], [-69.84674999999993, -15.867839999999944], [-69.84578999999991, -15.86794999999995], [-69.84523999999993, -15.867709999999931], [-69.84395999999992, -15.86653999999993], [-69.84238999999991, -15.866249999999923], [-69.84131999999994, -15.866459999999904], [-69.83891999999992, -15.867669999999919], [-69.83741999999995, -15.867989999999907], [-69.83634999999992, -15.867909999999938], [-69.83530999999994, -15.867089999999905], [-69.83437999999995, -15.865549999999928], [-69.83415999999994, -15.86468999999994], [-69.83442999999994, -15.862529999999936], [-69.83341999999993, -15.86092999999994], [-69.83272999999991, -15.860719999999958], [-69.83032999999995, -15.860939999999914], [-69.82906999999994, -15.860279999999932], [-69.82718999999992, -15.86014999999992], [-69.82567999999992, -15.86050999999992], [-69.8250799999999, -15.861459999999909], [-69.82508999999993, -15.863099999999918], [-69.82575999999995, -15.86704999999995], [-69.82549999999992, -15.86758999999995], [-69.8242899999999, -15.868579999999952], [-69.82228999999995, -15.86820999999992], [-69.82067999999992, -15.867569999999944], [-69.81897999999995, -15.86644999999993], [-69.81659999999994, -15.866699999999923], [-69.81573999999995, -15.867069999999956], [-69.81501999999995, -15.867709999999931], [-69.81413999999995, -15.869629999999916], [-69.81341999999995, -15.871209999999905], [-69.8121999999999, -15.872179999999958], [-69.81131999999991, -15.871809999999925], [-69.80957999999993, -15.87179999999995], [-69.80914999999993, -15.871599999999944], [-69.8091599999999, -15.870549999999923], [-69.8099499999999, -15.869049999999959], [-69.80966999999993, -15.868519999999933], [-69.80905999999993, -15.868349999999907], [-69.80773999999991, -15.869379999999921], [-69.80560999999994, -15.87152999999995], [-69.8038499999999, -15.874589999999955], [-69.80307999999991, -15.875129999999956], [-69.80105999999995, -15.876009999999951], [-69.79935999999992, -15.877839999999935], [-69.79805999999991, -15.878709999999955], [-69.79750999999993, -15.879819999999938], [-69.7976999999999, -15.881509999999935], [-69.79823999999991, -15.882079999999917], [-69.80045999999993, -15.882089999999948], [-69.80186999999995, -15.883069999999918], [-69.80340999999993, -15.88343999999995], [-69.8037599999999, -15.883739999999932], [-69.80405999999994, -15.88507999999996], [-69.80339999999995, -15.88650999999993], [-69.8030599999999, -15.886769999999956], [-69.80220999999995, -15.886789999999905], [-69.80009999999993, -15.884689999999921], [-69.79923999999994, -15.884109999999907], [-69.79714999999993, -15.884229999999945], [-69.79565999999994, -15.884719999999959], [-69.7950899999999, -15.886469999999917], [-69.79383999999993, -15.888079999999945], [-69.79361999999992, -15.88877999999994], [-69.7940099999999, -15.889969999999948], [-69.79595999999992, -15.892619999999908], [-69.79585999999995, -15.893299999999954], [-69.79514999999992, -15.893769999999904], [-69.79433999999992, -15.89384999999993], [-69.79324999999994, -15.893559999999923], [-69.79169999999993, -15.892079999999908], [-69.79011999999994, -15.890109999999936], [-69.78982999999994, -15.889409999999941], [-69.78922999999992, -15.888909999999953], [-69.78879999999992, -15.889059999999915], [-69.78628999999995, -15.89140999999995], [-69.78318999999993, -15.891989999999907], [-69.78248999999994, -15.892399999999952], [-69.78216999999995, -15.89324999999991], [-69.78214999999994, -15.89402999999993], [-69.78304999999995, -15.896489999999915], [-69.78307999999993, -15.897239999999954], [-69.7821899999999, -15.89832999999993], [-69.78064999999992, -15.898789999999906], [-69.7804099999999, -15.899259999999913], [-69.78054999999995, -15.900079999999946], [-69.78169999999994, -15.90172999999993], [-69.78189999999995, -15.902469999999937], [-69.7816699999999, -15.905989999999917], [-69.78063999999995, -15.90936999999991], [-69.78079999999994, -15.91318999999993], [-69.77996999999993, -15.914489999999944], [-69.77802999999994, -15.915519999999958], [-69.77780999999993, -15.916109999999946], [-69.7786099999999, -15.918009999999924], [-69.78150999999991, -15.922559999999919], [-69.78190999999993, -15.92527999999993], [-69.78261999999995, -15.926829999999939], [-69.78309999999993, -15.927209999999945], [-69.78487999999993, -15.92718999999994], [-69.78586999999993, -15.92685999999992], [-69.7860599999999, -15.926069999999925], [-69.7858799999999, -15.924709999999948], [-69.7870299999999, -15.923849999999959], [-69.78708999999992, -15.92202999999995], [-69.7875699999999, -15.921639999999911], [-69.78805999999992, -15.921659999999918], [-69.78872999999993, -15.922709999999938], [-69.7896399999999, -15.923289999999952], [-69.79083999999995, -15.923739999999952], [-69.79209999999995, -15.923899999999946], [-69.7931999999999, -15.92378999999994], [-69.79378999999994, -15.923489999999958], [-69.7940299999999, -15.923119999999926], [-69.7940999999999, -15.921919999999943], [-69.79488999999995, -15.921109999999942], [-69.79559999999992, -15.92082999999991], [-69.79671999999994, -15.920969999999954], [-69.79887999999994, -15.921929999999918], [-69.80029999999994, -15.922079999999937], [-69.80290999999994, -15.923469999999952], [-69.80383999999992, -15.92318999999992], [-69.80616999999995, -15.92187999999993], [-69.80740999999995, -15.921579999999949], [-69.8083299999999, -15.920339999999953], [-69.81112999999993, -15.91793999999993], [-69.81211999999994, -15.916809999999941], [-69.8124699999999, -15.915859999999952], [-69.81234999999992, -15.913769999999943], [-69.81250999999992, -15.912899999999922], [-69.8132599999999, -15.91190999999992], [-69.81456999999995, -15.910989999999913], [-69.81503999999995, -15.91092999999995], [-69.8183699999999, -15.911989999999946], [-69.8210699999999, -15.912109999999927], [-69.82999999999993, -15.909859999999924], [-69.8326199999999, -15.909569999999917], [-69.83368999999993, -15.910519999999906], [-69.83506999999992, -15.910899999999913], [-69.8356399999999, -15.911439999999914], [-69.8358399999999, -15.913009999999929], [-69.8351899999999, -15.916489999999953], [-69.83486999999991, -15.917329999999936], [-69.83345999999995, -15.919419999999946], [-69.83301999999992, -15.920589999999947], [-69.8330699999999, -15.921149999999955], [-69.8340399999999, -15.92220999999995], [-69.83528999999993, -15.92247999999995], [-69.83640999999994, -15.922369999999944], [-69.8376199999999, -15.921659999999918], [-69.83964999999995, -15.919889999999953], [-69.84042999999991, -15.918739999999957], [-69.84073999999993, -15.917859999999905], [-69.8408399999999, -15.914979999999957], [-69.8420099999999, -15.913919999999905], [-69.8441499999999, -15.910319999999956], [-69.84472999999991, -15.910109999999918], [-69.84535999999991, -15.910539999999912], [-69.84411999999992, -15.912129999999934], [-69.84365999999994, -15.913109999999904], [-69.8429099999999, -15.915779999999927], [-69.84266999999994, -15.917769999999905], [-69.8429799999999, -15.919259999999952], [-69.84581999999995, -15.922929999999951], [-69.84663999999992, -15.92491999999993], [-69.84643999999992, -15.927519999999959], [-69.84527999999995, -15.92897999999991], [-69.84474999999992, -15.930579999999907], [-69.84453999999994, -15.932429999999954], [-69.84484999999995, -15.933259999999905], [-69.84656999999993, -15.933509999999956], [-69.8481099999999, -15.933129999999949], [-69.84939999999995, -15.932529999999929], [-69.85134999999991, -15.93070999999992], [-69.85212999999993, -15.92879999999991], [-69.85266999999993, -15.928409999999928], [-69.85370999999992, -15.928359999999941], [-69.85444999999993, -15.928639999999916], [-69.85720999999995, -15.931379999999933], [-69.8577699999999, -15.931629999999927], [-69.85886999999991, -15.931439999999952], [-69.8600899999999, -15.930469999999957], [-69.8609899999999, -15.930159999999944], [-69.86121999999995, -15.930079999999919], [-69.86203999999992, -15.929789999999912], [-69.86225999999994, -15.92939999999993], [-69.86222999999995, -15.92861999999991], [-69.86263999999994, -15.928199999999947], [-69.86437999999993, -15.928029999999922], [-69.86499999999995, -15.927529999999933], [-69.86530999999991, -15.92202999999995], [-69.86586999999992, -15.92091999999991], [-69.86739999999992, -15.918959999999913], [-69.86765999999994, -15.918079999999918], [-69.86746999999991, -15.917699999999911], [-69.8677199999999, -15.916659999999922], [-69.86827999999991, -15.916349999999909], [-69.8692299999999, -15.91635999999994], [-69.87170999999995, -15.914459999999906], [-69.87443999999994, -15.913669999999911], [-69.87579999999991, -15.911419999999907], [-69.87806999999992, -15.91032999999993], [-69.87893999999994, -15.909649999999942], [-69.88020999999992, -15.907019999999932], [-69.88331999999991, -15.903729999999939], [-69.88413999999995, -15.901419999999916], [-69.88443999999993, -15.898489999999924], [-69.88324999999992, -15.892279999999914], [-69.8834599999999, -15.89035999999993], [-69.88487999999995, -15.888669999999934], [-69.8857799999999, -15.888399999999933], [-69.88711999999992, -15.887089999999944], [-69.89049999999992, -15.884799999999927], [-69.89076999999992, -15.883299999999906], [-69.8914299999999, -15.88262999999995], [-69.89217999999994, -15.882359999999949], [-69.89408999999995, -15.882319999999936], [-69.89733999999993, -15.883489999999938], [-69.89955999999995, -15.883749999999907], [-69.90045999999995, -15.883559999999932], [-69.90230999999994, -15.88262999999995], [-69.90573999999992, -15.88160999999991], [-69.91158999999993, -15.881799999999942], [-69.91248999999993, -15.88151999999991], [-69.91520999999995, -15.879919999999913], [-69.91946999999993, -15.879899999999907], [-69.91977999999995, -15.879619999999932], [-69.92014999999992, -15.879279999999937], [-69.92059999999992, -15.87838999999991], [-69.92137999999994, -15.875449999999944], [-69.92223999999993, -15.874739999999917], [-69.92398999999995, -15.874009999999942], [-69.92590999999993, -15.871749999999906], [-69.92720999999995, -15.87128999999993], [-69.93144999999993, -15.87041999999991], [-69.93687999999992, -15.86725999999993], [-69.94096999999994, -15.866039999999941], [-69.94301999999993, -15.86486999999994], [-69.94843999999995, -15.86313999999993], [-69.95348999999993, -15.860909999999933], [-69.95426999999995, -15.860389999999938], [-69.95585999999992, -15.858679999999936], [-69.95916999999992, -15.856319999999926], [-69.96053999999992, -15.854949999999917], [-69.96211999999991, -15.852619999999945], [-69.96304999999995, -15.85182999999995], [-69.96415999999994, -15.85191999999995], [-69.96560999999991, -15.853559999999959], [-69.9664699999999, -15.853929999999934], [-69.9678899999999, -15.85402999999991], [-69.96892999999994, -15.85364999999996], [-69.97035999999991, -15.853509999999915], [-69.97177999999991, -15.853619999999921], [-69.97859999999991, -15.856079999999906], [-69.9809899999999, -15.857219999999927], [-69.9817799999999, -15.858199999999954], [-69.98376999999994, -15.861669999999947], [-69.98568999999992, -15.863019999999949], [-69.98772999999994, -15.863869999999906], [-69.9893199999999, -15.862879999999905], [-69.99012999999991, -15.862769999999955], [-69.99214999999992, -15.864699999999914], [-69.9939599999999, -15.865039999999908], [-69.99606999999992, -15.864979999999946], [-69.99696999999992, -15.864669999999933], [-70.00074999999993, -15.861159999999927], [-70.0028999999999, -15.858679999999936], [-70.00317999999993, -15.855819999999937], [-70.0049899999999, -15.854049999999916], [-70.00610999999992, -15.853599999999915], [-70.00866999999994, -15.85349999999994], [-70.00997999999993, -15.852399999999932], [-70.01379999999995, -15.85262999999992], [-70.01466999999991, -15.852389999999957], [-70.01559999999995, -15.851719999999943], [-70.01632999999993, -15.85071999999991], [-70.01698999999991, -15.848329999999919], [-70.0180499999999, -15.847179999999923], [-70.0185699999999, -15.84606999999994], [-70.01857999999993, -15.843779999999924], [-70.01818999999995, -15.842619999999954], [-70.01837999999992, -15.840089999999918], [-70.01823999999993, -15.839239999999904], [-70.01780999999994, -15.838669999999922], [-70.01584999999994, -15.837259999999958], [-70.01546999999994, -15.835619999999949], [-70.0156399999999, -15.835019999999929], [-70.01616999999993, -15.834409999999934], [-70.01877999999994, -15.835019999999929], [-70.01958999999994, -15.834539999999947], [-70.0195799999999, -15.833359999999914], [-70.01916999999992, -15.83137999999991], [-70.01842999999991, -15.82985999999994], [-70.01710999999995, -15.829039999999907], [-70.01434999999992, -15.827889999999911], [-70.01371999999992, -15.827869999999905], [-70.01206999999994, -15.826959999999929], [-70.00939999999991, -15.826729999999941], [-70.0081199999999, -15.825539999999933], [-70.00742999999994, -15.825299999999913], [-70.00454999999994, -15.825459999999907], [-70.00364999999994, -15.82576999999992], [-70.00288999999992, -15.826329999999928], [-69.99938999999995, -15.826389999999947], [-69.9969099999999, -15.826019999999914], [-69.9954699999999, -15.825369999999907], [-69.99388999999991, -15.824319999999943], [-69.99198999999993, -15.822269999999946], [-69.99029999999993, -15.82200999999992], [-69.98950999999994, -15.821239999999932], [-69.98894999999993, -15.82030999999995], [-69.98870999999991, -15.81863999999996], [-69.98939999999993, -15.816919999999925], [-69.99107999999995, -15.81430999999992], [-69.99074999999993, -15.810049999999933], [-69.99115999999992, -15.808569999999918], [-69.99301999999994, -15.804809999999918], [-69.99400999999995, -15.80412999999993], [-69.99632999999994, -15.803539999999941], [-69.9978999999999, -15.802019999999914], [-69.99948999999992, -15.801069999999925], [-69.99998999999991, -15.797809999999913], [-70.00053999999994, -15.79642999999993], [-70.00141999999994, -15.795399999999916], [-70.00447999999994, -15.792859999999905], [-70.00584999999995, -15.790609999999958], [-70.00643999999994, -15.790089999999907], [-70.00768999999991, -15.789769999999919], [-70.00858999999991, -15.789849999999944], [-70.00903999999991, -15.790519999999958], [-70.00912999999991, -15.79186999999996], [-70.01035999999993, -15.792209999999955], [-70.01136999999994, -15.79188999999991], [-70.01342999999991, -15.790179999999907], [-70.0143799999999, -15.790179999999907], [-70.01495999999992, -15.790709999999933], [-70.01504999999992, -15.791319999999928], [-70.01399999999995, -15.792649999999924], [-70.01372999999995, -15.79344999999995], [-70.01407999999992, -15.79379999999992], [-70.01478999999995, -15.793869999999913], [-70.01682999999991, -15.792439999999942], [-70.01889999999992, -15.792369999999949], [-70.01941999999991, -15.792119999999954], [-70.02052999999995, -15.790769999999952], [-70.0215399999999, -15.788859999999943], [-70.02509999999995, -15.786249999999939], [-70.02559999999994, -15.785369999999944], [-70.02585999999991, -15.783169999999927], [-70.02623999999992, -15.78215999999992], [-70.02684999999991, -15.781259999999918], [-70.02852999999993, -15.779639999999915], [-70.02909999999991, -15.776159999999948], [-70.02980999999994, -15.774609999999939], [-70.03012999999993, -15.774259999999913], [-70.03195999999991, -15.772359999999935], [-70.03496999999993, -15.770689999999945], [-70.03644999999995, -15.768869999999936], [-70.0363999999999, -15.767979999999909], [-70.03492999999992, -15.765279999999905], [-70.0353399999999, -15.764769999999942], [-70.03635999999995, -15.764359999999954], [-70.03637999999995, -15.76386999999994], [-70.03447999999992, -15.763119999999958], [-70.03393999999992, -15.762349999999913], [-70.03635999999995, -15.760379999999941], [-70.03696999999994, -15.758799999999951], [-70.03696999999994, -15.756039999999928], [-70.03757999999993, -15.755599999999959], [-70.03728999999993, -15.75317999999993], [-70.0363999999999, -15.751549999999952], [-70.03546999999992, -15.750499999999931], [-70.03492999999992, -15.747949999999946], [-70.03453999999994, -15.747269999999958], [-70.03400999999991, -15.746959999999945], [-70.03226999999993, -15.746959999999945], [-70.03048999999993, -15.74496999999991], [-70.0298699999999, -15.744559999999922], [-70.02889999999991, -15.74469999999991], [-70.02742999999992, -15.745859999999936], [-70.0268099999999, -15.745729999999924], [-70.0263799999999, -15.745269999999948], [-70.02657999999991, -15.743909999999914], [-70.0263799999999, -15.742219999999918], [-70.02783999999991, -15.741349999999954], [-70.02825999999993, -15.739849999999933], [-70.02643999999992, -15.736839999999916], [-70.02652999999992, -15.735669999999914], [-70.02730999999994, -15.733579999999904], [-70.0282699999999, -15.731809999999939], [-70.02906999999993, -15.731069999999931], [-70.02951999999993, -15.731149999999957], [-70.03039999999993, -15.732039999999927], [-70.03180999999995, -15.731859999999926], [-70.03208999999993, -15.728909999999928], [-70.03243999999995, -15.727609999999913], [-70.03487999999993, -15.72497999999996], [-70.03547999999995, -15.724079999999958], [-70.03561999999994, -15.723479999999938], [-70.0352299999999, -15.722479999999905], [-70.0330899999999, -15.720229999999958], [-70.03300999999993, -15.718099999999936], [-70.03259999999995, -15.717879999999923], [-70.0308599999999, -15.718069999999955], [-70.03051999999991, -15.717719999999929], [-70.0306799999999, -15.716809999999953], [-70.03189999999995, -15.715609999999913], [-70.03247999999991, -15.71449999999993], [-70.03212999999994, -15.712249999999926], [-70.0322799999999, -15.70966999999996], [-70.03199999999993, -15.709479999999928], [-70.03073999999992, -15.70941999999991], [-70.02924999999993, -15.70993999999996], [-70.0280899999999, -15.70959999999991], [-70.02802999999994, -15.70930999999996], [-70.02889999999991, -15.708299999999952], [-70.02911999999992, -15.707549999999912], [-70.02891999999991, -15.706829999999911], [-70.02813999999995, -15.706239999999923], [-70.0268999999999, -15.706359999999904], [-70.02550999999994, -15.707589999999925], [-70.02473999999995, -15.707439999999906], [-70.0246699999999, -15.70712999999995], [-70.02524999999991, -15.706219999999917], [-70.02536999999995, -15.704959999999915], [-70.0250299999999, -15.704319999999939], [-70.02353999999991, -15.702899999999943], [-70.02370999999994, -15.702179999999942], [-70.02176999999995, -15.700299999999913], [-70.02102999999994, -15.698949999999911], [-70.02076999999991, -15.697129999999959], [-70.0211799999999, -15.694409999999948], [-70.02025999999995, -15.692469999999958], [-70.01886999999994, -15.691009999999949], [-70.01667999999995, -15.689499999999953], [-70.01315999999991, -15.687439999999924], [-70.01195999999993, -15.68709999999993], [-70.01075999999995, -15.687489999999912], [-70.00770999999992, -15.689209999999946], [-70.00637999999992, -15.689599999999928], [-70.0035499999999, -15.689769999999953], [-69.99796999999995, -15.689469999999915], [-69.99748999999991, -15.689759999999922], [-69.99648999999994, -15.691029999999955], [-69.99481999999995, -15.692609999999945], [-69.99340999999993, -15.693479999999909], [-69.99270999999993, -15.693459999999959], [-69.99058999999994, -15.692549999999926], [-69.98898999999994, -15.692769999999939], [-69.98836999999992, -15.693389999999908], [-69.9871599999999, -15.695419999999956], [-69.9850199999999, -15.697259999999915], [-69.9844599999999, -15.699809999999957], [-69.98254999999995, -15.702809999999943], [-69.9813299999999, -15.704009999999926], [-69.97986999999995, -15.704939999999908], [-69.97839999999991, -15.705529999999953], [-69.97687999999994, -15.706649999999911], [-69.97483999999992, -15.70685999999995], [-69.97278999999992, -15.70655999999991], [-69.97090999999995, -15.705769999999916], [-69.96875999999992, -15.703979999999945], [-69.96670999999992, -15.704159999999945], [-69.96626999999995, -15.70398999999992], [-69.96462999999994, -15.702539999999942], [-69.9634299999999, -15.70073999999994], [-69.96236999999991, -15.698529999999948], [-69.96255999999994, -15.697629999999947], [-69.9639499999999, -15.695559999999944], [-69.96389999999991, -15.694839999999942], [-69.96346999999992, -15.694399999999916], [-69.96299999999991, -15.694339999999954], [-69.96136999999993, -15.694949999999949], [-69.96073999999993, -15.694899999999905], [-69.95717999999994, -15.692109999999957], [-69.95688999999993, -15.691329999999937], [-69.95745999999991, -15.690729999999917], [-69.95882999999992, -15.69014999999996], [-69.95977999999991, -15.690189999999916], [-69.96140999999994, -15.69076999999993], [-69.96232999999995, -15.690549999999917], [-69.9623499999999, -15.69005999999996], [-69.96163999999993, -15.68921999999992], [-69.9610899999999, -15.688959999999952], [-69.95950999999991, -15.688819999999907], [-69.95890999999995, -15.688109999999938], [-69.9605699999999, -15.686509999999942], [-69.96055999999993, -15.686369999999954], [-69.96037999999993, -15.684219999999925], [-69.96176999999994, -15.68253999999996], [-69.96179999999993, -15.680549999999926], [-69.96323999999993, -15.676979999999958], [-69.96320999999995, -15.676049999999918], [-69.9620799999999, -15.674579999999935], [-69.96174999999994, -15.673489999999958], [-69.96251999999993, -15.672899999999913], [-69.9647799999999, -15.671959999999956], [-69.96630999999991, -15.670879999999954], [-69.96703999999994, -15.670049999999947], [-69.96759999999995, -15.668949999999938], [-69.96749999999992, -15.667919999999924], [-69.96703999999994, -15.667549999999949], [-69.96528999999992, -15.667469999999923], [-69.96341999999993, -15.66933999999992], [-69.96290999999991, -15.669439999999952], [-69.96239999999995, -15.668949999999938], [-69.9614699999999, -15.66712999999993], [-69.95990999999992, -15.66644999999994], [-69.95826999999991, -15.668069999999943], [-69.9563399999999, -15.668729999999925], [-69.95537999999993, -15.669779999999946], [-69.95528999999993, -15.671309999999949], [-69.9566999999999, -15.672939999999926], [-69.9565199999999, -15.673689999999908], [-69.95411999999993, -15.674469999999928], [-69.95138999999995, -15.677229999999952], [-69.94981999999993, -15.677199999999914], [-69.94879999999995, -15.676229999999919], [-69.9487299999999, -15.675299999999936], [-69.95031999999992, -15.67431999999991], [-69.95063999999991, -15.673539999999946], [-69.95056999999991, -15.673129999999958], [-69.94948999999991, -15.67291999999992], [-69.94880999999992, -15.673309999999958], [-69.94815999999992, -15.673389999999927], [-69.94723999999991, -15.672879999999907], [-69.94493999999992, -15.668869999999913], [-69.94397999999995, -15.668059999999912], [-69.94220999999993, -15.667059999999935], [-69.94016999999991, -15.665089999999907], [-69.93979999999993, -15.663989999999956], [-69.93979999999993, -15.661329999999907], [-69.93939999999992, -15.660509999999931], [-69.9383499999999, -15.659569999999917], [-69.93624999999992, -15.658929999999941], [-69.93550999999991, -15.658289999999909], [-69.93556999999993, -15.657709999999952], [-69.93603999999993, -15.65733999999992], [-69.9370199999999, -15.657389999999907], [-69.93768999999992, -15.65778999999992], [-69.9385499999999, -15.65769999999992], [-69.93877999999995, -15.656319999999937], [-69.93847999999991, -15.65513999999996], [-69.93788999999992, -15.654859999999928], [-69.9358499999999, -15.654709999999909], [-69.93435999999991, -15.653839999999946], [-69.93349999999992, -15.652949999999919], [-69.93220999999994, -15.650489999999934], [-69.93135999999993, -15.649399999999957], [-69.92991999999992, -15.648189999999943], [-69.92710999999991, -15.646559999999909], [-69.92628999999994, -15.645739999999932], [-69.9259899999999, -15.64480999999995], [-69.92610999999994, -15.64208999999994], [-69.92569999999995, -15.641109999999912], [-69.92566999999991, -15.640349999999955], [-69.9257199999999, -15.638809999999921], [-69.92626999999993, -15.63754999999992], [-69.9263699999999, -15.635849999999948], [-69.92583999999994, -15.634289999999908], [-69.9251099999999, -15.633639999999957], [-69.92441999999994, -15.63334999999995], [-69.92327999999992, -15.633469999999932], [-69.92239999999993, -15.633829999999932], [-69.92142999999993, -15.633749999999907], [-69.91904999999991, -15.631329999999934], [-69.91827999999992, -15.631249999999909], [-69.91679999999991, -15.630259999999907], [-69.91647999999992, -15.629489999999919], [-69.91685999999993, -15.626119999999958], [-69.91629999999992, -15.625569999999925], [-69.9151799999999, -15.625589999999931], [-69.91422999999992, -15.624759999999924], [-69.91428999999994, -15.624129999999923], [-69.9143699999999, -15.623269999999934], [-69.91399999999993, -15.622759999999914], [-69.91383999999994, -15.62134999999995], [-69.91412999999994, -15.620369999999923], [-69.91636999999992, -15.61794999999995], [-69.9179499999999, -15.615289999999959], [-69.91907999999995, -15.614479999999958], [-69.92083999999994, -15.613699999999938], [-69.92255999999992, -15.613569999999925], [-69.92341999999991, -15.613989999999944], [-69.92451999999992, -15.61507999999992], [-69.92675999999994, -15.615199999999959], [-69.92764999999991, -15.615979999999922], [-69.92927999999995, -15.618059999999957], [-69.9296799999999, -15.61856999999992], [-69.93017999999995, -15.618549999999914], [-69.93061999999992, -15.618129999999951], [-69.93053999999995, -15.61758999999995], [-69.93029999999993, -15.615989999999954], [-69.92849999999993, -15.61408999999992], [-69.92777999999993, -15.612199999999916], [-69.92824999999993, -15.61146999999994], [-69.9304899999999, -15.609719999999925], [-69.93051999999994, -15.609249999999918], [-69.93022999999994, -15.60868999999991], [-69.92954999999995, -15.607849999999928], [-69.92891999999995, -15.607689999999934], [-69.92836999999992, -15.607939999999928], [-69.92720999999995, -15.609419999999943], [-69.9264599999999, -15.609689999999944], [-69.92436999999995, -15.609649999999931], [-69.92318999999992, -15.608949999999936], [-69.92250999999993, -15.607739999999922], [-69.9222299999999, -15.606529999999907], [-69.92239999999993, -15.603479999999934], [-69.92144999999994, -15.602249999999913], [-69.92162999999994, -15.600039999999922], [-69.92090999999994, -15.599209999999914], [-69.92014999999992, -15.599019999999939], [-69.91940999999991, -15.59841999999992], [-69.91910999999993, -15.596479999999929], [-69.9181299999999, -15.59525999999994], [-69.9178599999999, -15.59456999999992], [-69.91796999999991, -15.59394999999995], [-69.91832999999991, -15.593629999999905], [-69.92273999999992, -15.593329999999924], [-69.92509999999993, -15.592089999999928], [-69.92524999999995, -15.59167999999994], [-69.92431999999991, -15.590439999999944], [-69.92419999999993, -15.589639999999918], [-69.92445999999995, -15.589309999999955], [-69.92605999999995, -15.588529999999935], [-69.92621999999994, -15.587859999999921], [-69.9260999999999, -15.58624999999995], [-69.92649999999992, -15.58579999999995], [-69.92774999999995, -15.58582999999993], [-69.92831999999993, -15.586749999999938], [-69.92827999999992, -15.58767999999992], [-69.92722999999995, -15.589709999999911], [-69.92738999999995, -15.590949999999907], [-69.92779999999993, -15.591609999999946], [-69.9296599999999, -15.591749999999934], [-69.93152999999995, -15.592559999999935], [-69.93258999999995, -15.591929999999934], [-69.9329699999999, -15.590299999999957], [-69.93237999999991, -15.589379999999949], [-69.93200999999993, -15.587899999999934], [-69.9306699999999, -15.586399999999912], [-69.9298599999999, -15.585969999999918], [-69.93050999999991, -15.584059999999909], [-69.9304699999999, -15.583299999999952], [-69.92990999999995, -15.582749999999919], [-69.92852999999991, -15.582459999999912], [-69.92691999999994, -15.581219999999917], [-69.92597999999992, -15.580199999999934], [-69.92551999999995, -15.579059999999913], [-69.92557999999991, -15.578139999999905], [-69.9261899999999, -15.576559999999915], [-69.92619999999994, -15.575029999999913], [-69.92668999999995, -15.574239999999918], [-69.92774999999995, -15.574849999999913], [-69.92801999999995, -15.576749999999947], [-69.92833999999993, -15.577099999999916], [-69.92919999999992, -15.576959999999929], [-69.92999999999995, -15.576439999999934], [-69.93058999999994, -15.575509999999952], [-69.93058999999994, -15.575029999999913], [-69.92863999999992, -15.57257999999996], [-69.92788999999993, -15.572049999999933], [-69.92428999999993, -15.57239999999996], [-69.92166999999995, -15.571819999999946], [-69.9214399999999, -15.57200999999992], [-69.91811999999993, -15.571809999999914], [-69.91726999999992, -15.572199999999953], [-69.91568999999993, -15.572169999999915], [-69.91555999999991, -15.571439999999939], [-69.91580999999991, -15.570559999999944], [-69.91679999999991, -15.569749999999942], [-69.91896999999994, -15.569879999999955], [-69.91930999999994, -15.569329999999923], [-69.92097999999993, -15.568829999999934], [-69.92199999999991, -15.567299999999932], [-69.92288999999994, -15.566649999999925], [-69.92410999999993, -15.566879999999912], [-69.92407999999995, -15.567209999999932], [-69.92345999999992, -15.567879999999946], [-69.92374999999993, -15.568409999999915], [-69.92486999999994, -15.568379999999934], [-69.92635999999993, -15.56779999999992], [-69.92719999999991, -15.566869999999938], [-69.92718999999994, -15.566469999999924], [-69.92664999999994, -15.565669999999955], [-69.92658999999992, -15.565049999999928], [-69.92701999999991, -15.563999999999908], [-69.92745999999994, -15.563599999999951], [-69.92836999999992, -15.563519999999926], [-69.9296599999999, -15.563809999999933], [-69.93234999999993, -15.565379999999948], [-69.9336199999999, -15.56534999999991], [-69.93541999999991, -15.565929999999923], [-69.93842999999993, -15.565909999999917], [-69.93910999999991, -15.566899999999919], [-69.9396099999999, -15.566929999999957], [-69.94026999999994, -15.566059999999936], [-69.93990999999994, -15.563929999999914], [-69.94003999999995, -15.563379999999938], [-69.94058999999993, -15.563039999999944], [-69.94107999999994, -15.563069999999925], [-69.94197999999994, -15.56245999999993], [-69.94445999999994, -15.56191999999993], [-69.9452599999999, -15.56096999999994], [-69.9448999999999, -15.55946999999992], [-69.94428999999991, -15.558729999999912], [-69.94361999999995, -15.558309999999949], [-69.93983999999995, -15.558469999999943], [-69.93898999999993, -15.558079999999904], [-69.93707999999992, -15.558209999999917], [-69.93603999999993, -15.559909999999945], [-69.93462999999991, -15.560899999999947], [-69.93383999999992, -15.562239999999917], [-69.9330599999999, -15.562149999999917], [-69.93283999999994, -15.56078999999994], [-69.9326099999999, -15.560719999999947], [-69.9321799999999, -15.561009999999953], [-69.93170999999995, -15.562359999999956], [-69.93119999999993, -15.56260999999995], [-69.92999999999995, -15.56218999999993], [-69.9274299999999, -15.560129999999958], [-69.92632999999995, -15.559959999999933], [-69.92577999999992, -15.560289999999952], [-69.92547999999994, -15.560829999999953], [-69.92536999999993, -15.563569999999913], [-69.92173999999994, -15.563389999999913], [-69.92070999999993, -15.563729999999907], [-69.91960999999992, -15.564629999999909], [-69.9187399999999, -15.567409999999938], [-69.91816999999992, -15.56815999999992], [-69.9169399999999, -15.567969999999946], [-69.9155199999999, -15.567009999999925], [-69.91282999999993, -15.567019999999957], [-69.91182999999995, -15.56579999999991], [-69.91144999999995, -15.56561999999991], [-69.91000999999994, -15.565869999999904], [-69.90905999999995, -15.566429999999912], [-69.90731999999991, -15.566409999999905], [-69.90609999999992, -15.567139999999938], [-69.90502999999995, -15.568459999999959], [-69.90382999999991, -15.570979999999906], [-69.90368999999993, -15.571729999999945], [-69.9038799999999, -15.574329999999918], [-69.90367999999995, -15.575079999999957], [-69.9009299999999, -15.578229999999905], [-69.89946999999995, -15.581139999999948], [-69.89886999999993, -15.583039999999926], [-69.89706999999993, -15.58591999999993], [-69.89360999999991, -15.588859999999954], [-69.89236999999991, -15.590269999999919], [-69.89202999999992, -15.59283999999991], [-69.89210999999995, -15.594069999999931], [-69.89263999999991, -15.595999999999947], [-69.89237999999995, -15.597079999999949], [-69.88935999999995, -15.597899999999925], [-69.88729999999993, -15.600419999999929], [-69.88528999999994, -15.600819999999942], [-69.88242999999994, -15.602999999999952], [-69.8821099999999, -15.603879999999947], [-69.8821099999999, -15.606179999999938], [-69.88182999999992, -15.607379999999921], [-69.87979999999993, -15.610629999999958], [-69.8785299999999, -15.611929999999916], [-69.87760999999995, -15.612289999999916], [-69.87513999999993, -15.61206999999996], [-69.87390999999991, -15.612369999999942], [-69.86916999999994, -15.615699999999947], [-69.86338999999992, -15.61856999999992], [-69.86246999999992, -15.619469999999922], [-69.86226999999991, -15.619669999999928], [-69.85939999999994, -15.621569999999906], [-69.85717999999991, -15.623759999999947], [-69.85522999999995, -15.626379999999926], [-69.85352999999992, -15.62967999999995], [-69.85318999999993, -15.631009999999947], [-69.85322999999994, -15.633399999999938], [-69.85294999999991, -15.634339999999952], [-69.85063999999994, -15.635739999999942], [-69.84944999999993, -15.636889999999937], [-69.84811999999994, -15.637409999999932], [-69.84717999999992, -15.638229999999908], [-69.84607999999992, -15.639729999999929], [-69.84536999999995, -15.642419999999959], [-69.84542999999991, -15.64333999999991], [-69.8465799999999, -15.645499999999913], [-69.84759999999994, -15.646459999999934], [-69.84760999999992, -15.647069999999928], [-69.84911999999991, -15.649769999999933], [-69.84958999999992, -15.651049999999941], [-69.85027999999994, -15.657599999999945], [-69.8510599999999, -15.66056999999995], [-69.85120999999992, -15.665029999999945], [-69.8507899999999, -15.669139999999913], [-69.85016999999993, -15.671679999999924], [-69.85068999999993, -15.67930999999993], [-69.84992999999992, -15.680499999999938], [-69.84946999999994, -15.68053999999995], [-69.84787999999992, -15.681549999999959], [-69.84728999999993, -15.682249999999954], [-69.84679999999992, -15.682219999999916], [-69.84641999999991, -15.68246999999991], [-69.84482999999994, -15.686469999999929], [-69.84406999999993, -15.68703999999991], [-69.84151999999995, -15.687889999999925], [-69.8398699999999, -15.688819999999907], [-69.83631999999994, -15.69339999999994], [-69.83507999999995, -15.69470999999993], [-69.83301999999992, -15.695009999999911], [-69.82967999999994, -15.696059999999932], [-69.82577999999995, -15.699179999999956], [-69.8214099999999, -15.703649999999925], [-69.82045999999991, -15.706419999999923], [-69.81968999999992, -15.707389999999918], [-69.81823999999995, -15.707999999999913], [-69.81547999999992, -15.709799999999916], [-69.81056999999993, -15.71195999999992], [-69.80987999999991, -15.712579999999946], [-69.8052899999999, -15.715029999999956], [-69.80331999999993, -15.715999999999951], [-69.80276999999995, -15.71598999999992], [-69.80030999999991, -15.717049999999915], [-69.79840999999993, -15.718449999999905], [-69.79763999999994, -15.71921999999995], [-69.7966199999999, -15.720769999999959], [-69.7928399999999, -15.724909999999909], [-69.79263999999995, -15.725499999999954], [-69.79156999999992, -15.726159999999936], [-69.79000999999994, -15.726289999999949], [-69.7881999999999, -15.726849999999956], [-69.77917999999994, -15.72655999999995], [-69.77587999999992, -15.726699999999937], [-69.77265999999992, -15.727579999999932], [-69.77118999999993, -15.72813999999994], [-69.76913999999994, -15.729319999999916], [-69.76699999999994, -15.729849999999942], [-69.76557999999994, -15.729679999999917], [-69.76448999999991, -15.729069999999922], [-69.7631199999999, -15.728699999999947], [-69.75960999999995, -15.728509999999915], [-69.75756999999993, -15.728609999999946], [-69.75594999999993, -15.72911999999991], [-69.75404999999995, -15.730309999999918], [-69.75297999999992, -15.731249999999932], [-69.75203999999991, -15.731489999999951], [-69.75139999999993, -15.731409999999926], [-69.75074999999993, -15.730839999999944], [-69.7496999999999, -15.729239999999947], [-69.74532999999991, -15.72526999999991], [-69.74475999999993, -15.724179999999933], [-69.74471999999992, -15.723089999999956], [-69.74586999999991, -15.720899999999915], [-69.75115999999991, -15.716969999999947], [-69.75308999999993, -15.714539999999943], [-69.75518999999991, -15.713499999999954], [-69.76120999999995, -15.711089999999956], [-69.76429999999993, -15.709539999999947], [-69.76586999999995, -15.70801999999992], [-69.76700999999991, -15.705649999999935], [-69.76751999999993, -15.705059999999946], [-69.76826999999992, -15.704979999999921], [-69.76896999999991, -15.70556999999991], [-69.76977999999991, -15.705419999999947], [-69.77115999999995, -15.70249999999993], [-69.7727099999999, -15.70076999999992], [-69.77374999999995, -15.700369999999907], [-69.77533999999991, -15.700249999999926], [-69.77904999999993, -15.697379999999953], [-69.77991999999995, -15.696989999999914], [-69.78070999999994, -15.696989999999914], [-69.78143999999992, -15.696709999999939], [-69.7843299999999, -15.695089999999936], [-69.78854999999993, -15.689349999999934], [-69.7935599999999, -15.68509999999992], [-69.79800999999992, -15.680949999999939], [-69.80031999999994, -15.67841999999996], [-69.80408999999992, -15.673689999999908], [-69.80373999999995, -15.671129999999948], [-69.8009899999999, -15.668069999999943], [-69.80011999999994, -15.667529999999942], [-69.7993899999999, -15.667369999999949], [-69.79664999999994, -15.66784999999993], [-69.79429999999991, -15.669129999999939], [-69.78732999999994, -15.674709999999948], [-69.78207999999995, -15.677859999999953], [-69.77777999999995, -15.681709999999953], [-69.77602999999993, -15.68244999999996], [-69.77278999999993, -15.683169999999905], [-69.77089999999993, -15.684809999999914], [-69.7692199999999, -15.685689999999909], [-69.7676899999999, -15.686129999999935], [-69.76672999999994, -15.68605999999994], [-69.76450999999992, -15.684129999999925], [-69.7631199999999, -15.68342999999993], [-69.76236999999992, -15.682639999999935], [-69.7622399999999, -15.682189999999935], [-69.76346999999993, -15.681029999999907], [-69.76443999999992, -15.679439999999943], [-69.76431999999994, -15.676849999999945], [-69.76460999999995, -15.675829999999905], [-69.76737999999995, -15.672439999999938], [-69.76825999999994, -15.670669999999916], [-69.7691999999999, -15.667079999999942], [-69.7695799999999, -15.663109999999904], [-69.77019999999993, -15.660579999999925], [-69.77120999999994, -15.659329999999954], [-69.77182999999991, -15.658969999999954], [-69.77343999999994, -15.659069999999929], [-69.77413999999993, -15.659439999999904], [-69.7761999999999, -15.659149999999954], [-69.77706999999992, -15.658339999999953], [-69.77925999999991, -15.655439999999942], [-69.78066999999993, -15.654229999999927], [-69.78114999999991, -15.654309999999953], [-69.78149999999994, -15.654829999999947], [-69.78154999999992, -15.655909999999949], [-69.78088999999994, -15.657619999999952], [-69.78081999999995, -15.658379999999909], [-69.78120999999993, -15.660499999999956], [-69.78174999999993, -15.661929999999927], [-69.78246999999993, -15.662539999999922], [-69.78436999999991, -15.662519999999915], [-69.78664999999995, -15.663559999999904], [-69.78758999999991, -15.663429999999948], [-69.7894599999999, -15.66256999999996], [-69.79513999999995, -15.662369999999953], [-69.79581999999994, -15.66196999999994], [-69.79759999999993, -15.661929999999927], [-69.79957999999993, -15.660509999999931], [-69.80379999999991, -15.656459999999925], [-69.80426999999992, -15.65551999999991], [-69.8040499999999, -15.654289999999946], [-69.80430999999993, -15.653239999999926], [-69.80696999999992, -15.65083999999996], [-69.80828999999994, -15.648529999999937], [-69.80847999999992, -15.647199999999941], [-69.80806999999993, -15.64411999999993], [-69.80826999999994, -15.643109999999922], [-69.80920999999995, -15.642019999999945], [-69.8121999999999, -15.639719999999954], [-69.81278999999995, -15.638319999999908], [-69.81371999999993, -15.634579999999914], [-69.81356999999991, -15.633849999999939], [-69.8120899999999, -15.631489999999928], [-69.8113899999999, -15.630869999999959], [-69.8107599999999, -15.630839999999921], [-69.80874999999992, -15.628659999999911], [-69.80827999999991, -15.627879999999948], [-69.80821999999995, -15.626639999999952], [-69.80923999999993, -15.626249999999914], [-69.81118999999995, -15.626499999999908], [-69.81187999999992, -15.626399999999933], [-69.81242999999995, -15.625249999999937], [-69.8144299999999, -15.623719999999935], [-69.81525999999991, -15.622799999999927], [-69.81592999999992, -15.621719999999925], [-69.81624999999991, -15.620719999999949], [-69.81598999999994, -15.619189999999946], [-69.81425999999993, -15.61785999999995], [-69.8132799999999, -15.615309999999909], [-69.81239999999991, -15.614619999999945], [-69.81178999999992, -15.614519999999914], [-69.81083999999993, -15.614589999999907], [-69.80965999999995, -15.615129999999908], [-69.80890999999991, -15.615149999999915], [-69.8087099999999, -15.614399999999932], [-69.81051999999994, -15.611519999999928], [-69.81125999999995, -15.609329999999943], [-69.81392999999991, -15.606509999999957], [-69.8139799999999, -15.603749999999934], [-69.81436999999994, -15.603479999999934], [-69.81627999999995, -15.60349999999994], [-69.81705999999991, -15.602979999999945], [-69.81793999999991, -15.601349999999911], [-69.81988999999993, -15.599129999999946], [-69.8214999999999, -15.595299999999952], [-69.8252599999999, -15.591139999999939], [-69.82619999999991, -15.589029999999923], [-69.82703999999995, -15.588319999999953], [-69.82870999999994, -15.587439999999958], [-69.82960999999995, -15.586379999999906], [-69.8334999999999, -15.583229999999958], [-69.83489999999995, -15.582509999999957], [-69.83902999999992, -15.579449999999952], [-69.8417399999999, -15.578199999999924], [-69.84298999999993, -15.57660999999996], [-69.8438099999999, -15.573719999999923], [-69.84442999999993, -15.57197999999994], [-69.84601999999995, -15.569879999999955], [-69.84562999999991, -15.568209999999908], [-69.84573999999992, -15.567649999999958], [-69.84669999999994, -15.566389999999956], [-69.84780999999992, -15.565519999999935], [-69.8488099999999, -15.563419999999951], [-69.8498899999999, -15.563369999999907], [-69.85183999999992, -15.562049999999942], [-69.85403999999994, -15.56185999999991], [-69.85574999999994, -15.560739999999953], [-69.85797999999994, -15.561149999999941], [-69.85868999999991, -15.561069999999916], [-69.85940999999991, -15.560489999999959], [-69.86078999999995, -15.558719999999937], [-69.86156999999992, -15.557389999999941], [-69.86176999999992, -15.556619999999953], [-69.8615299999999, -15.555929999999933], [-69.8602899999999, -15.554119999999955], [-69.85993999999994, -15.553119999999922], [-69.85977999999994, -15.547599999999932], [-69.86011999999994, -15.546109999999942], [-69.86288999999994, -15.540569999999946], [-69.86364999999995, -15.53941999999995], [-69.86633999999992, -15.536589999999933], [-69.86813999999993, -15.531839999999931], [-69.87160999999992, -15.528269999999907], [-69.8750399999999, -15.522049999999922], [-69.87631999999991, -15.521129999999914], [-69.87874999999991, -15.520439999999951], [-69.88116999999994, -15.519279999999924], [-69.88334999999995, -15.517739999999947], [-69.88671999999991, -15.514479999999935], [-69.8882099999999, -15.512509999999907], [-69.88936999999993, -15.510489999999947], [-69.89046999999994, -15.507449999999949], [-69.89116999999993, -15.50213999999994], [-69.89216999999991, -15.500399999999956], [-69.89261999999991, -15.497989999999959], [-69.89355999999992, -15.496379999999931], [-69.89465999999993, -15.495279999999923], [-69.8951899999999, -15.493999999999915], [-69.89510999999993, -15.491949999999918], [-69.89506999999992, -15.491109999999935], [-69.89454999999992, -15.486989999999935], [-69.8936799999999, -15.483889999999917], [-69.89230999999995, -15.480969999999957], [-69.89209999999991, -15.479419999999948], [-69.89217999999994, -15.47807999999992], [-69.89291999999995, -15.477739999999926], [-69.89354999999995, -15.477789999999914], [-69.89444999999995, -15.47864999999996], [-69.8950099999999, -15.479559999999935], [-69.8952999999999, -15.481079999999906], [-69.89606999999995, -15.48258999999996], [-69.89643999999993, -15.485629999999958], [-69.89719999999994, -15.487639999999942], [-69.89717999999993, -15.491769999999917], [-69.8974199999999, -15.491949999999918], [-69.89771999999994, -15.49180999999993], [-69.8993999999999, -15.48977999999994], [-69.89974999999993, -15.487659999999948], [-69.90035999999992, -15.486249999999927], [-69.9029799999999, -15.48296999999991], [-69.9055699999999, -15.475399999999922], [-69.90643999999992, -15.47395999999992], [-69.90939999999995, -15.47052999999994], [-69.91008999999991, -15.468009999999936], [-69.91150999999991, -15.465249999999912], [-69.91243999999995, -15.464219999999955], [-69.91541999999993, -15.463169999999934], [-69.91630999999995, -15.462519999999927], [-69.91667999999993, -15.461859999999945], [-69.91735999999992, -15.459479999999928], [-69.91952999999995, -15.456459999999936], [-69.92036999999993, -15.454499999999939], [-69.91948999999994, -15.448909999999955], [-69.91826999999995, -15.445919999999944], [-69.9186699999999, -15.443499999999915], [-69.91852999999992, -15.442289999999957], [-69.91781999999995, -15.440579999999954], [-69.91633999999993, -15.43918999999994], [-69.91633999999993, -15.437659999999937], [-69.91679999999991, -15.437249999999949], [-69.91867999999994, -15.43691999999993], [-69.91969999999992, -15.435559999999953], [-69.92327999999992, -15.434319999999957], [-69.92515999999995, -15.432899999999904], [-69.92592999999994, -15.43193999999994], [-69.92646999999994, -15.430809999999951], [-69.92705999999993, -15.427809999999909], [-69.92757999999992, -15.426519999999925], [-69.92980999999992, -15.424549999999954], [-69.93053999999995, -15.422869999999932], [-69.93165999999991, -15.422009999999943], [-69.93231999999995, -15.420789999999954], [-69.93648999999994, -15.416379999999947], [-69.93668999999994, -15.41563999999994], [-69.93657999999994, -15.414559999999938], [-69.93615999999992, -15.41432999999995], [-69.9350399999999, -15.414339999999925], [-69.93416999999994, -15.413889999999924], [-69.93429999999995, -15.41256999999996], [-69.93408999999991, -15.411839999999927], [-69.93345999999991, -15.411889999999914], [-69.93143999999995, -15.41303999999991], [-69.9303999999999, -15.412669999999935], [-69.93013999999994, -15.411939999999959], [-69.93177999999995, -15.409149999999954], [-69.93335999999994, -15.407439999999951], [-69.93432999999993, -15.404839999999922], [-69.93577999999991, -15.402649999999937], [-69.93793999999991, -15.40083999999996], [-69.94206999999994, -15.398559999999918], [-69.94270999999992, -15.397689999999955], [-69.94240999999994, -15.396319999999946], [-69.93890999999991, -15.392819999999915], [-69.93805999999995, -15.390499999999918], [-69.9373799999999, -15.389679999999942], [-69.93580999999995, -15.38835999999992], [-69.93283999999994, -15.388159999999914], [-69.93069999999994, -15.386119999999949], [-69.92861999999991, -15.385449999999935], [-69.92764999999991, -15.38441999999992], [-69.92756999999995, -15.383689999999945], [-69.92766999999992, -15.383299999999906], [-69.92779999999993, -15.382769999999937], [-69.92861999999991, -15.382039999999904], [-69.9314599999999, -15.38220999999993], [-69.93206999999995, -15.381949999999904], [-69.93252999999993, -15.381439999999941], [-69.93241999999992, -15.38080999999994], [-69.93191999999993, -15.380019999999945], [-69.93084999999991, -15.37877999999995], [-69.9296599999999, -15.377929999999935], [-69.9293199999999, -15.377159999999947], [-69.92933999999991, -15.375609999999938], [-69.9296799999999, -15.373929999999916], [-69.93009999999992, -15.373269999999934], [-69.93102999999991, -15.37319999999994], [-69.93113999999991, -15.372899999999959], [-69.93080999999995, -15.370429999999942], [-69.93089999999995, -15.369249999999909], [-69.9324499999999, -15.366919999999936], [-69.93309999999991, -15.365029999999933], [-69.93306999999993, -15.363959999999906], [-69.9326999999999, -15.363279999999918], [-69.93282999999991, -15.360549999999932], [-69.93191999999993, -15.359929999999906], [-69.93033999999994, -15.360059999999919], [-69.92918999999995, -15.360899999999958], [-69.92816999999991, -15.362469999999917], [-69.92789999999991, -15.363359999999943], [-69.92807999999991, -15.364309999999932], [-69.9299499999999, -15.364249999999913], [-69.93017999999995, -15.364559999999926], [-69.9302199999999, -15.365349999999921], [-69.92991999999992, -15.366399999999942], [-69.9285099999999, -15.36931999999996], [-69.92808999999994, -15.372499999999945], [-69.92735999999991, -15.374039999999923], [-69.9267299999999, -15.37450999999993], [-69.92592999999994, -15.374379999999917], [-69.92578999999995, -15.373679999999922], [-69.92597999999992, -15.372579999999914], [-69.92711999999995, -15.370049999999935], [-69.9267299999999, -15.36871999999994], [-69.92693999999995, -15.366279999999904], [-69.92595999999992, -15.365099999999927], [-69.92572999999993, -15.36173999999994], [-69.92515999999995, -15.36143999999996], [-69.9247299999999, -15.361569999999915], [-69.92428999999993, -15.362229999999954], [-69.9242099999999, -15.364059999999938], [-69.92457999999993, -15.36537999999996], [-69.9242099999999, -15.365699999999947], [-69.92295999999993, -15.365719999999953], [-69.9226099999999, -15.366059999999948], [-69.92299999999994, -15.370009999999922], [-69.92337999999995, -15.370309999999904], [-69.92432999999994, -15.37029999999993], [-69.92473999999993, -15.37059999999991], [-69.92368999999991, -15.372799999999927], [-69.92380999999995, -15.374489999999923], [-69.92427999999995, -15.375279999999918], [-69.92558999999994, -15.376609999999914], [-69.9273399999999, -15.377609999999947], [-69.92883999999992, -15.379149999999925], [-69.92837999999995, -15.379619999999932], [-69.92698999999993, -15.379909999999938], [-69.9266399999999, -15.380259999999907], [-69.9264399999999, -15.382859999999937], [-69.9259199999999, -15.38360999999992], [-69.92525999999992, -15.38316999999995], [-69.92524999999995, -15.381189999999947], [-69.9249999999999, -15.38056999999992], [-69.92454999999995, -15.380219999999952], [-69.92327999999992, -15.38044999999994], [-69.92192999999992, -15.38196999999991], [-69.92127999999991, -15.382399999999905], [-69.91974999999991, -15.382689999999911], [-69.91930999999994, -15.382039999999904], [-69.91949999999991, -15.381269999999915], [-69.92120999999992, -15.378509999999949], [-69.92238999999995, -15.377269999999953], [-69.92289999999991, -15.375889999999913], [-69.92212999999992, -15.375269999999944], [-69.92010999999991, -15.375119999999924], [-69.91979999999995, -15.372399999999914], [-69.91913999999991, -15.371519999999919], [-69.9172099999999, -15.370889999999918], [-69.9148199999999, -15.370719999999949], [-69.91450999999995, -15.370459999999923], [-69.9144399999999, -15.369939999999929], [-69.91467999999992, -15.369369999999947], [-69.91519999999991, -15.368969999999933], [-69.91969999999992, -15.368259999999907], [-69.92050999999992, -15.36749999999995], [-69.9206299999999, -15.36704999999995], [-69.91979999999995, -15.366089999999929], [-69.91861999999992, -15.365749999999935], [-69.9176599999999, -15.365889999999922], [-69.9135399999999, -15.367799999999932], [-69.91255999999993, -15.36722999999995], [-69.91177999999991, -15.366269999999929], [-69.91019999999992, -15.366259999999954], [-69.90928999999994, -15.365439999999921], [-69.90879999999993, -15.365479999999934], [-69.90771999999993, -15.366579999999942], [-69.90663999999992, -15.36644999999993], [-69.9060399999999, -15.365719999999953], [-69.90605999999991, -15.363729999999919], [-69.9058399999999, -15.362999999999943], [-69.90264999999994, -15.360559999999907], [-69.9028899999999, -15.359779999999944], [-69.90370999999993, -15.35868999999991], [-69.90330999999992, -15.358379999999954], [-69.90251999999992, -15.358379999999954], [-69.90229999999991, -15.357929999999953], [-69.90412999999995, -15.356269999999938], [-69.90421999999995, -15.355979999999931], [-69.90395999999993, -15.355239999999924], [-69.9034299999999, -15.354909999999904], [-69.90246999999994, -15.354909999999904], [-69.90136999999993, -15.355509999999924], [-69.89808999999991, -15.358609999999942], [-69.8968099999999, -15.358559999999954], [-69.89577999999995, -15.357839999999953], [-69.89517999999993, -15.35770999999994], [-69.89184999999992, -15.35758999999996], [-69.89095999999995, -15.358249999999941], [-69.8906199999999, -15.359409999999912], [-69.88978999999995, -15.360339999999951], [-69.8871299999999, -15.36024999999995], [-69.88559999999995, -15.361389999999915], [-69.88488999999993, -15.361639999999909], [-69.88269999999994, -15.36182999999994], [-69.87950999999993, -15.361729999999909], [-69.87848999999994, -15.361299999999915], [-69.8767499999999, -15.359989999999925], [-69.87582999999995, -15.360179999999957], [-69.87562999999994, -15.361219999999946], [-69.87662999999992, -15.363799999999912], [-69.8760299999999, -15.365039999999908], [-69.87640999999991, -15.367299999999943], [-69.87594999999993, -15.367689999999925], [-69.87441999999993, -15.367309999999918], [-69.87417999999991, -15.368059999999957], [-69.87508999999994, -15.369819999999947], [-69.87640999999991, -15.371759999999938], [-69.87709999999993, -15.372389999999939], [-69.87720999999993, -15.372829999999908], [-69.8767499999999, -15.373429999999928], [-69.87582999999995, -15.373239999999953], [-69.87501999999995, -15.373369999999909], [-69.87436999999994, -15.376669999999933], [-69.8737099999999, -15.377429999999947], [-69.8730799999999, -15.377189999999928], [-69.87242999999995, -15.376399999999933], [-69.87220999999994, -15.37319999999994], [-69.87130999999994, -15.37089999999995], [-69.8707399999999, -15.370729999999924], [-69.86786999999993, -15.370959999999911], [-69.86703999999992, -15.370669999999905], [-69.86626999999993, -15.369459999999947], [-69.86426999999992, -15.364969999999914], [-69.86320999999992, -15.36382999999995], [-69.86202999999995, -15.363059999999905], [-69.85978999999992, -15.361949999999922], [-69.85813999999993, -15.361409999999921], [-69.8562599999999, -15.361309999999946], [-69.85447999999991, -15.360709999999926], [-69.85194999999993, -15.360739999999907], [-69.85138999999992, -15.361299999999915], [-69.8513299999999, -15.361919999999941], [-69.85254999999995, -15.363909999999919], [-69.85279999999995, -15.364749999999958], [-69.85250999999994, -15.365969999999948], [-69.8517799999999, -15.366589999999917], [-69.85005999999993, -15.366519999999923], [-69.84692999999993, -15.363929999999925], [-69.84607999999992, -15.363629999999944], [-69.84511999999995, -15.363619999999912], [-69.84287999999992, -15.363939999999957], [-69.84141999999991, -15.364499999999907], [-69.8408399999999, -15.365239999999915], [-69.84023999999994, -15.367309999999918], [-69.83936999999992, -15.367669999999919], [-69.83803999999992, -15.366649999999936], [-69.83504999999991, -15.362709999999936], [-69.83280999999994, -15.360319999999945], [-69.83084999999994, -15.358579999999904], [-69.82809999999995, -15.357399999999927], [-69.82439999999991, -15.356639999999913], [-69.8203299999999, -15.354319999999916], [-69.8182799999999, -15.354089999999928], [-69.81070999999991, -15.353909999999928], [-69.80806999999993, -15.353549999999927], [-69.80736999999993, -15.354199999999935], [-69.80640999999991, -15.356809999999939], [-69.80606999999992, -15.357129999999927], [-69.80364999999995, -15.357909999999947], [-69.80032999999992, -15.35787999999991], [-69.79924999999992, -15.35767999999996], [-69.79585999999995, -15.356059999999957], [-69.79266999999993, -15.353809999999953], [-69.79129999999992, -15.352549999999951], [-69.79119999999995, -15.352249999999913], [-69.79232999999994, -15.351419999999905], [-69.79460999999992, -15.35080999999991], [-69.79931999999991, -15.348619999999926], [-69.8007199999999, -15.348539999999957], [-69.80405999999994, -15.346469999999954], [-69.80558999999994, -15.345849999999928], [-69.80638999999991, -15.345769999999959], [-69.80724999999995, -15.346229999999935], [-69.80957999999993, -15.348839999999939], [-69.81083999999993, -15.349459999999908], [-69.8119099999999, -15.349719999999934], [-69.81569999999994, -15.349669999999946], [-69.81734999999992, -15.34913999999992], [-69.81961999999993, -15.348039999999912], [-69.8212499999999, -15.347669999999937], [-69.82218999999992, -15.347699999999918], [-69.82325999999995, -15.34841999999992], [-69.82557999999995, -15.351239999999905], [-69.82637999999992, -15.351749999999925], [-69.82679999999993, -15.351399999999956], [-69.82666999999992, -15.348039999999912], [-69.8272199999999, -15.347459999999955], [-69.8278699999999, -15.347399999999936], [-69.8284999999999, -15.347859999999912], [-69.82878999999991, -15.348409999999944], [-69.82857999999993, -15.35253999999992], [-69.82934999999992, -15.35331999999994], [-69.82997999999992, -15.353379999999959], [-69.8318799999999, -15.352269999999919], [-69.83294999999993, -15.352039999999931], [-69.8350299999999, -15.350379999999916], [-69.83870999999994, -15.349629999999934], [-69.83924999999994, -15.349019999999939], [-69.83866999999992, -15.348099999999931], [-69.83889999999991, -15.347079999999949], [-69.83955999999995, -15.347069999999917], [-69.84077999999994, -15.348039999999912], [-69.84188999999992, -15.348309999999913], [-69.8421899999999, -15.34806999999995], [-69.84257999999994, -15.347169999999949], [-69.8447799999999, -15.345419999999933], [-69.8447799999999, -15.344979999999907], [-69.84424999999993, -15.34439999999995], [-69.84195999999991, -15.343399999999917], [-69.8407499999999, -15.341779999999915], [-69.83702999999991, -15.341129999999907], [-69.83647999999994, -15.340379999999925], [-69.83659999999992, -15.339779999999905], [-69.83989999999994, -15.337159999999926], [-69.84033999999991, -15.33615999999995], [-69.84037999999993, -15.334799999999916], [-69.84174999999993, -15.333509999999933], [-69.8427299999999, -15.331759999999917], [-69.84339999999992, -15.331389999999942], [-69.8438999999999, -15.331759999999917], [-69.84409999999991, -15.332359999999937], [-69.84394999999995, -15.33337999999992], [-69.84287999999992, -15.33510999999993], [-69.84172999999993, -15.336379999999906], [-69.84095999999994, -15.338229999999953], [-69.84008999999992, -15.339109999999948], [-69.84001999999992, -15.339569999999924], [-69.8402299999999, -15.339799999999912], [-69.84098999999992, -15.339969999999937], [-69.8435199999999, -15.340049999999906], [-69.84481999999991, -15.340599999999938], [-69.84638999999993, -15.342319999999916], [-69.84734999999995, -15.344409999999925], [-69.84807999999992, -15.345239999999933], [-69.8481999999999, -15.345819999999947], [-69.8477499999999, -15.34692999999993], [-69.84616999999992, -15.347129999999936], [-69.84565999999995, -15.347519999999918], [-69.84538999999995, -15.350109999999916], [-69.84373999999991, -15.352529999999945], [-69.84375999999992, -15.353449999999953], [-69.84402999999992, -15.35382999999996], [-69.84586999999993, -15.354709999999955], [-69.85044999999991, -15.354789999999923], [-69.85379999999992, -15.355569999999943], [-69.85799999999995, -15.357339999999908], [-69.86205999999993, -15.35979999999995], [-69.86565999999993, -15.362529999999936], [-69.86874999999992, -15.363709999999912], [-69.86935999999992, -15.363619999999912], [-69.87059999999991, -15.361929999999916], [-69.87112999999994, -15.36295999999993], [-69.87130999999994, -15.364639999999952], [-69.87196999999992, -15.365309999999909], [-69.87242999999995, -15.365419999999915], [-69.87308999999993, -15.364379999999926], [-69.8730799999999, -15.362389999999948], [-69.87272999999993, -15.361209999999915], [-69.87164999999993, -15.359509999999943], [-69.87144999999992, -15.35877999999991], [-69.87162999999993, -15.357869999999934], [-69.87229999999994, -15.356649999999945], [-69.87319999999994, -15.355789999999956], [-69.87383999999992, -15.355789999999956], [-69.87423999999993, -15.356049999999925], [-69.87432999999993, -15.356949999999927], [-69.87344999999993, -15.358589999999936], [-69.87351999999993, -15.358879999999942], [-69.87408999999991, -15.359269999999924], [-69.87453999999991, -15.359049999999911], [-69.87547999999992, -15.357739999999922], [-69.8763899999999, -15.357129999999927], [-69.87686999999994, -15.357159999999908], [-69.87786999999992, -15.35812999999996], [-69.8786399999999, -15.358319999999935], [-69.87884999999994, -15.358099999999922], [-69.87865999999991, -15.356429999999932], [-69.87937999999991, -15.355599999999924], [-69.87956999999994, -15.354869999999949], [-69.8794299999999, -15.353799999999922], [-69.87884999999994, -15.35304999999994], [-69.87644999999992, -15.352319999999906], [-69.87439999999992, -15.352199999999925], [-69.87381999999991, -15.351689999999905], [-69.87375999999995, -15.351239999999905], [-69.87474999999995, -15.350469999999916], [-69.87961999999993, -15.348219999999912], [-69.87995999999993, -15.347569999999905], [-69.87992999999994, -15.345869999999934], [-69.88025999999991, -15.345519999999908], [-69.8814999999999, -15.345689999999934], [-69.88270999999992, -15.346659999999929], [-69.88555999999994, -15.346469999999954], [-69.88698999999991, -15.347079999999949], [-69.88840999999991, -15.34704999999991], [-69.88997999999992, -15.345549999999946], [-69.89179999999993, -15.34265999999991], [-69.89263999999991, -15.341759999999908], [-69.89200999999991, -15.340939999999932], [-69.88805999999994, -15.340739999999926], [-69.88581999999991, -15.341869999999915], [-69.88499999999993, -15.343499999999949], [-69.88427999999993, -15.343829999999912], [-69.88297999999992, -15.342779999999948], [-69.88232999999991, -15.342819999999904], [-69.88075999999995, -15.34358999999995], [-69.88035999999994, -15.342449999999928], [-69.87977999999993, -15.342329999999947], [-69.87896999999992, -15.342509999999947], [-69.8781699999999, -15.343269999999904], [-69.87708999999995, -15.344989999999939], [-69.87693999999993, -15.345549999999946], [-69.87717999999995, -15.346939999999904], [-69.87678999999991, -15.347819999999956], [-69.87610999999993, -15.348489999999913], [-69.87554999999992, -15.348659999999938], [-69.87364999999994, -15.348809999999958], [-69.87155999999993, -15.348719999999958], [-69.87130999999994, -15.34850999999992], [-69.87121999999994, -15.347589999999911], [-69.87382999999994, -15.346589999999935], [-69.87372999999991, -15.34615999999994], [-69.87319999999994, -15.345659999999953], [-69.87099999999992, -15.345459999999946], [-69.86955999999992, -15.344299999999919], [-69.8673399999999, -15.344509999999957], [-69.8668199999999, -15.344159999999931], [-69.86524999999995, -15.344049999999925], [-69.86373999999995, -15.344439999999906], [-69.86275999999992, -15.34543999999994], [-69.8634899999999, -15.346009999999922], [-69.86504999999994, -15.346089999999947], [-69.86549999999994, -15.346549999999922], [-69.86542999999995, -15.346989999999948], [-69.86489999999992, -15.347569999999905], [-69.86352999999991, -15.347939999999937], [-69.8617099999999, -15.350259999999935], [-69.86136999999991, -15.350259999999935], [-69.86022999999994, -15.348799999999926], [-69.85726999999991, -15.348639999999932], [-69.85703999999993, -15.348389999999938], [-69.85714999999993, -15.347629999999924], [-69.8598199999999, -15.345239999999933], [-69.86020999999994, -15.343909999999937], [-69.86300999999992, -15.342169999999953], [-69.86333999999994, -15.340029999999956], [-69.86374999999992, -15.33994999999993], [-69.86547999999993, -15.340739999999926], [-69.86594999999994, -15.340679999999907], [-69.86651999999992, -15.340089999999918], [-69.86630999999994, -15.339059999999904], [-69.8658299999999, -15.338419999999928], [-69.8632199999999, -15.337609999999927], [-69.86270999999994, -15.337189999999907], [-69.8626099999999, -15.336399999999912], [-69.86284999999992, -15.335879999999918], [-69.86394999999993, -15.335959999999943], [-69.8664399999999, -15.337839999999915], [-69.86740999999995, -15.338229999999953], [-69.86817999999994, -15.338269999999909], [-69.86896999999993, -15.337659999999914], [-69.8704899999999, -15.335579999999936], [-69.87140999999991, -15.33475999999996], [-69.87409999999994, -15.333809999999914], [-69.87547999999992, -15.33361999999994], [-69.87717999999995, -15.334409999999934], [-69.87849999999992, -15.334079999999915], [-69.87839999999994, -15.333769999999959], [-69.87785999999994, -15.33343999999994], [-69.8756899999999, -15.333049999999957], [-69.87462999999991, -15.33248999999995], [-69.87353999999993, -15.332389999999918], [-69.87068999999991, -15.332469999999944], [-69.86882999999995, -15.332859999999926], [-69.86725999999993, -15.33266999999995], [-69.86658999999992, -15.33203999999995], [-69.86614999999995, -15.331039999999916], [-69.86617999999993, -15.329059999999913], [-69.86687999999992, -15.328649999999925], [-69.86727999999994, -15.328769999999906], [-69.86802999999992, -15.330959999999948], [-69.86858999999993, -15.331499999999949], [-69.87281999999993, -15.33092999999991], [-69.87660999999991, -15.330959999999948], [-69.87815999999992, -15.329919999999959], [-69.87856999999991, -15.330089999999927], [-69.87979999999993, -15.331699999999955], [-69.88085999999993, -15.331819999999936], [-69.88214999999991, -15.331579999999917], [-69.88340999999991, -15.329979999999921], [-69.88410999999991, -15.329699999999946], [-69.88484999999991, -15.329969999999946], [-69.8866099999999, -15.331279999999936], [-69.88726999999994, -15.331399999999917], [-69.88781999999992, -15.331209999999942], [-69.8884799999999, -15.33048999999994], [-69.88885999999991, -15.329489999999907], [-69.88897999999995, -15.323519999999917], [-69.88975999999991, -15.32182999999992], [-69.89149999999995, -15.32024999999993], [-69.89189999999991, -15.320019999999943], [-69.89254999999991, -15.32006999999993], [-69.89333999999991, -15.321219999999926], [-69.8933199999999, -15.323509999999942], [-69.8936599999999, -15.324169999999924], [-69.89406999999994, -15.324349999999924], [-69.89471999999995, -15.322889999999916], [-69.89472999999992, -15.320439999999905], [-69.89610999999991, -15.318019999999933], [-69.89674999999994, -15.316109999999924], [-69.89744999999994, -15.31588999999991], [-69.90010999999993, -15.316269999999918], [-69.90088999999995, -15.315489999999954], [-69.90064999999993, -15.314449999999908], [-69.8990399999999, -15.311999999999955], [-69.8980499999999, -15.310809999999947], [-69.8963599999999, -15.309579999999926], [-69.89564999999993, -15.30851999999993], [-69.89583999999991, -15.306789999999921], [-69.89685999999995, -15.304709999999943], [-69.89721999999995, -15.30439999999993], [-69.89863999999994, -15.304369999999949], [-69.90116999999992, -15.305239999999912], [-69.90178999999995, -15.305159999999944], [-69.9023499999999, -15.304599999999937], [-69.90238999999991, -15.303939999999955], [-69.90214999999995, -15.303559999999948], [-69.90143999999992, -15.302929999999947], [-69.90098999999992, -15.30287999999996], [-69.89964999999995, -15.301349999999957], [-69.89587999999992, -15.302389999999946], [-69.89302999999995, -15.302469999999914], [-69.89067999999992, -15.302289999999914], [-69.88956999999994, -15.30316999999991], [-69.88887999999992, -15.304879999999912], [-69.8873299999999, -15.304949999999906], [-69.88663999999994, -15.305379999999957], [-69.8861399999999, -15.30744999999996], [-69.88555999999994, -15.308189999999911], [-69.88495999999992, -15.30800999999991], [-69.88395999999995, -15.307039999999915], [-69.88301999999993, -15.307139999999947], [-69.88035999999994, -15.30902999999995], [-69.87919999999991, -15.309529999999938], [-69.87792999999994, -15.309659999999951], [-69.8759399999999, -15.311189999999954], [-69.87546999999995, -15.311239999999941], [-69.8751499999999, -15.310889999999915], [-69.87507999999991, -15.31042999999994], [-69.87624999999991, -15.308959999999956], [-69.87684999999993, -15.30753999999996], [-69.87790999999993, -15.30737999999991], [-69.87876999999992, -15.307789999999954], [-69.8791799999999, -15.30755999999991], [-69.87883999999991, -15.306589999999915], [-69.87904999999995, -15.305689999999913], [-69.88241999999991, -15.305199999999957], [-69.88433999999995, -15.304559999999924], [-69.8870599999999, -15.30296999999996], [-69.88939999999991, -15.300899999999956], [-69.8904399999999, -15.300539999999955], [-69.89186999999993, -15.300569999999936], [-69.89252999999991, -15.300169999999923], [-69.89381999999995, -15.30021999999991], [-69.89472999999992, -15.298819999999921], [-69.89600999999993, -15.298679999999933], [-69.89642999999995, -15.298399999999958], [-69.89659999999992, -15.29774999999995], [-69.89531999999991, -15.296559999999943], [-69.89465999999993, -15.29535999999996], [-69.89432999999991, -15.29538999999994], [-69.89352999999994, -15.296539999999936], [-69.89207999999991, -15.29660999999993], [-69.89154999999994, -15.296869999999956], [-69.88803999999993, -15.300199999999904], [-69.8849899999999, -15.301499999999919], [-69.88402999999994, -15.301559999999938], [-69.88340999999991, -15.301379999999938], [-69.88326999999992, -15.301019999999937], [-69.88375999999994, -15.300569999999936], [-69.88468999999992, -15.300389999999936], [-69.88522999999992, -15.30003999999991], [-69.88540999999992, -15.299649999999929], [-69.88506999999993, -15.299349999999947], [-69.88441999999992, -15.29938999999996], [-69.88286999999991, -15.300149999999917], [-69.88111999999995, -15.300479999999936], [-69.87956999999994, -15.300529999999924], [-69.87885999999992, -15.30021999999991], [-69.87820999999991, -15.299179999999922], [-69.87832999999995, -15.298389999999927], [-69.87891999999994, -15.297289999999919], [-69.8786199999999, -15.296719999999937], [-69.87694999999991, -15.297139999999956], [-69.87543999999991, -15.298899999999946], [-69.87497999999994, -15.299169999999947], [-69.8746099999999, -15.299079999999947], [-69.87371999999993, -15.297789999999907], [-69.87455999999992, -15.295639999999935], [-69.87447999999995, -15.294869999999946], [-69.87320999999991, -15.293989999999951], [-69.87032999999991, -15.291159999999934], [-69.8692299999999, -15.290829999999914], [-69.8679899999999, -15.291649999999947], [-69.8662599999999, -15.293709999999919], [-69.86630999999994, -15.294349999999952], [-69.8666199999999, -15.294739999999933], [-69.86779999999993, -15.294019999999932], [-69.86844999999994, -15.294109999999932], [-69.8680799999999, -15.29571999999996], [-69.86885999999993, -15.296479999999917], [-69.8681499999999, -15.297019999999918], [-69.8668899999999, -15.297039999999924], [-69.86584999999991, -15.297699999999907], [-69.86632999999995, -15.298489999999958], [-69.8676999999999, -15.29878999999994], [-69.8686899999999, -15.29994999999991], [-69.8683299999999, -15.30045999999993], [-69.8669099999999, -15.300479999999936], [-69.86651999999992, -15.300739999999905], [-69.86608999999993, -15.303609999999935], [-69.86533999999995, -15.303669999999954], [-69.86426999999992, -15.302769999999953], [-69.86408999999992, -15.300939999999912], [-69.86449999999991, -15.299469999999928], [-69.86400999999995, -15.298749999999927], [-69.86329999999992, -15.299159999999915], [-69.86282999999992, -15.300169999999923], [-69.86246999999992, -15.300379999999905], [-69.86165999999992, -15.300239999999917], [-69.86090999999993, -15.299429999999916], [-69.86031999999994, -15.29923999999994], [-69.85986999999994, -15.299379999999928], [-69.85906999999992, -15.30012999999991], [-69.8579499999999, -15.300349999999924], [-69.85747999999995, -15.30087999999995], [-69.85649999999993, -15.302859999999953], [-69.8556099999999, -15.303519999999935], [-69.85518999999994, -15.303139999999928], [-69.8549999999999, -15.30248999999992], [-69.8552499999999, -15.299379999999928], [-69.85565999999994, -15.298629999999946], [-69.85742999999991, -15.297549999999944], [-69.8571399999999, -15.297189999999944], [-69.85601999999994, -15.297199999999918], [-69.8554499999999, -15.296659999999918], [-69.8556299999999, -15.294989999999927], [-69.85666999999995, -15.292929999999956], [-69.85613999999993, -15.291809999999941], [-69.85509999999994, -15.291469999999947], [-69.85398999999995, -15.291439999999909], [-69.85235999999992, -15.292379999999923], [-69.85230999999993, -15.292969999999912], [-69.85330999999991, -15.294679999999914], [-69.85308999999995, -15.295279999999934], [-69.8525699999999, -15.295659999999941], [-69.85119999999995, -15.295329999999922], [-69.85018999999994, -15.294169999999951], [-69.8490799999999, -15.293569999999931], [-69.8451399999999, -15.293529999999919], [-69.84374999999994, -15.294019999999932], [-69.84304999999995, -15.294049999999913], [-69.8422799999999, -15.293219999999906], [-69.84169999999995, -15.291479999999922], [-69.84107999999992, -15.288469999999904], [-69.84125999999992, -15.287709999999947], [-69.84199999999993, -15.286709999999914], [-69.84489999999994, -15.285489999999925], [-69.84646999999995, -15.283969999999954], [-69.84650999999991, -15.28347999999994], [-69.84509999999995, -15.282059999999944], [-69.8445999999999, -15.28093999999993], [-69.8438099999999, -15.280479999999955], [-69.84332999999992, -15.281079999999918], [-69.84343999999993, -15.283509999999922], [-69.84296999999992, -15.283609999999953], [-69.8417399999999, -15.28242999999992], [-69.84125999999992, -15.282379999999932], [-69.84054999999995, -15.283189999999934], [-69.84032999999994, -15.28529999999995], [-69.83913999999993, -15.28427999999991], [-69.83773999999994, -15.285489999999925], [-69.83739999999995, -15.285129999999924], [-69.83732999999995, -15.284689999999955], [-69.83780999999993, -15.28275999999994], [-69.8376199999999, -15.28108999999995], [-69.8369899999999, -15.280379999999923], [-69.83623999999992, -15.280209999999954], [-69.8351199999999, -15.28033999999991], [-69.83442999999994, -15.280729999999949], [-69.83296999999993, -15.282169999999951], [-69.83226999999994, -15.283169999999927], [-69.83164999999991, -15.285729999999944], [-69.83125999999993, -15.286529999999914], [-69.8298299999999, -15.287779999999941], [-69.82790999999992, -15.288859999999943], [-69.82662999999991, -15.290789999999959], [-69.82572999999991, -15.29308999999995], [-69.82495999999992, -15.29591999999991], [-69.82483999999994, -15.298509999999908], [-69.82422999999994, -15.30150999999995], [-69.82324999999992, -15.303759999999954], [-69.82227999999992, -15.304779999999937], [-69.82057999999995, -15.305569999999932], [-69.81862999999993, -15.307139999999947], [-69.81803999999994, -15.307389999999941], [-69.81786999999991, -15.307399999999916], [-69.81708999999995, -15.307429999999954], [-69.81691999999993, -15.306709999999953], [-69.8194299999999, -15.304369999999949], [-69.8205099999999, -15.302329999999927], [-69.8207099999999, -15.300649999999905], [-69.82063999999991, -15.298349999999914], [-69.81963999999994, -15.294169999999951], [-69.81970999999993, -15.293409999999938], [-69.82019999999994, -15.292299999999955], [-69.82200999999992, -15.289759999999944], [-69.8287499999999, -15.283489999999915], [-69.82907999999992, -15.282619999999952], [-69.8291299999999, -15.28108999999995], [-69.82841999999994, -15.278109999999913], [-69.82774999999992, -15.277029999999911], [-69.8268799999999, -15.276409999999942], [-69.82433999999995, -15.276269999999954], [-69.82260999999994, -15.275619999999947], [-69.8208699999999, -15.275799999999947], [-69.8193399999999, -15.276609999999948], [-69.81669999999991, -15.276229999999941], [-69.81495999999993, -15.276989999999955], [-69.81456999999995, -15.275379999999927], [-69.81380999999993, -15.275189999999952], [-69.8133499999999, -15.275279999999952], [-69.81285999999994, -15.275699999999915], [-69.81276999999994, -15.277209999999911], [-69.81197999999995, -15.278709999999933], [-69.81194999999991, -15.27917999999994], [-69.81272999999993, -15.281339999999943], [-69.81452999999993, -15.284739999999942], [-69.8146999999999, -15.286419999999907], [-69.81525999999991, -15.28750999999994], [-69.8150599999999, -15.288089999999954], [-69.81400999999994, -15.28890999999993], [-69.81197999999995, -15.286779999999908], [-69.8115499999999, -15.286659999999927], [-69.81088999999992, -15.286839999999927], [-69.81026999999995, -15.287519999999915], [-69.8100399999999, -15.288589999999942], [-69.81024999999994, -15.289319999999918], [-69.81146999999993, -15.291469999999947], [-69.81107999999995, -15.292289999999923], [-69.81045999999992, -15.292259999999942], [-69.8093399999999, -15.290779999999927], [-69.80899999999991, -15.290689999999927], [-69.80869999999993, -15.293079999999918], [-69.80835999999994, -15.293409999999938], [-69.80786999999992, -15.293489999999906], [-69.80594999999994, -15.291499999999928], [-69.80544999999995, -15.29144999999994], [-69.80439999999993, -15.292969999999912], [-69.8035999999999, -15.29562999999996], [-69.80280999999991, -15.296619999999905], [-69.80180999999993, -15.297009999999943], [-69.79850999999991, -15.297459999999944], [-69.79774999999995, -15.298019999999951], [-69.79412999999994, -15.299159999999915], [-69.79262999999992, -15.300259999999923], [-69.78984999999994, -15.303399999999954], [-69.78982999999994, -15.304019999999923], [-69.78771999999992, -15.309139999999957], [-69.78403999999995, -15.315409999999929], [-69.78284999999994, -15.318419999999946], [-69.78192999999993, -15.319259999999929], [-69.7814699999999, -15.31937999999991], [-69.78088999999994, -15.31884999999994], [-69.78088999999994, -15.316709999999944], [-69.78232999999994, -15.314509999999927], [-69.78419999999994, -15.309619999999938], [-69.78687999999994, -15.30526999999995], [-69.78681999999992, -15.304369999999949], [-69.78608999999994, -15.30424999999991], [-69.78568999999993, -15.304429999999911], [-69.78216999999995, -15.309549999999945], [-69.78176999999994, -15.310719999999947], [-69.77767999999992, -15.313869999999952], [-69.77717999999993, -15.314619999999934], [-69.77614999999992, -15.317389999999932], [-69.77515999999991, -15.318389999999908], [-69.77436999999992, -15.31839999999994], [-69.77366999999992, -15.317769999999939], [-69.77321999999992, -15.31630999999993], [-69.77321999999992, -15.31140999999991], [-69.7736799999999, -15.308989999999937], [-69.7734099999999, -15.307229999999947], [-69.7724399999999, -15.307399999999916], [-69.7701899999999, -15.309619999999938], [-69.76908999999995, -15.310119999999927], [-69.76797999999991, -15.309889999999939], [-69.76609999999994, -15.30848999999995], [-69.76490999999993, -15.308049999999923], [-69.75767999999994, -15.30857999999995], [-69.75575999999995, -15.307099999999934], [-69.7549899999999, -15.305589999999938], [-69.75438999999994, -15.304889999999943], [-69.75242999999995, -15.30361999999991], [-69.75142999999991, -15.302649999999915], [-69.75136999999995, -15.302339999999958], [-69.7519299999999, -15.301799999999957], [-69.75501999999994, -15.301219999999944], [-69.75653999999992, -15.300399999999911], [-69.75732999999991, -15.299429999999916], [-69.75756999999993, -15.298069999999939], [-69.75705999999991, -15.297319999999957], [-69.75520999999992, -15.296129999999948], [-69.7540899999999, -15.295039999999915], [-69.75335999999993, -15.293929999999932], [-69.75346999999994, -15.292829999999924], [-69.75455999999991, -15.28914999999995], [-69.75443999999993, -15.287159999999915], [-69.75389999999993, -15.285559999999919], [-69.75209999999993, -15.283439999999928], [-69.7510499999999, -15.283089999999959], [-69.75010999999995, -15.283049999999946], [-69.74761999999993, -15.28347999999994], [-69.74553999999995, -15.285129999999924], [-69.74412999999993, -15.285829999999919], [-69.74247999999994, -15.286379999999951], [-69.73993999999993, -15.28669999999994], [-69.73894999999993, -15.287079999999946], [-69.7377699999999, -15.288119999999935], [-69.73608999999993, -15.290359999999907], [-69.73397999999992, -15.292459999999949], [-69.73343999999992, -15.292729999999949], [-69.73184999999995, -15.29293999999993], [-69.72957999999994, -15.295079999999928], [-69.7269599999999, -15.29555999999991], [-69.7243499999999, -15.297329999999931], [-69.72242999999992, -15.301349999999957], [-69.72120999999993, -15.302599999999927], [-69.72095999999993, -15.303109999999947], [-69.72124999999994, -15.304329999999936], [-69.72316999999993, -15.306949999999915], [-69.72313999999994, -15.307719999999904], [-69.72278999999992, -15.308239999999955], [-69.72216999999995, -15.308269999999936], [-69.72180999999995, -15.307969999999955], [-69.72142999999994, -15.306649999999934], [-69.72092999999995, -15.305829999999958], [-69.71955999999994, -15.305649999999957], [-69.71761999999995, -15.305849999999907], [-69.71683999999993, -15.306349999999952], [-69.71666999999991, -15.308659999999918], [-69.71614999999991, -15.309419999999932], [-69.71275999999995, -15.310119999999927], [-69.7110899999999, -15.311289999999929], [-69.70988999999992, -15.311669999999935], [-69.70967999999993, -15.310779999999909], [-69.71154999999993, -15.308719999999937], [-69.71169999999995, -15.308269999999936], [-69.71133999999995, -15.30710999999991], [-69.71068999999994, -15.306689999999946], [-69.7068799999999, -15.306199999999933], [-69.70546999999993, -15.306679999999915], [-69.70416999999992, -15.307569999999942], [-69.70117999999991, -15.31018999999992], [-69.7002799999999, -15.310509999999908], [-69.69967999999994, -15.310349999999914], [-69.69924999999995, -15.309889999999939], [-69.69916999999992, -15.309459999999945], [-69.69940999999994, -15.308089999999936], [-69.70402999999993, -15.30343999999991], [-69.70670999999993, -15.301269999999931], [-69.70766999999995, -15.29985999999991], [-69.70844999999991, -15.29800999999992], [-69.70826999999991, -15.29678999999993], [-69.70775999999995, -15.296199999999942], [-69.70667999999995, -15.296079999999904], [-69.70452999999992, -15.296549999999911], [-69.70355999999992, -15.296459999999911], [-69.7028699999999, -15.296139999999923], [-69.70282999999995, -15.295259999999928], [-69.70352999999994, -15.293679999999938], [-69.71431999999993, -15.282889999999952], [-69.71485999999993, -15.281759999999906], [-69.71494999999993, -15.278809999999908], [-69.7154799999999, -15.277619999999956], [-69.71747999999991, -15.27601999999996], [-69.71874999999994, -15.275379999999927], [-69.72061999999994, -15.275159999999914], [-69.7232899999999, -15.274189999999919], [-69.7263999999999, -15.273639999999943], [-69.7267599999999, -15.273949999999957], [-69.72660999999994, -15.274489999999957], [-69.7241699999999, -15.276919999999905], [-69.72422999999992, -15.277529999999956], [-69.72458999999992, -15.277849999999944], [-69.72566999999992, -15.27804999999995], [-69.72996999999992, -15.277029999999911], [-69.73599999999993, -15.276439999999923], [-69.73713999999995, -15.276689999999917], [-69.73881999999992, -15.278359999999907], [-69.73970999999995, -15.278699999999958], [-69.74034999999992, -15.278679999999952], [-69.74098999999995, -15.277939999999944], [-69.74115999999992, -15.27735999999993], [-69.74050999999992, -15.275619999999947], [-69.73901999999993, -15.274299999999926], [-69.7346399999999, -15.271769999999947], [-69.73449999999991, -15.271369999999933], [-69.73480999999992, -15.270649999999932], [-69.73527999999993, -15.270239999999944], [-69.7376099999999, -15.269219999999905], [-69.74058999999994, -15.26896999999991], [-69.74435999999992, -15.269339999999943], [-69.74759999999992, -15.270909999999958], [-69.74947999999995, -15.270639999999958], [-69.75026999999994, -15.26965999999993], [-69.75015999999994, -15.26893999999993], [-69.74891999999994, -15.267529999999908], [-69.7461199999999, -15.266129999999919], [-69.74523999999991, -15.26544999999993], [-69.74490999999995, -15.264319999999941], [-69.74533999999994, -15.262829999999951], [-69.74746999999991, -15.260149999999953], [-69.7492299999999, -15.258359999999925], [-69.75135999999992, -15.256799999999942], [-69.7530999999999, -15.256469999999922], [-69.75401999999991, -15.256569999999954], [-69.75584999999995, -15.257499999999936], [-69.75696999999991, -15.257549999999924], [-69.7575799999999, -15.257449999999949], [-69.75789999999995, -15.257099999999923], [-69.75786999999991, -15.256089999999915], [-69.75702999999993, -15.254659999999944], [-69.75616999999994, -15.25395999999995], [-69.75341999999995, -15.253419999999949], [-69.7508499999999, -15.250679999999932], [-69.75001999999995, -15.25010999999995], [-69.7485299999999, -15.250769999999932], [-69.74657999999994, -15.25210999999996], [-69.74607999999995, -15.252689999999916], [-69.74543999999992, -15.254259999999931], [-69.74293999999992, -15.256599999999935], [-69.74176999999992, -15.25705999999991], [-69.74051999999995, -15.256839999999954], [-69.73954999999995, -15.255839999999921], [-69.73935999999992, -15.25431999999995], [-69.73743999999994, -15.25248999999991], [-69.73737999999992, -15.251639999999952], [-69.73784999999992, -15.248839999999916], [-69.73687999999993, -15.247279999999932], [-69.73667999999992, -15.242689999999925], [-69.73602999999991, -15.241819999999905], [-69.73506999999995, -15.241309999999942], [-69.73408999999992, -15.241289999999935], [-69.73334999999992, -15.241529999999955], [-69.73219999999992, -15.242999999999938], [-69.73167999999993, -15.244909999999948], [-69.73095999999993, -15.245529999999917], [-69.7306299999999, -15.245549999999923], [-69.72935999999993, -15.244239999999934], [-69.72940999999992, -15.243599999999958], [-69.73013999999995, -15.242419999999925], [-69.73039999999992, -15.24153999999993], [-69.73032999999992, -15.24076999999994], [-69.72978999999992, -15.239999999999952], [-69.72850999999991, -15.239499999999907], [-69.72692999999992, -15.239239999999938], [-69.72361999999993, -15.239169999999945], [-69.72257999999994, -15.23953999999992], [-69.7213099999999, -15.240459999999928], [-69.71912999999995, -15.24347999999992], [-69.71852999999993, -15.243959999999959], [-69.71803999999992, -15.243979999999908], [-69.7178899999999, -15.243829999999946], [-69.71719999999993, -15.243059999999957], [-69.71740999999992, -15.240009999999927], [-69.71726999999993, -15.239409999999907], [-69.71165999999994, -15.234499999999912], [-69.70934999999992, -15.233489999999904], [-69.70826999999991, -15.233279999999922], [-69.7071699999999, -15.233389999999929], [-69.70484999999991, -15.234389999999905], [-69.7037699999999, -15.234609999999918], [-69.70265999999992, -15.234519999999918], [-69.70110999999991, -15.233799999999917], [-69.69968999999992, -15.233739999999955], [-69.6945199999999, -15.235649999999907], [-69.69198999999992, -15.235819999999933], [-69.68802999999991, -15.238479999999925], [-69.68772999999993, -15.238389999999924], [-69.68552999999991, -15.240779999999916], [-69.68514999999991, -15.24383999999992], [-69.68571999999995, -15.245909999999924], [-69.68650999999994, -15.247579999999914], [-69.68868999999995, -15.249559999999917], [-69.68943999999993, -15.25073999999995], [-69.6896999999999, -15.252869999999916], [-69.68912999999992, -15.25395999999995], [-69.68787999999995, -15.254219999999918], [-69.68711999999994, -15.253749999999911], [-69.68596999999994, -15.25171999999992], [-69.68475999999993, -15.250509999999906], [-69.68362999999994, -15.248849999999948], [-69.68299999999994, -15.246659999999906], [-69.68232999999992, -15.245269999999948], [-69.68076999999994, -15.243509999999958], [-69.67932999999994, -15.242389999999943], [-69.67834999999991, -15.242459999999937], [-69.67628999999994, -15.243249999999932], [-69.67503999999991, -15.24392999999992], [-69.67430999999993, -15.244729999999947], [-69.6741199999999, -15.246549999999957], [-69.6749299999999, -15.248029999999915], [-69.6752899999999, -15.24935999999991], [-69.67496999999992, -15.251469999999927], [-69.67422999999991, -15.25168999999994], [-69.67313999999993, -15.251469999999927], [-69.6726099999999, -15.251149999999939], [-69.67194999999992, -15.25028999999995], [-69.66983999999991, -15.24908999999991], [-69.66886999999991, -15.24906999999996], [-69.66815999999994, -15.24941999999993], [-69.66796999999991, -15.249979999999937], [-69.6681299999999, -15.250919999999951], [-69.66995999999995, -15.252999999999929], [-69.66967999999991, -15.254199999999912], [-69.66886999999991, -15.255159999999933], [-69.66573999999991, -15.257769999999937], [-69.6634699999999, -15.261989999999912], [-69.66122999999993, -15.264339999999947], [-69.65683999999993, -15.268359999999916], [-69.65641999999991, -15.268819999999948], [-69.6561299999999, -15.269709999999918], [-69.65616999999992, -15.270479999999907], [-69.65661999999992, -15.270959999999945]], [[-69.70368999999994, -15.27508999999992], [-69.70364999999993, -15.275709999999947], [-69.70078999999993, -15.278569999999945], [-69.6996499999999, -15.280769999999904], [-69.69969999999995, -15.28198999999995], [-69.70144999999991, -15.283309999999915], [-69.7013399999999, -15.283979999999929], [-69.70078999999993, -15.284849999999949], [-69.69915999999995, -15.286319999999932], [-69.69681999999995, -15.28792999999996], [-69.69567999999992, -15.288469999999904], [-69.69339999999994, -15.290379999999914], [-69.69232999999991, -15.290559999999914], [-69.69094999999993, -15.290259999999932], [-69.69070999999991, -15.289539999999931], [-69.69110999999992, -15.288699999999949], [-69.6947199999999, -15.286249999999939], [-69.69596999999993, -15.284659999999917], [-69.69656999999995, -15.283249999999953], [-69.69601999999992, -15.282489999999939], [-69.69530999999995, -15.28224999999992], [-69.69386999999995, -15.282359999999926], [-69.69272999999993, -15.282909999999958], [-69.69100999999995, -15.282709999999952], [-69.69001999999995, -15.281729999999925], [-69.68998999999991, -15.281109999999956], [-69.69026999999994, -15.280549999999948], [-69.69226999999995, -15.279329999999959], [-69.6943599999999, -15.278609999999958], [-69.69939999999991, -15.275739999999928], [-69.70276999999993, -15.274889999999914], [-69.70368999999994, -15.27508999999992]], [[-69.8946499999999, -15.304779999999937], [-69.8940399999999, -15.30553999999995], [-69.89247999999992, -15.306289999999933], [-69.8922399999999, -15.307479999999941], [-69.89123999999993, -15.308859999999925], [-69.89148999999992, -15.309589999999957], [-69.89261999999991, -15.310459999999921], [-69.89202999999992, -15.312029999999936], [-69.89324999999991, -15.313169999999957], [-69.89227999999991, -15.314859999999953], [-69.89221999999995, -15.315379999999948], [-69.89359999999994, -15.317079999999919], [-69.89366999999993, -15.317959999999914], [-69.89291999999995, -15.318239999999946], [-69.89235999999994, -15.318019999999933], [-69.89138999999994, -15.31699999999995], [-69.89084999999994, -15.315719999999942], [-69.89013999999992, -15.31487999999996], [-69.88926999999995, -15.314249999999959], [-69.88846999999993, -15.314119999999946], [-69.88785999999993, -15.314529999999934], [-69.88783999999993, -15.315609999999936], [-69.88858999999991, -15.316779999999937], [-69.88985999999994, -15.317279999999926], [-69.8898299999999, -15.31806999999992], [-69.88953999999995, -15.318619999999953], [-69.8885699999999, -15.319119999999941], [-69.88747999999993, -15.319039999999916], [-69.88722999999993, -15.318649999999934], [-69.88718999999992, -15.317429999999945], [-69.88680999999991, -15.316889999999944], [-69.88639999999992, -15.316769999999906], [-69.88544999999993, -15.317009999999925], [-69.8846299999999, -15.318059999999946], [-69.88432999999992, -15.318099999999959], [-69.8836599999999, -15.316569999999956], [-69.88359999999994, -15.315209999999922], [-69.8859599999999, -15.313719999999932], [-69.88945999999993, -15.309949999999958], [-69.8901899999999, -15.30842999999993], [-69.89095999999995, -15.30481999999995], [-69.89134999999993, -15.304559999999924], [-69.89292999999992, -15.304559999999924], [-69.89402999999993, -15.303929999999923], [-69.8944699999999, -15.304019999999923], [-69.8946499999999, -15.304779999999937]], [[-69.67422999999991, -15.305229999999938], [-69.67344999999995, -15.306739999999934], [-69.67178999999993, -15.308149999999955], [-69.66949999999991, -15.311279999999954], [-69.66464999999994, -15.31594999999993], [-69.6604999999999, -15.31946999999991], [-69.65906999999993, -15.319729999999936], [-69.65739999999994, -15.31890999999996], [-69.65627999999992, -15.318899999999928], [-69.65389999999991, -15.320099999999911], [-69.64979999999991, -15.323709999999949], [-69.6485899999999, -15.324089999999956], [-69.64744999999994, -15.324939999999913], [-69.64587999999992, -15.325109999999938], [-69.64492999999993, -15.32460999999995], [-69.64486999999991, -15.323099999999954], [-69.64586999999995, -15.321579999999926], [-69.65389999999991, -15.313529999999957], [-69.65740999999991, -15.308799999999906], [-69.66224999999991, -15.304379999999924], [-69.66530999999992, -15.30218999999994], [-69.66867999999994, -15.299179999999922], [-69.67025999999993, -15.298449999999946], [-69.67097999999993, -15.298859999999934], [-69.67112999999995, -15.299269999999922], [-69.66708999999992, -15.306039999999939], [-69.66676999999993, -15.307239999999922], [-69.66675999999995, -15.30860999999993], [-69.66748999999993, -15.308899999999937], [-69.66856999999993, -15.308719999999937], [-69.67146999999994, -15.305409999999938], [-69.67248999999993, -15.304509999999937], [-69.67362999999995, -15.304459999999949], [-69.67422999999991, -15.305229999999938]], [[-69.82420999999994, -15.327359999999942], [-69.82384999999994, -15.326779999999928], [-69.82226999999995, -15.326979999999935], [-69.8216799999999, -15.326829999999916], [-69.82091999999994, -15.326239999999927], [-69.82075999999995, -15.325779999999952], [-69.82093999999995, -15.325389999999913], [-69.8227599999999, -15.324859999999944], [-69.82340999999991, -15.323629999999923], [-69.82350999999994, -15.320259999999905], [-69.82294999999993, -15.318189999999959], [-69.8228499999999, -15.31681999999995], [-69.82292999999993, -15.315129999999954], [-69.82324999999992, -15.314529999999934], [-69.82396999999992, -15.314939999999922], [-69.82493999999991, -15.316029999999955], [-69.82545999999991, -15.317639999999926], [-69.82546999999994, -15.320089999999936], [-69.82648999999992, -15.321809999999914], [-69.82556999999991, -15.322999999999922], [-69.8264299999999, -15.325309999999945], [-69.82637999999992, -15.326069999999959], [-69.82590999999991, -15.326709999999935], [-69.8251699999999, -15.326799999999935], [-69.8246299999999, -15.327389999999923], [-69.82457999999991, -15.328569999999957], [-69.82326999999992, -15.330109999999934], [-69.82245999999992, -15.330229999999915], [-69.82219999999995, -15.329519999999945], [-69.82420999999994, -15.327359999999942]], [[-69.8306399999999, -15.327269999999942], [-69.8313399999999, -15.328339999999912], [-69.83212999999995, -15.328319999999906], [-69.83446999999995, -15.326469999999915], [-69.83585999999991, -15.324379999999906], [-69.83630999999991, -15.324029999999937], [-69.83711999999991, -15.32415999999995], [-69.83812999999992, -15.325109999999938], [-69.84157999999991, -15.325379999999939], [-69.84198999999995, -15.326059999999927], [-69.84135999999995, -15.326779999999928], [-69.83710999999994, -15.326619999999934], [-69.83618999999993, -15.326949999999954], [-69.8354799999999, -15.327559999999949], [-69.83543999999995, -15.328229999999905], [-69.83571999999992, -15.32854999999995], [-69.83777999999995, -15.328349999999944], [-69.83801999999991, -15.328529999999944], [-69.83800999999994, -15.329129999999907], [-69.83741999999995, -15.329869999999914], [-69.83819999999992, -15.331009999999935], [-69.83825999999993, -15.331639999999936], [-69.83803999999992, -15.332029999999918], [-69.8370099999999, -15.33275999999995], [-69.83540999999991, -15.33301999999992], [-69.83303999999993, -15.33021999999994], [-69.8322399999999, -15.330349999999953], [-69.83065999999991, -15.331849999999918], [-69.83014999999995, -15.333479999999952], [-69.82961999999992, -15.334379999999953], [-69.82869999999991, -15.335019999999929], [-69.82658999999995, -15.33597999999995], [-69.82465999999994, -15.337569999999914], [-69.82286999999991, -15.339509999999905], [-69.82255999999995, -15.34071999999992], [-69.82081999999991, -15.341389999999933], [-69.82051999999993, -15.34272999999996], [-69.81929999999994, -15.342959999999948], [-69.81838999999991, -15.34274999999991], [-69.81762999999995, -15.341939999999909], [-69.81752999999992, -15.340999999999951], [-69.82039999999995, -15.339759999999956], [-69.8211599999999, -15.338969999999904], [-69.82171999999991, -15.337839999999915], [-69.8217699999999, -15.337239999999952], [-69.82099999999991, -15.334919999999954], [-69.82138999999995, -15.334059999999909], [-69.82222999999993, -15.333659999999952], [-69.8240199999999, -15.33373999999992], [-69.8247199999999, -15.333579999999927], [-69.8251699999999, -15.332719999999938], [-69.82499999999993, -15.33152999999993], [-69.82595999999995, -15.331369999999936], [-69.82641999999993, -15.331779999999924], [-69.82690999999994, -15.331789999999955], [-69.8279399999999, -15.330429999999922], [-69.82935999999995, -15.329829999999959], [-69.82992999999993, -15.32758999999993], [-69.8306399999999, -15.327269999999942]], [[-69.62169999999992, -15.37641999999994], [-69.62191999999993, -15.375639999999919], [-69.62829999999991, -15.36820999999992], [-69.62848999999994, -15.367459999999937], [-69.6278999999999, -15.367029999999943], [-69.62678999999991, -15.367179999999905], [-69.62605999999994, -15.367479999999944], [-69.62445999999994, -15.368699999999933], [-69.62134999999995, -15.369419999999934], [-69.6201299999999, -15.369299999999953], [-69.61998999999992, -15.368669999999952], [-69.62014999999991, -15.368239999999957], [-69.6208299999999, -15.36758999999995], [-69.62282999999991, -15.366689999999949], [-69.62429999999995, -15.365489999999909], [-69.62501999999995, -15.364329999999939], [-69.62619999999993, -15.361459999999909], [-69.62714999999992, -15.360449999999958], [-69.62950999999993, -15.360119999999938], [-69.6308699999999, -15.361129999999946], [-69.63319999999993, -15.361399999999946], [-69.63348999999994, -15.361969999999928], [-69.63350999999994, -15.36259999999993], [-69.63205999999991, -15.364609999999914], [-69.6316799999999, -15.36638999999991], [-69.63214999999991, -15.366839999999911], [-69.63259999999991, -15.366949999999918], [-69.63517999999993, -15.36576999999994], [-69.6361399999999, -15.36573999999996], [-69.63679999999994, -15.36635999999993], [-69.63644999999991, -15.367689999999925], [-69.63506999999993, -15.368419999999958], [-69.6309599999999, -15.369509999999934], [-69.63024999999993, -15.370139999999935], [-69.6298999999999, -15.370999999999924], [-69.62928999999991, -15.371719999999925], [-69.62878999999992, -15.372069999999951], [-69.62813999999992, -15.372029999999938], [-69.62727999999993, -15.37241999999992], [-69.6260299999999, -15.37417999999991], [-69.62402999999995, -15.375929999999926], [-69.62277999999992, -15.37659999999994], [-69.62169999999992, -15.37641999999994]], [[-69.48317999999995, -15.453739999999925], [-69.48215999999991, -15.454699999999946], [-69.48014999999992, -15.455099999999959], [-69.47878999999995, -15.456599999999924], [-69.47800999999993, -15.456829999999911], [-69.47721999999993, -15.456769999999949], [-69.47629999999992, -15.455919999999935], [-69.47608999999994, -15.454559999999958], [-69.47573999999992, -15.454059999999913], [-69.47156999999993, -15.452239999999904], [-69.46991999999995, -15.450799999999958], [-69.4693499999999, -15.449919999999906], [-69.47053999999991, -15.448909999999955], [-69.47277999999994, -15.448699999999917], [-69.47464999999994, -15.448899999999924], [-69.47501999999992, -15.44909999999993], [-69.47588999999994, -15.450449999999933], [-69.4773899999999, -15.451569999999947], [-69.48122999999993, -15.451359999999909], [-69.4824099999999, -15.451509999999928], [-69.4832199999999, -15.45267999999993], [-69.48317999999995, -15.453739999999925]], [[-69.48322999999993, -15.57278999999994], [-69.48190999999991, -15.57057999999995], [-69.48184999999995, -15.567659999999933], [-69.48224999999991, -15.566019999999924], [-69.48314999999991, -15.56454999999994], [-69.48403999999994, -15.563709999999958], [-69.4857199999999, -15.563219999999944], [-69.48682999999994, -15.563249999999925], [-69.48784999999992, -15.562509999999918], [-69.48790999999994, -15.561439999999948], [-69.48729999999995, -15.560379999999952], [-69.48722999999995, -15.559589999999957], [-69.48951999999991, -15.55728999999991], [-69.49009999999993, -15.553959999999904], [-69.49159999999995, -15.550739999999905], [-69.49261999999993, -15.549189999999953], [-69.49387999999993, -15.547789999999907], [-69.49737999999991, -15.545429999999953], [-69.49851999999993, -15.544149999999945], [-69.49854999999991, -15.543839999999932], [-69.49815999999993, -15.54335999999995], [-69.49676999999991, -15.542629999999917], [-69.49691999999993, -15.54188999999991], [-69.49832999999995, -15.540899999999908], [-69.50101999999993, -15.540919999999915], [-69.5038199999999, -15.540299999999945], [-69.50614999999993, -15.539069999999924], [-69.5086599999999, -15.536919999999952], [-69.5103499999999, -15.536739999999952], [-69.5111399999999, -15.536869999999908], [-69.5125099999999, -15.538339999999948], [-69.51276999999993, -15.53950999999995], [-69.51217999999994, -15.540769999999952], [-69.51153999999991, -15.543759999999907], [-69.50981999999993, -15.54615999999993], [-69.50629999999995, -15.54991999999993], [-69.50441999999993, -15.551559999999938], [-69.50299999999993, -15.552259999999933], [-69.50098999999994, -15.55257999999992], [-69.4999699999999, -15.553029999999922], [-69.49489999999992, -15.557659999999942], [-69.49457999999993, -15.55833999999993], [-69.49356999999992, -15.559099999999944], [-69.49303999999995, -15.559849999999926], [-69.4917999999999, -15.562979999999925], [-69.49083999999993, -15.563809999999933], [-69.49038999999993, -15.563849999999945], [-69.48910999999993, -15.564759999999922], [-69.4869799999999, -15.566839999999956], [-69.48636999999991, -15.569349999999929], [-69.48523999999992, -15.571709999999939], [-69.48416999999995, -15.572629999999947], [-69.48322999999993, -15.57278999999994]], [[-69.72746999999993, -15.66521999999992], [-69.72572999999994, -15.669009999999957], [-69.72538999999995, -15.67265999999995], [-69.72489999999993, -15.674109999999928], [-69.72418999999991, -15.67530999999991], [-69.72117999999995, -15.67906999999991], [-69.71930999999995, -15.680959999999914], [-69.71873999999991, -15.68124999999992], [-69.71539999999993, -15.681589999999915], [-69.71284999999995, -15.68097999999992], [-69.70783999999992, -15.678639999999916], [-69.70502999999991, -15.678299999999922], [-69.70216999999991, -15.676999999999907], [-69.70165999999995, -15.676409999999919], [-69.70103999999992, -15.674999999999955], [-69.7003499999999, -15.670929999999942], [-69.69970999999993, -15.669189999999958], [-69.69833999999992, -15.667719999999917], [-69.69641999999993, -15.666839999999922], [-69.69369999999992, -15.664749999999913], [-69.69314999999995, -15.66381999999993], [-69.69298999999995, -15.662439999999947], [-69.69356999999991, -15.660699999999906], [-69.6945199999999, -15.65889999999996], [-69.69544999999994, -15.657689999999945], [-69.69710999999995, -15.656489999999906], [-69.69806999999992, -15.654709999999909], [-69.70352999999994, -15.654129999999952], [-69.70436999999993, -15.653379999999913], [-69.70523999999995, -15.651569999999936], [-69.7069699999999, -15.64999999999992], [-69.7081599999999, -15.649609999999939], [-69.71148999999991, -15.649489999999957], [-69.71340999999995, -15.650189999999952], [-69.71491999999995, -15.651009999999928], [-69.71630999999991, -15.652259999999956], [-69.71937999999994, -15.655949999999905], [-69.72001999999992, -15.65638999999993], [-69.72194999999994, -15.657119999999907], [-69.72305999999992, -15.65793999999994], [-69.72400999999991, -15.65916999999996], [-69.7249799999999, -15.661269999999945], [-69.72710999999993, -15.66372999999993], [-69.72746999999993, -15.66521999999992]], [[-69.6769799999999, -15.789639999999906], [-69.67700999999994, -15.788349999999923], [-69.6756299999999, -15.784119999999916], [-69.6758999999999, -15.783239999999921], [-69.6769099999999, -15.782059999999944], [-69.67725999999993, -15.780709999999942], [-69.67682999999994, -15.777839999999912], [-69.67729999999995, -15.774829999999952], [-69.67635999999993, -15.770629999999926], [-69.6764599999999, -15.768639999999948], [-69.67682999999994, -15.766819999999939], [-69.67705999999993, -15.766099999999938], [-69.67817999999994, -15.764599999999916], [-69.68008999999995, -15.760379999999941], [-69.6826299999999, -15.756309999999928], [-69.68477999999993, -15.75219999999996], [-69.68588999999992, -15.75082999999995], [-69.68694999999991, -15.749989999999912], [-69.68828999999994, -15.749919999999918], [-69.68910999999991, -15.750539999999944], [-69.69135999999992, -15.753349999999955], [-69.69461999999993, -15.754559999999913], [-69.6954199999999, -15.755059999999958], [-69.69587999999993, -15.755669999999952], [-69.69585999999993, -15.756599999999935], [-69.69346999999993, -15.75869999999992], [-69.69244999999995, -15.760009999999909], [-69.69162999999992, -15.76299999999992], [-69.69110999999992, -15.76786999999996], [-69.68844999999993, -15.772579999999948], [-69.68487999999991, -15.777289999999937], [-69.68364999999994, -15.77995999999996], [-69.6832599999999, -15.782059999999944], [-69.68313999999992, -15.78696999999994], [-69.6825399999999, -15.789039999999943], [-69.68225999999993, -15.791029999999921], [-69.68237999999991, -15.79206999999991], [-69.6831699999999, -15.793589999999938], [-69.68342999999993, -15.794629999999927], [-69.6834199999999, -15.79600999999991], [-69.68303999999995, -15.797339999999906], [-69.68231999999995, -15.797929999999951], [-69.68141999999995, -15.79773999999992], [-69.68067999999994, -15.796919999999943], [-69.6803799999999, -15.795249999999953], [-69.68000999999992, -15.794599999999946], [-69.67919999999992, -15.794099999999958], [-69.67710999999991, -15.793369999999925], [-69.67638999999991, -15.792779999999937], [-69.6759199999999, -15.79197999999991], [-69.67592999999994, -15.791349999999909], [-69.6769799999999, -15.789639999999906]], [[-69.81506999999993, -15.872159999999951], [-69.81535999999994, -15.872179999999958], [-69.81579999999991, -15.872609999999952], [-69.81614999999994, -15.873459999999909], [-69.81615999999991, -15.874679999999955], [-69.8166799999999, -15.87546999999995], [-69.82087999999993, -15.876789999999914], [-69.8218599999999, -15.878139999999917], [-69.82107999999994, -15.87889999999993], [-69.81949999999995, -15.87907999999993], [-69.8186399999999, -15.87949999999995], [-69.81767999999994, -15.881549999999947], [-69.81718999999993, -15.881989999999917], [-69.81431999999995, -15.881749999999954], [-69.8133699999999, -15.882309999999904], [-69.81272999999993, -15.882399999999905], [-69.81179999999995, -15.882069999999942], [-69.81136999999995, -15.881629999999916], [-69.81128999999993, -15.878739999999937], [-69.81178999999992, -15.875849999999957], [-69.8130999999999, -15.87337999999994], [-69.81470999999993, -15.872139999999945], [-69.81506999999993, -15.872159999999951]], [[-69.83246999999994, -15.88868999999994], [-69.83228999999994, -15.889599999999916], [-69.8312699999999, -15.891149999999925], [-69.83143999999993, -15.894049999999936], [-69.83075999999994, -15.894949999999938], [-69.82969999999995, -15.894939999999906], [-69.82827999999995, -15.894229999999936], [-69.82575999999995, -15.89435999999995], [-69.82434999999992, -15.893389999999954], [-69.82344999999992, -15.892139999999927], [-69.82298999999995, -15.889419999999916], [-69.82304999999991, -15.883269999999925], [-69.8233899999999, -15.879809999999907], [-69.82433999999995, -15.879619999999932], [-69.82635999999991, -15.88214999999991], [-69.82836999999995, -15.882559999999955], [-69.83026999999993, -15.884809999999959], [-69.83114999999992, -15.885089999999934], [-69.83248999999995, -15.886989999999912], [-69.83246999999994, -15.88868999999994]]], [[[-68.95655999999991, -16.19661999999994], [-68.91811999999993, -16.233729999999923], [-68.8848099999999, -16.265849999999944], [-68.8678099999999, -16.277459999999905], [-68.81420999999995, -16.31976999999995], [-68.81420999999995, -16.347989999999925], [-68.91838999999993, -16.403719999999907], [-68.98627999999991, -16.440009999999916], [-69.00184999999993, -16.478419999999915], [-69.01209999999992, -16.503309999999942], [-69.01564999999994, -16.512329999999906], [-69.01586999999995, -16.512839999999926], [-69.01950999999991, -16.52144999999996], [-69.02016999999995, -16.523469999999918], [-69.02053999999993, -16.523999999999944], [-69.02693999999991, -16.540239999999926], [-69.02764999999994, -16.54153999999994], [-69.03214999999994, -16.55314999999996], [-69.03385999999995, -16.55690999999996], [-69.0351399999999, -16.560439999999915], [-69.03553999999991, -16.56111999999996], [-69.0458999999999, -16.550449999999955], [-69.04834999999991, -16.54714999999993], [-69.05256999999995, -16.543239999999912], [-69.05307999999991, -16.542229999999904], [-69.05348999999995, -16.539789999999925], [-69.0551299999999, -16.53759999999994], [-69.05646999999993, -16.53669999999994], [-69.05925999999994, -16.536529999999914], [-69.06126999999992, -16.53591999999992], [-69.06188999999995, -16.53546999999992], [-69.06350999999995, -16.534299999999917], [-69.06527999999992, -16.53248999999994], [-69.06592999999992, -16.53034999999994], [-69.0673799999999, -16.52803999999992], [-69.06732999999991, -16.525339999999915], [-69.06754999999993, -16.52445999999992], [-69.06889999999993, -16.52290999999991], [-69.07366999999994, -16.518919999999923], [-69.07439999999991, -16.517259999999908], [-69.07458999999994, -16.51547999999991], [-69.07762999999994, -16.51204999999993], [-69.0783899999999, -16.51090999999991], [-69.0790199999999, -16.50828999999993], [-69.07859999999994, -16.505169999999907], [-69.07920999999993, -16.504509999999925], [-69.08112999999992, -16.503669999999943], [-69.08163999999994, -16.503229999999917], [-69.08157999999992, -16.50099999999992], [-69.0818799999999, -16.50013999999993], [-69.08264999999994, -16.499019999999916], [-69.08407999999991, -16.497859999999946], [-69.08638999999994, -16.496759999999938], [-69.08795999999995, -16.496329999999944], [-69.08911999999992, -16.49643999999995], [-69.09116999999992, -16.497519999999952], [-69.09250999999995, -16.497909999999933], [-69.0938999999999, -16.498119999999915], [-69.09481999999991, -16.49798999999996], [-69.09583999999995, -16.49742999999995], [-69.09723999999994, -16.496239999999943], [-69.0988999999999, -16.49407999999994], [-69.0987399999999, -16.492739999999912], [-69.09813999999994, -16.49093999999991], [-69.09659999999991, -16.488439999999912], [-69.09659999999991, -16.486209999999915], [-69.09573999999992, -16.485139999999944], [-69.0925499999999, -16.482149999999933], [-69.09220999999991, -16.48156999999992], [-69.09237999999993, -16.480699999999956], [-69.09403999999995, -16.479109999999935], [-69.09419999999994, -16.47846999999996], [-69.09385999999995, -16.477889999999945], [-69.09213999999992, -16.476359999999943], [-69.09166999999991, -16.475589999999954], [-69.09154999999993, -16.47446999999994], [-69.09190999999993, -16.47109999999992], [-69.09147999999993, -16.470069999999907], [-69.09030999999993, -16.469369999999913], [-69.08750999999995, -16.46921999999995], [-69.08642999999995, -16.46882999999991], [-69.08564999999993, -16.46771999999993], [-69.08445999999992, -16.463589999999954], [-69.08341999999993, -16.46183999999994], [-69.07742999999994, -16.459319999999934], [-69.07626999999991, -16.458219999999926], [-69.07432999999992, -16.45511999999991], [-69.07295999999991, -16.453589999999906], [-69.0719499999999, -16.453019999999924], [-69.06921999999992, -16.452419999999904], [-69.06731999999994, -16.45112999999992], [-69.06670999999994, -16.450169999999957], [-69.06570999999991, -16.446939999999927], [-69.06335999999993, -16.44473999999991], [-69.06124999999992, -16.442039999999906], [-69.05763999999994, -16.435199999999952], [-69.05570999999992, -16.43237999999991], [-69.05490999999995, -16.431919999999934], [-69.05374999999992, -16.43181999999996], [-69.05281999999994, -16.43193999999994], [-69.05117999999993, -16.432779999999923], [-69.04721999999992, -16.432879999999955], [-69.04613999999992, -16.432499999999948], [-69.04444999999993, -16.430929999999933], [-69.04405999999994, -16.430129999999906], [-69.0446399999999, -16.427269999999908], [-69.04450999999995, -16.423649999999952], [-69.04411999999991, -16.420519999999954], [-69.0437599999999, -16.419949999999915], [-69.04338999999993, -16.419369999999958], [-69.04124999999993, -16.417289999999923], [-69.0401599999999, -16.416429999999934], [-69.03883999999994, -16.41598999999991], [-69.0351599999999, -16.41247999999996], [-69.03523999999993, -16.411389999999926], [-69.03656999999993, -16.41011999999995], [-69.0367599999999, -16.409719999999936], [-69.03658999999993, -16.409309999999948], [-69.03595999999993, -16.40862999999996], [-69.03309999999993, -16.406679999999938], [-69.03059999999994, -16.405439999999942], [-69.02920999999992, -16.405389999999954], [-69.02723999999995, -16.406049999999937], [-69.0265599999999, -16.405979999999943], [-69.02516999999995, -16.404469999999947], [-69.02465999999993, -16.40298999999993], [-69.02464999999995, -16.400729999999953], [-69.02552999999995, -16.397689999999955], [-69.02545999999995, -16.394079999999917], [-69.0271899999999, -16.388229999999908], [-69.02679999999992, -16.38441999999992], [-69.02732999999995, -16.38316999999995], [-69.02953999999994, -16.379729999999938], [-69.03014999999994, -16.37754999999993], [-69.0306599999999, -16.374199999999917], [-69.0304099999999, -16.37286999999992], [-69.0286999999999, -16.368429999999933], [-69.02820999999994, -16.36190999999991], [-69.0276199999999, -16.360939999999914], [-69.0261999999999, -16.36015999999995], [-69.02568999999994, -16.359429999999918], [-69.02564999999993, -16.35797999999994], [-69.02564999999993, -16.357849999999928], [-69.02618999999993, -16.354049999999916], [-69.02611999999993, -16.35268999999994], [-69.02572999999995, -16.352139999999906], [-69.02428999999995, -16.350999999999942], [-69.02371999999991, -16.34952999999996], [-69.02377999999993, -16.34659999999991], [-69.02417999999994, -16.344609999999932], [-69.02453999999994, -16.34402999999992], [-69.02621999999991, -16.342829999999935], [-69.0264699999999, -16.34218999999996], [-69.0264699999999, -16.341069999999945], [-69.02595999999994, -16.339809999999943], [-69.0231399999999, -16.335659999999905], [-69.02265999999992, -16.334389999999928], [-69.02254999999991, -16.333269999999914], [-69.02308999999991, -16.331779999999924], [-69.02553999999992, -16.327419999999904], [-69.0266299999999, -16.32233999999994], [-69.0300499999999, -16.318419999999946], [-69.03105999999991, -16.315909999999917], [-69.03562999999991, -16.311719999999923], [-69.03670999999991, -16.310529999999915], [-69.0376599999999, -16.308979999999906], [-69.0378399999999, -16.307879999999955], [-69.03683999999993, -16.304629999999918], [-69.03680999999995, -16.30350999999996], [-69.03739999999993, -16.30203999999992], [-69.03969999999993, -16.298379999999952], [-69.03962999999993, -16.297039999999924], [-69.04205999999994, -16.295769999999948], [-69.04494999999991, -16.290869999999927], [-69.04806999999994, -16.287819999999954], [-69.04931999999991, -16.285399999999925], [-69.0506299999999, -16.283819999999935], [-69.05389999999994, -16.280919999999924], [-69.05757999999992, -16.27896999999996], [-69.05727999999993, -16.277919999999938], [-69.05747999999994, -16.27753999999993], [-69.06312999999994, -16.28024999999991], [-69.06508999999994, -16.280989999999917], [-69.06741999999991, -16.28114999999991], [-69.06974999999994, -16.28099999999995], [-69.07206999999994, -16.279969999999935], [-69.07718999999992, -16.27469999999994], [-69.07830999999993, -16.274449999999945], [-69.07859999999994, -16.27359999999993], [-69.07860999999991, -16.27246999999994], [-69.07769999999994, -16.269679999999937], [-69.07755999999995, -16.268099999999947], [-69.0788599999999, -16.26260999999994], [-69.0787699999999, -16.26126999999991], [-69.0782299999999, -16.25953999999996], [-69.07657999999992, -16.25579999999991], [-69.07596999999993, -16.25511999999992], [-69.0753499999999, -16.254809999999907], [-69.0737299999999, -16.25466999999992], [-69.06946999999991, -16.255879999999934], [-69.06799999999993, -16.25475999999992], [-69.06592999999992, -16.255059999999958], [-69.06479999999993, -16.25484999999992], [-69.06384999999995, -16.253859999999918], [-69.0630999999999, -16.25246999999996], [-69.06324999999993, -16.251819999999952], [-69.06417999999991, -16.250799999999913], [-69.0644299999999, -16.250179999999943], [-69.06425999999993, -16.24861999999996], [-69.06371999999993, -16.24819999999994], [-69.06085999999993, -16.24720999999994], [-69.05857999999995, -16.246729999999957], [-69.05534999999992, -16.247139999999945], [-69.05364999999995, -16.247889999999927], [-69.05249999999995, -16.248989999999935], [-69.05238999999995, -16.249879999999905], [-69.05281999999994, -16.253919999999937], [-69.05262999999991, -16.255009999999913], [-69.04896999999994, -16.256979999999942], [-69.0471599999999, -16.258729999999957], [-69.0459699999999, -16.258089999999925], [-69.04503999999991, -16.258099999999956], [-69.04441999999995, -16.258419999999944], [-69.04368999999991, -16.259279999999933], [-69.0431099999999, -16.26099999999991], [-69.04316999999992, -16.261889999999937], [-69.0440999999999, -16.263429999999914], [-69.04363999999993, -16.264429999999948], [-69.04272999999995, -16.265129999999942], [-69.04071999999991, -16.265699999999924], [-69.03823999999992, -16.26806999999991], [-69.03733999999992, -16.267919999999947], [-69.0357899999999, -16.26690999999994], [-69.03511999999995, -16.267019999999945], [-69.03446999999994, -16.267649999999946], [-69.0336299999999, -16.269009999999923], [-69.03342999999995, -16.270569999999907], [-69.03237999999993, -16.272039999999947], [-69.03171999999995, -16.27189999999996], [-69.03021999999993, -16.270189999999957], [-69.03027999999995, -16.266159999999957], [-69.02919999999995, -16.264179999999953], [-69.02910999999995, -16.262939999999958], [-69.02841999999993, -16.26192999999995], [-69.02685999999994, -16.261559999999918], [-69.02491999999995, -16.26177999999993], [-69.02443999999991, -16.260749999999916], [-69.02390999999994, -16.259709999999927], [-69.02292999999992, -16.259429999999952], [-69.0206599999999, -16.259819999999934], [-69.01923999999991, -16.260779999999954], [-69.01808999999992, -16.260849999999948], [-69.01658999999995, -16.262389999999925], [-69.01539999999994, -16.262869999999907], [-69.01511999999991, -16.262769999999932], [-69.01476999999994, -16.26254999999992], [-69.01439999999991, -16.262119999999925], [-69.01402999999993, -16.261649999999918], [-69.0122199999999, -16.258299999999906], [-69.01159999999993, -16.25824999999992], [-69.01006999999993, -16.258909999999958], [-69.00867999999991, -16.25920999999994], [-69.00762999999995, -16.25860999999992], [-69.00720999999993, -16.255489999999952], [-69.00516999999991, -16.253339999999923], [-69.00475999999992, -16.252609999999947], [-69.00484999999992, -16.250509999999906], [-69.00484999999992, -16.250089999999943], [-69.0047199999999, -16.249489999999923], [-69.0040899999999, -16.248809999999935], [-69.00323999999995, -16.247979999999927], [-69.00234999999992, -16.247279999999932], [-69.00058999999993, -16.24580999999995], [-69.0002199999999, -16.244959999999935], [-68.99983999999995, -16.243059999999957], [-68.99974999999995, -16.24266999999992], [-68.99847999999992, -16.240799999999922], [-68.99785999999995, -16.24016999999992], [-68.99675999999994, -16.238959999999906], [-68.9962099999999, -16.238449999999943], [-68.99410999999992, -16.23654999999991], [-68.99229999999994, -16.235379999999907], [-68.99038999999993, -16.234639999999956], [-68.98960999999991, -16.23497999999995], [-68.98941999999994, -16.235819999999933], [-68.99177999999995, -16.23828999999995], [-68.99231999999995, -16.239289999999926], [-68.99311999999992, -16.243509999999958], [-68.99424999999991, -16.246219999999937], [-68.9943199999999, -16.25004999999993], [-68.99488999999994, -16.251029999999957], [-68.99727999999993, -16.253789999999924], [-68.99734999999993, -16.25624999999991], [-68.99847999999992, -16.257669999999905], [-68.99867999999992, -16.258319999999912], [-68.99892999999992, -16.261919999999918], [-68.9992499999999, -16.26323999999994], [-69.00008999999994, -16.26430999999991], [-69.00306999999992, -16.26631999999995], [-69.00411999999994, -16.268569999999954], [-69.0069299999999, -16.270569999999907], [-69.00707999999992, -16.270989999999927], [-69.0068399999999, -16.271619999999928], [-69.00592999999992, -16.272299999999916], [-69.00481999999994, -16.272619999999904], [-69.0039099999999, -16.272439999999904], [-69.00136999999995, -16.27132999999992], [-68.99794999999995, -16.27200999999991], [-68.99589999999995, -16.271609999999953], [-68.99543999999992, -16.27111999999994], [-68.99526999999995, -16.268869999999936], [-68.99491999999992, -16.26804999999996], [-68.99400999999995, -16.267349999999908], [-68.99239999999992, -16.267309999999952], [-68.99139999999994, -16.26675999999992], [-68.99102999999991, -16.264099999999928], [-68.98948999999993, -16.26272999999992], [-68.98863999999992, -16.26138999999995], [-68.98824999999994, -16.258029999999906], [-68.98626999999993, -16.255789999999934], [-68.98540999999994, -16.255559999999946], [-68.98460999999992, -16.255999999999915], [-68.98464999999993, -16.258009999999956], [-68.98396999999994, -16.260629999999935], [-68.98353999999995, -16.261159999999904], [-68.98286999999993, -16.261339999999905], [-68.98203999999993, -16.260949999999923], [-68.98176999999993, -16.260589999999922], [-68.98200999999995, -16.256779999999935], [-68.98070999999993, -16.25550999999996], [-68.98043999999993, -16.254479999999944], [-68.97933999999992, -16.254249999999956], [-68.9776599999999, -16.256089999999915], [-68.97658999999993, -16.25574999999992], [-68.97572999999994, -16.251559999999927], [-68.97445999999991, -16.248159999999928], [-68.97296999999992, -16.245089999999948], [-68.97038999999995, -16.240869999999916], [-68.96987999999993, -16.240039999999908], [-68.96997999999991, -16.239379999999926], [-68.97181999999992, -16.235719999999958], [-68.97185999999994, -16.23482999999993], [-68.97147999999993, -16.233769999999936], [-68.97068999999993, -16.23296999999991], [-68.96976999999993, -16.23302999999993], [-68.9688099999999, -16.233649999999955], [-68.96657999999991, -16.235969999999952], [-68.96615999999995, -16.236129999999946], [-68.96554999999995, -16.235859999999946], [-68.9655899999999, -16.234519999999918], [-68.96614999999991, -16.233289999999954], [-68.96933999999993, -16.23192999999992], [-68.97002999999995, -16.231339999999932], [-68.96990999999991, -16.229769999999917], [-68.96946999999994, -16.22848999999991], [-68.96888999999993, -16.227789999999914], [-68.96720999999991, -16.22655999999995], [-68.9659499999999, -16.224659999999915], [-68.96499999999992, -16.224029999999914], [-68.96409999999992, -16.22378999999995], [-68.96316999999993, -16.223859999999945], [-68.96060999999992, -16.22491999999994], [-68.95925999999992, -16.224599999999953], [-68.9587699999999, -16.224149999999952], [-68.95895999999993, -16.22351999999995], [-68.96059999999994, -16.222249999999917], [-68.96109999999993, -16.220759999999927], [-68.96365999999995, -16.218809999999905], [-68.9644199999999, -16.217949999999917], [-68.96491999999995, -16.21598999999992], [-68.96481999999992, -16.213969999999904], [-68.96390999999994, -16.211169999999925], [-68.96224999999993, -16.207679999999925], [-68.96175999999991, -16.205619999999954], [-68.96123999999992, -16.204379999999958], [-68.96096999999992, -16.20372999999995], [-68.95872999999995, -16.200839999999914], [-68.9570799999999, -16.197349999999915], [-68.95655999999991, -16.19661999999994]], [[-68.9516999999999, -16.23264999999992], [-68.95199999999994, -16.234269999999924], [-68.95183999999995, -16.23515999999995], [-68.95086999999995, -16.237459999999942], [-68.94842999999992, -16.240479999999934], [-68.94826999999992, -16.24225999999993], [-68.94644999999991, -16.244009999999946], [-68.94357999999994, -16.245949999999937], [-68.94288999999992, -16.24589999999995], [-68.94161999999994, -16.245319999999936], [-68.9411199999999, -16.24484999999993], [-68.94087999999994, -16.244219999999927], [-68.94065999999992, -16.242879999999957], [-68.94070999999991, -16.24129999999991], [-68.94081999999992, -16.240869999999916], [-68.9419499999999, -16.24010999999996], [-68.94170999999994, -16.238809999999944], [-68.94112999999993, -16.238459999999918], [-68.94019999999995, -16.238419999999905], [-68.93875999999995, -16.23953999999992], [-68.93784999999991, -16.239709999999945], [-68.93694999999991, -16.239469999999926], [-68.93632999999994, -16.238809999999944], [-68.93627999999995, -16.237029999999947], [-68.93721999999991, -16.235229999999945], [-68.94016999999991, -16.232669999999928], [-68.94380999999993, -16.230649999999912], [-68.94424999999995, -16.230129999999917], [-68.9442699999999, -16.229239999999947], [-68.94468999999992, -16.228699999999947], [-68.9460699999999, -16.227479999999957], [-68.94728999999995, -16.226809999999944], [-68.95094999999992, -16.226099999999917], [-68.95210999999995, -16.226089999999942], [-68.95243999999991, -16.226399999999956], [-68.95256999999992, -16.227479999999957], [-68.95076999999992, -16.229549999999904], [-68.9496499999999, -16.232749999999953], [-68.9497399999999, -16.233399999999904], [-68.9502599999999, -16.233799999999917], [-68.9516999999999, -16.23264999999992]], [[-68.93454999999994, -16.248489999999947], [-68.9331699999999, -16.248249999999928], [-68.93258999999995, -16.247879999999952], [-68.9324499999999, -16.247229999999945], [-68.93265999999994, -16.246129999999937], [-68.93351999999993, -16.244779999999935], [-68.93490999999995, -16.243259999999907], [-68.93594999999993, -16.24275999999992], [-68.93732999999992, -16.24261999999993], [-68.93840999999992, -16.24458999999996], [-68.93866999999995, -16.246589999999912], [-68.9380799999999, -16.247269999999958], [-68.93685999999991, -16.247939999999915], [-68.93454999999994, -16.248489999999947]], [[-68.89134999999993, -16.275889999999947], [-68.8890199999999, -16.27436999999992], [-68.88831999999991, -16.27347999999995], [-68.88825999999995, -16.272809999999936], [-68.8886599999999, -16.270589999999913], [-68.88807999999995, -16.269649999999956], [-68.88795999999991, -16.26806999999991], [-68.8881199999999, -16.266269999999906], [-68.8884799999999, -16.265199999999936], [-68.88965999999994, -16.264119999999934], [-68.89092999999991, -16.263559999999927], [-68.8946499999999, -16.26317999999992], [-68.89861999999994, -16.263289999999927], [-68.89933999999994, -16.264159999999947], [-68.89960999999994, -16.265249999999924], [-68.90323999999993, -16.26875999999993], [-68.90353999999991, -16.269609999999943], [-68.90343999999993, -16.270499999999913], [-68.90296999999993, -16.270989999999927], [-68.90232999999995, -16.271259999999927], [-68.8986099999999, -16.270979999999952], [-68.89712999999995, -16.271579999999915], [-68.89362999999992, -16.27159999999992], [-68.89311999999995, -16.272039999999947], [-68.89282999999995, -16.272659999999917], [-68.89317999999992, -16.27464999999995], [-68.89308999999992, -16.275079999999946], [-68.89134999999993, -16.275889999999947]], [[-68.89225999999991, -16.283349999999928], [-68.88878999999991, -16.28060999999991], [-68.88859999999994, -16.27997999999991], [-68.88888999999995, -16.279379999999946], [-68.89073999999994, -16.279159999999933], [-68.89330999999993, -16.27923999999996], [-68.89469999999994, -16.27938999999992], [-68.89548999999994, -16.279849999999954], [-68.89587999999992, -16.281369999999924], [-68.89550999999994, -16.282419999999945], [-68.89434999999992, -16.283139999999946], [-68.89225999999991, -16.283349999999928]], [[-68.86585999999994, -16.28198999999995], [-68.86736999999994, -16.281079999999918], [-68.86811999999992, -16.278469999999913], [-68.86861999999991, -16.27771999999993], [-68.86943999999994, -16.277319999999918], [-68.8708299999999, -16.277519999999924], [-68.87180999999993, -16.278119999999944], [-68.87257999999991, -16.278959999999927], [-68.87356999999992, -16.281959999999913], [-68.87435999999991, -16.28305999999992], [-68.87792999999994, -16.284129999999948], [-68.88490999999993, -16.284719999999936], [-68.88737999999995, -16.285399999999925], [-68.88877999999994, -16.286209999999926], [-68.88949999999994, -16.28708999999992], [-68.8898099999999, -16.288409999999942], [-68.88968999999992, -16.289749999999913], [-68.88852999999995, -16.291699999999935], [-68.88699999999994, -16.29308999999995], [-68.88609999999994, -16.293279999999925], [-68.88423999999992, -16.293099999999924], [-68.88360999999992, -16.29334999999992], [-68.88333999999992, -16.293959999999913], [-68.8832799999999, -16.29553999999996], [-68.88298999999995, -16.296149999999955], [-68.88105999999993, -16.29741999999993], [-68.8807799999999, -16.298259999999914], [-68.87903999999992, -16.29938999999996], [-68.8783499999999, -16.299449999999922], [-68.87721999999991, -16.299159999999915], [-68.8717499999999, -16.29612999999995], [-68.87085999999994, -16.295869999999923], [-68.87016999999992, -16.295959999999923], [-68.86966999999993, -16.296949999999924], [-68.86979999999994, -16.297819999999945], [-68.87341999999995, -16.301639999999907], [-68.8733499999999, -16.30230999999992], [-68.87290999999993, -16.302829999999915], [-68.87178999999992, -16.30289999999991], [-68.86878999999993, -16.301629999999932], [-68.8669799999999, -16.300209999999936], [-68.86535999999995, -16.29857999999996], [-68.8646599999999, -16.297669999999925], [-68.86453999999992, -16.297009999999943], [-68.86477999999994, -16.295909999999935], [-68.86562999999995, -16.29483999999991], [-68.8655599999999, -16.293959999999913], [-68.86506999999995, -16.293489999999906], [-68.86396999999994, -16.29380999999995], [-68.8633999999999, -16.293429999999944], [-68.86160999999993, -16.291649999999947], [-68.86074999999994, -16.290059999999926], [-68.86061999999993, -16.287809999999922], [-68.86123999999995, -16.286119999999926], [-68.86262999999991, -16.284599999999955], [-68.86585999999994, -16.28198999999995]], [[-68.85797999999994, -16.32304999999991], [-68.8510399999999, -16.318859999999916], [-68.84895999999992, -16.317049999999938], [-68.84842999999995, -16.315579999999954], [-68.84865999999994, -16.313569999999913], [-68.84906999999993, -16.312759999999912], [-68.85088999999994, -16.310999999999922], [-68.85119999999995, -16.310419999999908], [-68.85097999999994, -16.310049999999933], [-68.85030999999992, -16.309859999999958], [-68.84902999999991, -16.310409999999933], [-68.84836999999993, -16.310289999999952], [-68.84784999999994, -16.30955999999992], [-68.84769999999992, -16.308209999999917], [-68.8482699999999, -16.304649999999924], [-68.84926999999993, -16.302619999999933], [-68.85104999999993, -16.300529999999924], [-68.85606999999993, -16.295459999999935], [-68.85744999999991, -16.294239999999945], [-68.85810999999995, -16.294049999999913], [-68.85877999999991, -16.294629999999927], [-68.85935999999992, -16.29681999999991], [-68.85880999999995, -16.302209999999945], [-68.85888999999992, -16.30376999999993], [-68.85941999999994, -16.304209999999955], [-68.8600899999999, -16.304389999999955], [-68.8630599999999, -16.30379999999991], [-68.86535999999995, -16.30409999999995], [-68.8663699999999, -16.305009999999925], [-68.86655999999994, -16.305849999999907], [-68.86938999999995, -16.30821999999995], [-68.86995999999994, -16.309169999999938], [-68.86932999999993, -16.31060999999994], [-68.86801999999994, -16.31218999999993], [-68.8674299999999, -16.312559999999905], [-68.86535999999995, -16.31290999999993], [-68.86477999999994, -16.313259999999957], [-68.8646599999999, -16.314139999999952], [-68.86508999999995, -16.31657999999993], [-68.8644799999999, -16.317759999999907], [-68.86356999999992, -16.31776999999994], [-68.86051999999995, -16.316649999999925], [-68.85958999999991, -16.316679999999906], [-68.85878999999994, -16.317139999999938], [-68.85856999999993, -16.31752999999992], [-68.85860999999994, -16.318199999999933], [-68.85946999999993, -16.322179999999946], [-68.85869999999994, -16.322979999999916], [-68.85797999999994, -16.32304999999991]], [[-68.83960999999994, -16.329119999999932], [-68.83873999999992, -16.328059999999937], [-68.83858999999995, -16.32671999999991], [-68.83872999999994, -16.32559999999995], [-68.83922999999993, -16.32513999999992], [-68.83967999999993, -16.325039999999944], [-68.8409299999999, -16.326029999999946], [-68.84139999999991, -16.327509999999904], [-68.8411099999999, -16.32835999999992], [-68.84054999999995, -16.32907999999992], [-68.83960999999994, -16.329119999999932]], [[-68.83962999999994, -16.336579999999913], [-68.83812999999992, -16.33484999999996], [-68.8364499999999, -16.331129999999916], [-68.83541999999994, -16.329909999999927], [-68.83416999999992, -16.328889999999944], [-68.83305999999993, -16.328559999999925], [-68.8314299999999, -16.32848999999993], [-68.82755999999995, -16.330059999999946], [-68.82616999999993, -16.330059999999946], [-68.82555999999994, -16.329759999999908], [-68.82529999999991, -16.32913999999994], [-68.82531999999992, -16.328239999999937], [-68.82594999999992, -16.32680999999991], [-68.82533999999993, -16.324399999999912], [-68.82548999999995, -16.323759999999936], [-68.82656999999995, -16.323419999999942], [-68.83034999999995, -16.324579999999912], [-68.8335899999999, -16.324319999999943], [-68.83471999999995, -16.324629999999956], [-68.83570999999995, -16.325219999999945], [-68.83640999999994, -16.326119999999946], [-68.83729999999991, -16.328679999999906], [-68.83992999999992, -16.332419999999956], [-68.84066999999993, -16.33382999999992], [-68.84078999999991, -16.335839999999905], [-68.84024999999991, -16.336569999999938], [-68.83962999999994, -16.336579999999913]], [[-68.8541899999999, -16.34227999999996], [-68.85236999999995, -16.34021999999993], [-68.85064999999992, -16.336769999999945], [-68.84990999999991, -16.33623999999992], [-68.84897999999993, -16.336289999999906], [-68.84833999999995, -16.33603999999991], [-68.84678999999994, -16.334079999999915], [-68.84645999999992, -16.33230999999995], [-68.84304999999995, -16.32588999999996], [-68.84321999999992, -16.324329999999918], [-68.84446999999994, -16.322729999999922], [-68.84491999999995, -16.32278999999994], [-68.84641999999991, -16.32451999999995], [-68.84850999999992, -16.32594999999992], [-68.8504299999999, -16.329819999999927], [-68.85127999999992, -16.330879999999922], [-68.85280999999992, -16.33140999999995], [-68.85766999999993, -16.332089999999937], [-68.86058999999995, -16.332909999999913], [-68.86356999999992, -16.334209999999928], [-68.8644799999999, -16.334919999999954], [-68.86500999999993, -16.335659999999905], [-68.86523999999991, -16.336759999999913], [-68.86477999999994, -16.337789999999927], [-68.86347999999992, -16.339659999999924], [-68.86210999999992, -16.340879999999913], [-68.86119999999994, -16.34108999999995], [-68.8590999999999, -16.34108999999995], [-68.8560599999999, -16.342249999999922], [-68.8541899999999, -16.34227999999996]]]]}, "properties": {"OBJECTID": 8, "NOMBRE": "LAGO TITICACA (PERU)", "PROV": "LAGO TITICACA (PERU)", "DPTO": "LAGO TITICACA (PERU)", "Shape_Leng": 10.286358492, "Shape_Area": 0.4362601962}}]}