{"type": "FeatureCollection", "features": [{"type": "Feature", "geometry": {"type": "Polygon", "coordinates": [[[-74.87816485899998, -10.700699353999937], [-74.87823035899999, -10.701399978999973], [-74.87821385899997, -10.702166353999928], [-74.87814523399999, -10.70310335399995], [-74.87749223399999, -10.703813103999948], [-74.87644185899995, -10.704721478999943], [-74.87536310899998, -10.705402853999942], [-74.87442623399994, -10.706197728999939], [-74.87337585899996, -10.706992603999936], [-74.87218348399995, -10.707304853999972], [-74.87162660899997, -10.707304853999972], [-74.87079248399994, -10.707304853999972], [-74.86971373399996, -10.707673978999935], [-74.86857810899994, -10.709121853999932], [-74.86772648399995, -10.710484478999945], [-74.86717885899998, -10.712238853999963], [-74.86578473399999, -10.714256228999943], [-74.86469435899994, -10.715268478999974], [-74.86359973399993, -10.71613747899994], [-74.86302323399997, -10.716805978999957], [-74.86215410899996, -10.717817103999948], [-74.86102110899998, -10.719789353999943], [-74.85890948399998, -10.722203728999943], [-74.85875798399996, -10.722611103999952], [-74.85832235899994, -10.724031353999976], [-74.85765960899994, -10.72509185399997], [-74.85717660899996, -10.725925228999927], [-74.85685835899994, -10.726587853999945], [-74.85648548399996, -10.72736447899996], [-74.85610660899994, -10.727847353999948], [-74.85593935899993, -10.727949353999975], [-74.85472423399995, -10.728690103999952], [-74.85357848399997, -10.72980747899993], [-74.85113548399994, -10.732970103999946], [-74.84980360899993, -10.735620853999933], [-74.84949398399993, -10.736360478999927], [-74.84947235899995, -10.737964978999969], [-74.84913173399997, -10.738873353999963], [-74.84856398399995, -10.739838603999942], [-74.84799623399994, -10.74060510399994], [-74.84740473399995, -10.74153460399998], [-74.84732285899997, -10.74177372899993], [-74.84647610899998, -10.744471103999956], [-74.84641835899998, -10.744717228999946], [-74.84641010899998, -10.744712103999973], [-74.84589123399996, -10.746177228999954], [-74.84480560899993, -10.748290603999976], [-74.84369373399994, -10.750663853999981], [-74.84324585899998, -10.751659478999954], [-74.84282310899994, -10.752599603999954], [-74.84264173399998, -10.753119728999934], [-74.84249660899997, -10.754873603999954], [-74.84217648399994, -10.755196978999948], [-74.84186423399996, -10.755849978999947], [-74.84158023399993, -10.756616478999945], [-74.84123960899996, -10.757411353999942], [-74.84115448399996, -10.757922353999959], [-74.84087060899998, -10.758632103999958], [-74.84067185899994, -10.759398603999955], [-74.84044473399996, -10.75999472899997], [-74.84035960899996, -10.76050572899993], [-74.84050960899998, -10.761138353999968], [-74.84061510899994, -10.761584478999964], [-74.84067185899994, -10.762265853999963], [-74.84109773399996, -10.763174228999958], [-74.84089898399998, -10.76348660399998], [-74.84041635899996, -10.763855603999957], [-74.83942060899994, -10.764429228999973], [-74.83760585899995, -10.766495728999928], [-74.83715023399998, -10.768215353999949], [-74.83672685899995, -10.769823978999966], [-74.83659498399999, -10.770671103999973], [-74.83649698399995, -10.771299728999963], [-74.83601323399995, -10.772008853999978], [-74.83471023399994, -10.773138728999982], [-74.83408560899994, -10.77435947899994], [-74.83357460899998, -10.775125978999938], [-74.83313335899999, -10.776193603999957], [-74.83304748399996, -10.776386853999952], [-74.83258098399995, -10.777436853999973], [-74.83176448399996, -10.77934197899998], [-74.83155023399996, -10.779906728999947], [-74.83131098399997, -10.780536478999977], [-74.82969798399995, -10.782155228999954], [-74.82870748399995, -10.784176853999952], [-74.82548985899996, -10.788776728999949], [-74.82504823399995, -10.789412728999935], [-74.82384173399998, -10.791150478999953], [-74.82316135899998, -10.792329853999945], [-74.82249610899999, -10.793312603999937], [-74.82169473399995, -10.794340853999927], [-74.82065148399994, -10.795368978999932], [-74.82000135899995, -10.795988853999972], [-74.81948723399995, -10.796593603999952], [-74.81845910899995, -10.798135853999952], [-74.81752173399997, -10.800691103999952], [-74.81662960899996, -10.801976353999976], [-74.81505035899994, -10.803582353999957], [-74.81360773399996, -10.806472853999935], [-74.80966298399994, -10.811825103999979], [-74.80831610899997, -10.813171978999947], [-74.80648435899997, -10.815326978999963], [-74.80641635899997, -10.816365978999954], [-74.80576710899999, -10.817143353999938], [-74.80574335899996, -10.817171728999938], [-74.80169123399997, -10.821042353999928], [-74.79837998399995, -10.823310353999943], [-74.79797173399999, -10.823839603999943], [-74.79720060899996, -10.825185353999927], [-74.79677510899995, -10.826010728999961], [-74.79644460899993, -10.826651853999977], [-74.79609685899999, -10.82757410399995], [-74.79544010899997, -10.828579978999926], [-74.79482685899995, -10.829872353999974], [-74.79437373399998, -10.830121978999955], [-74.79304273399998, -10.830855103999966], [-74.79216073399994, -10.831070228999977], [-74.79180298399996, -10.83115760399994], [-74.79089573399995, -10.831112228999928], [-74.79007923399996, -10.830734228999972], [-74.78852273399997, -10.829576353999926], [-74.78697960899996, -10.829146603999959], [-74.78481748399997, -10.828451103999953], [-74.78304848399995, -10.827997478999976], [-74.78152985899999, -10.82800535399997], [-74.78008298399999, -10.828088478999973], [-74.77817810899995, -10.827844228999936], [-74.77663935899994, -10.826818353999954], [-74.77612648399997, -10.826647478999973], [-74.77502460899996, -10.826950228999976], [-74.77486873399994, -10.826961353999934], [-74.77407535899994, -10.827145103999953], [-74.77210460899994, -10.828804103999971], [-74.77112460899997, -10.829113478999943], [-74.77040935899998, -10.829522478999934], [-74.76960123399994, -10.830202353999937], [-74.76903335899993, -10.830434103999949], [-74.76815923399994, -10.830481353999971], [-74.76775760899994, -10.830174228999965], [-74.76728510899994, -10.829347478999978], [-74.76625385899996, -10.828139603999944], [-74.76582885899995, -10.827764228999968], [-74.76539473399998, -10.82743910399995], [-74.76485185899998, -10.82703222899994], [-74.76234760899996, -10.825874603999978], [-74.76074110899998, -10.825213103999943], [-74.76036310899997, -10.825142228999937], [-74.75948898399997, -10.825449353999943], [-74.75868260899995, -10.825972853999929], [-74.75813435899994, -10.82639585399994], [-74.75716973399994, -10.827140353999937], [-74.75607335899997, -10.827495728999963], [-74.75575023399995, -10.82753122899993], [-74.75524085899997, -10.827587103999974], [-74.75460123399995, -10.82784085399993], [-74.75297673399996, -10.82879522899998], [-74.75012485899998, -10.830209603999947], [-74.74670348399997, -10.831640228999959], [-74.74491885899994, -10.832482978999963], [-74.74350598399997, -10.833945478999965], [-74.74278485899998, -10.834600228999932], [-74.74189485899996, -10.834788228999969], [-74.74115123399997, -10.83535822899995], [-74.74093960899995, -10.835675728999945], [-74.74060598399996, -10.836176228999932], [-74.74001098399998, -10.836424103999946], [-74.73931698399997, -10.836225853999963], [-74.73893323399994, -10.83574047899998], [-74.73854473399996, -10.83495585399993], [-74.73785285899999, -10.834237228999939], [-74.73676173399997, -10.833598603999974], [-74.73561735899995, -10.833359103999953], [-74.73431335899994, -10.833332478999978], [-74.73316898399997, -10.833917978999978], [-74.73170535899999, -10.834929228999954], [-74.73114648399996, -10.835860603999947], [-74.73071410899996, -10.836728978999929], [-74.72978923399995, -10.837670353999954], [-74.72933685899994, -10.838601728999947], [-74.72899085899996, -10.840171853999948], [-74.72798935899993, -10.841778103999957], [-74.72649598399994, -10.843381978999957], [-74.72632473399995, -10.843560728999933], [-74.72508573399995, -10.84485435399995], [-74.72309360899999, -10.846805353999969], [-74.72212510899999, -10.847876103999965], [-74.71999610899996, -10.848958103999962], [-74.71927985899998, -10.849321978999967], [-74.71893360899998, -10.84965735399993], [-74.71842535899998, -10.850198228999943], [-74.71728898399994, -10.851261228999931], [-74.71708373399997, -10.851453228999958], [-74.71499573399996, -10.853086853999969], [-74.71429985899994, -10.853553103999957], [-74.71292935899999, -10.854471603999968], [-74.71027885899997, -10.856451353999944], [-74.70935048399997, -10.85699872899994], [-74.70794660899998, -10.858164728999952], [-74.70749448399994, -10.859330728999964], [-74.70609060899994, -10.864565478999964], [-74.70554085899994, -10.866157728999951], [-74.70485335899997, -10.867515978999961], [-74.70409185899996, -10.867920603999949], [-74.70340848399997, -10.868191103999948], [-74.70294973399996, -10.86837272899993], [-74.70202173399997, -10.86889610399993], [-74.70141535899995, -10.869941603999962], [-74.70064160899994, -10.871275603999948], [-74.70043910899994, -10.871907478999958], [-74.70040910899996, -10.872466853999981], [-74.70066885899996, -10.873695478999934], [-74.70111835899996, -10.874943978999966], [-74.70117823399994, -10.875623103999942], [-74.70103223399997, -10.87620835399997], [-74.70031423399996, -10.877675478999947], [-74.70017385899996, -10.877892728999939], [-74.70038160899998, -10.878213978999952], [-74.70098060899994, -10.879452103999938], [-74.70171948399997, -10.881249103999949], [-74.70151985899997, -10.882766728999968], [-74.70100548399995, -10.88328447899994], [-74.70099998399996, -10.88329097899998], [-74.70010935899995, -10.884271478999949], [-74.69971873399999, -10.88482997899996], [-74.69958973399997, -10.885201103999975], [-74.69945898399999, -10.886009728999966], [-74.69923035899996, -10.886820228999966], [-74.69850973399997, -10.888419853999949], [-74.69745898399998, -10.89037110399994], [-74.69699023399994, -10.89092960399995], [-74.69620898399995, -10.891361228999926], [-74.69573035899998, -10.891851478999968], [-74.69559960899994, -10.892259728999932], [-74.69552923399993, -10.893079978999936], [-74.69533973399996, -10.893941353999935], [-74.69540035899996, -10.89456047899995], [-74.69556048399994, -10.89497060399998], [-74.69577923399999, -10.895380853999939], [-74.69607998399994, -10.895970603999956], [-74.69640035899994, -10.896871103999956], [-74.69666985899994, -10.897300728999937], [-74.69668748399994, -10.897771478999971], [-74.69657998399998, -10.898480478999943], [-74.69678898399997, -10.899050728999953], [-74.69690035899998, -10.899560478999945], [-74.69691010899999, -10.901060478999966], [-74.69698035899995, -10.901490228999933], [-74.69749023399999, -10.902230478999968], [-74.69779873399995, -10.903169853999941], [-74.69857998399993, -10.903999978999934], [-74.69876948399997, -10.90432022899995], [-74.69901948399996, -10.905320228999926], [-74.69916985899994, -10.905710853999949], [-74.69959960899996, -10.906281228999944], [-74.70032023399995, -10.906960853999976], [-74.70070898399996, -10.907640603999937], [-74.70078898399998, -10.908089853999968], [-74.70061910899994, -10.908480478999934], [-74.70061910899994, -10.90883985399995], [-74.70132023399998, -10.910941353999931], [-74.70136910899998, -10.911400353999966], [-74.70132023399998, -10.91222060399997], [-74.70152923399996, -10.913079978999974], [-74.70193935899994, -10.914249978999976], [-74.70201948399995, -10.914999978999958], [-74.70190035899998, -10.915910103999977], [-74.70183373399993, -10.916140103999965], [-74.70170898399994, -10.916570228999944], [-74.70112885899994, -10.917300728999976], [-74.70093935899996, -10.917419853999945], [-74.70032998399995, -10.917640603999928], [-74.70016010899997, -10.917820228999972], [-74.70018935899998, -10.918060478999962], [-74.70057998399994, -10.918570228999954], [-74.70076948399998, -10.918960853999977], [-74.70075973399997, -10.919130853999945], [-74.70050973399998, -10.919361228999946], [-74.69957998399997, -10.919630853999934], [-74.69939060899998, -10.919960853999953], [-74.69912885899998, -10.920851478999964], [-74.69903898399997, -10.921031228999937], [-74.69874023399996, -10.921240228999977], [-74.69778898399994, -10.92161122899995], [-74.69766985899997, -10.921740228999965], [-74.69749998399999, -10.922259728999961], [-74.69754873399995, -10.922929603999933], [-74.69736910899996, -10.923589853999943], [-74.69685935899997, -10.92427147899997], [-74.69687885899998, -10.924691353999947], [-74.69700973399995, -10.92512110399997], [-74.69699023399994, -10.925460853999937], [-74.69687885899998, -10.925601478999965], [-74.69637885899994, -10.925790978999942], [-74.69620898399995, -10.925941353999974], [-74.69608973399994, -10.92629097899993], [-74.69596873399996, -10.926679603999958], [-74.69594910899997, -10.927240228999949], [-74.69578898399999, -10.927871103999962], [-74.69561910899995, -10.927980478999928], [-74.69517960899998, -10.928111228999967], [-74.69484960899996, -10.928351478999957], [-74.69476948399995, -10.928759728999978], [-74.69485935899996, -10.929050728999925], [-74.69484960899996, -10.929999978999945], [-74.69445898399994, -10.93066010399997], [-74.69407998399998, -10.931111228999953], [-74.69395898399995, -10.931419853999955], [-74.69374998399996, -10.933070228999952], [-74.69421873399995, -10.933650353999951], [-74.69469910899994, -10.934480478999944], [-74.69542960899997, -10.93603122899998], [-74.69594910899997, -10.937749978999932], [-74.69591985899996, -10.938669853999954], [-74.69631048399998, -10.939290978999963], [-74.69653898399997, -10.939829978999967], [-74.69649023399995, -10.940400353999962], [-74.69621873399996, -10.941160103999948], [-74.69616985899995, -10.941589853999972], [-74.69656048399997, -10.942240228999935], [-74.69666010899994, -10.94272060399993], [-74.69662885899999, -10.942851478999955], [-74.69629185899998, -10.94327210399996], [-74.69614060899994, -10.943460853999966], [-74.69576948399998, -10.944480478999935], [-74.69518935899998, -10.945290978999935], [-74.69516985899998, -10.945660103999955], [-74.69496873399999, -10.946589853999967], [-74.69479873399996, -10.946970603999944], [-74.69448035899995, -10.947400353999967], [-74.69433973399998, -10.947880853999948], [-74.69451948399995, -10.94815035399995], [-74.69532998399995, -10.948701103999952], [-74.69539060899996, -10.949121103999971], [-74.69526948399994, -10.94944135399993], [-74.69525973399993, -10.950040978999937], [-74.69595910899994, -10.950872103999927], [-74.69610935899993, -10.951050728999974], [-74.69644910899996, -10.951829978999967], [-74.69645898399995, -10.952140603999965], [-74.69625973399997, -10.952691353999967], [-74.69624023399996, -10.953070228999934], [-74.69667373399994, -10.953437478999945], [-74.69726948399995, -10.953941353999937], [-74.69745898399998, -10.95437110399996], [-74.69741010899997, -10.955210853999972], [-74.69743935899999, -10.955361228999948], [-74.69778898399994, -10.955781228999967], [-74.69857023399999, -10.956310478999967], [-74.69874998399996, -10.956550728999957], [-74.69756048399995, -10.957281228999932], [-74.69678510899996, -10.95758597899993], [-74.69600973399997, -10.957890603999942], [-74.69563010899998, -10.957993603999967], [-74.69534485899999, -10.958070978999956], [-74.69498310899996, -10.958169103999978], [-74.69498185899994, -10.958169478999935], [-74.69498035899994, -10.958169853999948], [-74.69370798399996, -10.958087853999928], [-74.69287923399997, -10.957789728999956], [-74.69200685899995, -10.95718635399993], [-74.69142523399995, -10.956517478999956], [-74.69109085899998, -10.955841478999957], [-74.69047298399994, -10.954554728999938], [-74.69033485899996, -10.954271228999971], [-74.68991323399996, -10.953791353999975], [-74.68933160899996, -10.953391478999947], [-74.68849560899997, -10.953115353999976], [-74.68809573399994, -10.95307897899994], [-74.68736048399995, -10.953061103999971], [-74.68616923399998, -10.953282478999938], [-74.68558610899998, -10.95342935399998], [-74.68515873399997, -10.953536978999978], [-74.68444635899994, -10.953638728999977], [-74.68337035899998, -10.95362410399997], [-74.68289785899998, -10.953500603999942], [-74.68245448399995, -10.953282478999938], [-74.68079698399998, -10.95195935399994], [-74.67993198399995, -10.95138510399994], [-74.67962998399997, -10.951248478999958], [-74.67954648399996, -10.951210603999925], [-74.67903760899998, -10.951137978999952], [-74.67861585899993, -10.951196103999962], [-74.67811435899995, -10.95135597899997], [-74.67777273399997, -10.951675853999973], [-74.67751098399998, -10.952097478999974], [-74.67730748399998, -10.953057103999981], [-74.67703123399997, -10.953973103999942], [-74.67674048399994, -10.954569228999958], [-74.67602798399997, -10.95539072899993], [-74.67391985899997, -10.95733910399997], [-74.67346810899994, -10.957562853999946], [-74.67314748399997, -10.957667853999965], [-74.67255310899998, -10.957862353999928], [-74.67159348399997, -10.958080353999947], [-74.67088098399995, -10.958036853999943], [-74.67029223399999, -10.957738853999956], [-74.66891098399998, -10.956779228999949], [-74.66738810899994, -10.95606735399997], [-74.66554348399995, -10.955375728999968], [-74.66458010899998, -10.954939228999933], [-74.66364960899995, -10.95443697899998], [-74.66260373399996, -10.953489978999926], [-74.66173910899994, -10.952971103999971], [-74.66123685899998, -10.952834103999976], [-74.66044623399995, -10.95283285399995], [-74.65990273399996, -10.952929978999975], [-74.65950823399999, -10.953070728999933], [-74.65884048399994, -10.953308728999957], [-74.65834173399998, -10.953572228999974], [-74.65737473399997, -10.954082853999978], [-74.65655948399996, -10.954263978999961], [-74.65612298399998, -10.954296978999935], [-74.65526198399994, -10.954219353999974], [-74.65511835899997, -10.95420635399995], [-74.65461598399997, -10.954305228999942], [-74.65410548399996, -10.95450285399994], [-74.65334210899994, -10.954962103999947], [-74.65305148399995, -10.955136853999932], [-74.65153173399995, -10.955662478999955], [-74.65019410899998, -10.956125103999966], [-74.64881060899995, -10.956577978999974], [-74.64842648399997, -10.956681978999939], [-74.64771535899996, -10.956874353999979], [-74.64648010899998, -10.95704735399994], [-74.64584610899993, -10.95710497899995], [-74.64515573399996, -10.957076228999938], [-74.64466035899994, -10.957055603999947], [-74.64403448399997, -10.957187353999927], [-74.64317810899996, -10.957434228999944], [-74.64270873399994, -10.957771978999972], [-74.64236285899995, -10.95807672899997], [-74.64218173399996, -10.958414353999956], [-74.64181110899995, -10.959213103999957], [-74.64126410899996, -10.960015853999948], [-74.64117710899995, -10.960143603999938], [-74.64073223399998, -10.960448228999951], [-74.64026298399995, -10.960637603999942], [-74.63970298399994, -10.960752978999949], [-74.63904423399998, -10.960728228999926], [-74.63765260899999, -10.96057172899998], [-74.63639535899995, -10.960320353999975], [-74.63621148399994, -10.960283603999926], [-74.63561860899995, -10.960324728999979], [-74.63521510899994, -10.960522353999977], [-74.63449048399997, -10.961246978999952], [-74.63339210899994, -10.962859478999974], [-74.63248123399995, -10.963355228999944], [-74.63154248399997, -10.96360210399996], [-74.63062835899996, -10.963725728999975], [-74.62996473399994, -10.963777978999929], [-74.62958260899995, -10.963807978999967], [-74.62877560899994, -10.964112728999964], [-74.62845448399997, -10.964326853999978], [-74.62810035899997, -10.964672728999972], [-74.62776273399999, -10.965109103999964], [-74.62765560899999, -10.96538910399994], [-74.62742510899994, -10.96613022899993], [-74.62730985899998, -10.96715960399996], [-74.62756510899999, -10.96947347899993], [-74.62741685899994, -10.970214603999977], [-74.62718623399996, -10.970692228999951], [-74.62650285899997, -10.97144160399995], [-74.62540760899998, -10.97247922899993], [-74.62508648399995, -10.972717978999981], [-74.62436998399994, -10.973508478999975], [-74.62353835899995, -10.97447197899993], [-74.62266548399998, -10.97578122899995], [-74.62261673399996, -10.975860853999961], [-74.62261798399999, -10.97586322899997], [-74.62255723399994, -10.976181603999976], [-74.62257585899994, -10.97635472899998], [-74.62263673399997, -10.976518603999978], [-74.62284660899996, -10.976703603999965], [-74.62316773399994, -10.97694235399996], [-74.62348885899996, -10.977279978999945], [-74.62371948399993, -10.977708228999973], [-74.62396198399995, -10.978595353999935], [-74.62402348399996, -10.978820103999965], [-74.62440948399995, -10.980106853999928], [-74.62532198399998, -10.981873478999944], [-74.62576660899998, -10.982540228999937], [-74.62662060899999, -10.98335910399993], [-74.62702998399999, -10.983862353999939], [-74.62760323399993, -10.984821353999962], [-74.62829360899997, -10.98561710399997], [-74.62988460899999, -10.98712610399997], [-74.63199048399997, -10.988962853999965], [-74.63241148399999, -10.989255353999965], [-74.63422473399999, -10.990565603999926], [-74.63527760899996, -10.991279228999929], [-74.63555848399994, -10.991653603999964], [-74.63585073399997, -10.992203478999954], [-74.63624860899995, -10.993420103999938], [-74.63652948399994, -10.993747603999964], [-74.63690373399999, -10.994121978999942], [-74.63855335899996, -10.995139853999945], [-74.63953598399996, -10.995841728999949], [-74.64043685899998, -10.996648978999929], [-74.64133760899995, -10.997631603999935], [-74.64207460899996, -10.998392228999933], [-74.64278823399997, -10.99910572899995], [-74.64352523399998, -11.000053353999931], [-74.64380610899997, -11.000872228999981], [-74.64407510899997, -11.001995228999931], [-74.64406348399996, -11.00259197899993], [-74.64381773399998, -11.003247103999968], [-74.64358373399995, -11.00377347899996], [-74.64324448399998, -11.00565697899998], [-74.64337323399997, -11.00624197899998], [-74.64378260899997, -11.007236353999929], [-74.64408685899997, -11.007704228999955], [-74.64442610899994, -11.008043603999965], [-74.64531523399995, -11.008546603999946], [-74.64573457199998, -11.008714324999971], [-74.64607560899998, -11.00885072899996], [-74.64659235899995, -11.008967603999963], [-74.64742098399995, -11.009049603999927], [-74.65090760899994, -11.008806853999943], [-74.65413610899998, -11.008581728999957], [-74.65520060899996, -11.008581728999957], [-74.65604985899995, -11.008416228999977], [-74.65748185899997, -11.008137103999957], [-74.65841785899994, -11.008125478999943], [-74.65895735899994, -11.008284728999968], [-74.65928348399996, -11.008499853999979], [-74.65958773399996, -11.008920978999981], [-74.65958802699998, -11.008921718999943], [-74.66000885899996, -11.00998560399995], [-74.66039498399994, -11.010371603999943], [-74.66081610899994, -11.010547103999954], [-74.66152973399994, -11.010745978999978], [-74.66221535899996, -11.010895103999928], [-74.66295710899993, -11.010890978999953], [-74.66360185899998, -11.010858103999965], [-74.66424385899995, -11.010699228999954], [-74.66452460899995, -11.010476853999933], [-74.66535523399995, -11.009704728999964], [-74.66682923399998, -11.008956103999935], [-74.66858398399995, -11.008499853999979], [-74.66947310899997, -11.008289228999956], [-74.67006973399998, -11.008300978999955], [-74.67068985899994, -11.00834772899998], [-74.67160210899993, -11.008583603999966], [-74.67297110899995, -11.00920160399994], [-74.67377823399994, -11.009716478999962], [-74.67443348399996, -11.010184478999975], [-74.67522898399994, -11.010476853999933], [-74.67680823399996, -11.010991603999969], [-74.67779098399996, -11.011237353999945], [-74.67853973399997, -11.011342603999935], [-74.67922985899997, -11.011365978999947], [-74.67980310899998, -11.011342603999935], [-74.68077410899997, -11.011213853999948], [-74.68225973399996, -11.010745978999978], [-74.68410035899996, -11.010006103999956], [-74.68469323399995, -11.00990360399993], [-74.68544198399997, -11.00998560399995], [-74.68602685899998, -11.010160978999977], [-74.68642460899997, -11.010547103999954], [-74.68663523399994, -11.01102672899998], [-74.68675223399998, -11.01197435399996], [-74.68714998399997, -11.01274647899993], [-74.68762960899994, -11.013296353999976], [-74.68843685899998, -11.013951478999957], [-74.68927910899998, -11.01454810399997], [-74.69007460899996, -11.015214853999964], [-74.69034373399995, -11.015331728999968], [-74.69153698399998, -11.015589228999943], [-74.69192310899996, -11.015811478999979], [-74.69242610899994, -11.016291228999933], [-74.69282385899999, -11.016361353999969], [-74.69584210899995, -11.016408103999936], [-74.69678073399996, -11.016264853999928], [-74.69737473399994, -11.016174228999944], [-74.69908273399994, -11.01571797899993], [-74.70064773399997, -11.015566103999959], [-74.70192548399996, -11.01557760399993], [-74.70380898399998, -11.015589228999943], [-74.70556385899994, -11.015764728999955], [-74.70701448399996, -11.016080603999967], [-74.70909685899994, -11.016607103999945], [-74.71005610899994, -11.016747478999946], [-74.71072298399997, -11.016747478999946], [-74.71151848399995, -11.016607103999945], [-74.71181785899995, -11.016494353999974], [-74.71241935899997, -11.016267728999935], [-74.71372960899998, -11.015799853999965], [-74.71439635899998, -11.015671103999978], [-74.71477973399993, -11.015723978999972], [-74.71507485899997, -11.015764728999955], [-74.71554285899998, -11.015928478999967], [-74.71606935899996, -11.016560228999936], [-74.71650210899998, -11.01744935399995], [-74.71663085899996, -11.018151228999955], [-74.71672442399995, -11.019320357999959], [-74.71672448399994, -11.019321103999971], [-74.71695835899999, -11.019999728999949], [-74.71730935899996, -11.02038572899994], [-74.71778898399998, -11.020619728999975], [-74.71829210899995, -11.02058472899995], [-74.71901735899996, -11.020374103999927], [-74.71987135899997, -11.01984760399995], [-74.72039660899998, -11.01938797899993], [-74.72108798399995, -11.01878297899998], [-74.72167298399995, -11.017940728999974], [-74.72239835899995, -11.01720372899996], [-74.72328748399997, -11.016513478999968], [-74.72372035899997, -11.016349728999955], [-74.72410898399994, -11.01629335399997], [-74.72480823399997, -11.016525103999982], [-74.72678535899996, -11.01708672899997], [-74.72787335899994, -11.017215353999973], [-74.72881360899999, -11.017235353999979], [-74.72964085899997, -11.017230353999935], [-74.73019298399998, -11.017087603999926], [-74.73073960899995, -11.016876103999948], [-74.73140635899995, -11.01624435399998], [-74.73185098399995, -11.015752978999956], [-74.73206135899994, -11.015355228999965], [-74.73228373399996, -11.014536353999972], [-74.73241248399995, -11.013541978999967], [-74.73263473399999, -11.012395478999963], [-74.73295060899994, -11.01207960399995], [-74.73332498399998, -11.01193922899995], [-74.73390998399998, -11.011857353999972], [-74.73440123399996, -11.01191997899997], [-74.73522023399994, -11.012138103999973], [-74.73624973399995, -11.012699603999977], [-74.73678785899995, -11.012922103999927], [-74.73756010899996, -11.013144228999977], [-74.73837885899997, -11.013296353999976], [-74.73915098399993, -11.013296353999976], [-74.74022535899996, -11.013225853999927], [-74.74112810899999, -11.013027228999931], [-74.74248510899997, -11.012453978999929], [-74.74358485899995, -11.011950978999948], [-74.74487160899997, -11.01127235399997], [-74.74571398399996, -11.010749228999941], [-74.74571564999997, -11.010749136999948], [-74.74623760899993, -11.010720103999972], [-74.74623998399994, -11.01071997899993], [-74.74668998399994, -11.01071997899993], [-74.74692998399996, -11.010769978999974], [-74.74741998399998, -11.01104997899995], [-74.74775998399997, -11.011339978999956], [-74.74819998399994, -11.012139978999926], [-74.74871998399993, -11.01331997899996], [-74.74972998399994, -11.014949978999937], [-74.75009998399997, -11.015869978999945], [-74.75013998399999, -11.016509978999977], [-74.74948998399998, -11.018279978999942], [-74.74919998399997, -11.019589978999932], [-74.74915998399996, -11.020089978999977], [-74.74920998399995, -11.020279978999952], [-74.74931998399995, -11.02041997899994], [-74.74996998399996, -11.020729978999952], [-74.75015998399994, -11.020919978999927], [-74.75073510899995, -11.021887228999958], [-74.75081998399997, -11.022029978999967], [-74.75110998399998, -11.022949978999975], [-74.75122998399996, -11.024689978999959], [-74.75118998399995, -11.025429978999966], [-74.75106998399997, -11.027359978999925], [-74.75115635899994, -11.028184728999975], [-74.75135998399998, -11.03012997899998], [-74.75142885899999, -11.030377728999952], [-74.75170998399994, -11.031389978999925], [-74.75182748399999, -11.032666978999941], [-74.75186998399994, -11.033129728999938], [-74.75187085899995, -11.033131978999961], [-74.75231110899995, -11.034159853999938], [-74.75236023399998, -11.03466560399994], [-74.75231398399995, -11.035127603999968], [-74.75219385899999, -11.035598603999972], [-74.75187048399994, -11.036162353999941], [-74.75147323399995, -11.03676285399996], [-74.75120860899995, -11.037063603999968], [-74.75056923399995, -11.037789978999967], [-74.75053210899995, -11.037827853999943], [-74.75052998399997, -11.03782997899998], [-74.74979998399994, -11.039429978999976], [-74.74955998399997, -11.040639978999934], [-74.74955963099995, -11.040641745999949], [-74.74918998399994, -11.042489978999981], [-74.74894998399998, -11.043999978999977], [-74.74892998399997, -11.04441997899994], [-74.74924998399996, -11.04704997899995], [-74.74979998399994, -11.048609978999934], [-74.74988998399994, -11.049059978999935], [-74.74988998399994, -11.049169978999942], [-74.74987998399996, -11.049409978999961], [-74.74860998399998, -11.052669978999972], [-74.74810998399994, -11.05489997899997], [-74.74781998399999, -11.055889978999971], [-74.74737998399996, -11.05689997899998], [-74.74692998399996, -11.057939978999968], [-74.74644998399998, -11.060759978999954], [-74.74641998399994, -11.064069978999953], [-74.74593998399996, -11.06742997899994], [-74.74605998399994, -11.069219978999968], [-74.74622998399997, -11.06987997899995], [-74.74653998399998, -11.070289978999938], [-74.74687998399997, -11.070579978999945], [-74.74746998399996, -11.07092997899997], [-74.74820998399997, -11.071229978999952], [-74.74888998399996, -11.071429978999959], [-74.75261998399998, -11.07196997899996], [-74.75430998399997, -11.072309978999954], [-74.75543998399996, -11.072609978999935], [-74.75617998399997, -11.072669978999954], [-74.75704998399993, -11.072609978999935], [-74.75865998399996, -11.072139978999928], [-74.75981998399999, -11.071629978999965], [-74.76016998399996, -11.07154997899994], [-74.76152998399994, -11.071579978999978], [-74.76214998399996, -11.07172997899994], [-74.76264998399995, -11.072009978999972], [-74.76300998399995, -11.07238997899998], [-74.76342998399997, -11.07312997899993], [-74.76410998399996, -11.074619978999976], [-74.76434998399998, -11.075149978999946], [-74.76545998399996, -11.076399978999973], [-74.76668998399998, -11.077239978999955], [-74.76742998399999, -11.078909978999945], [-74.76762998399994, -11.079769978999934], [-74.76768998399996, -11.080709978999948], [-74.76679998399999, -11.083529978999934], [-74.76663998399994, -11.08447997899998], [-74.76675998399998, -11.084799978999968], [-74.76727998399997, -11.085429978999969], [-74.76750998399996, -11.085609978999969], [-74.76890998399995, -11.085989978999976], [-74.77138998399994, -11.086809978999952], [-74.77234998399996, -11.087189978999959], [-74.77400998399997, -11.087389978999965], [-74.77566998399993, -11.087339978999978], [-74.77647998399993, -11.08739997899994], [-74.77827998399994, -11.08772997899996], [-74.77927998399997, -11.08817997899996], [-74.77947437299997, -11.08851574099998], [-74.77960998399993, -11.088749978999942], [-74.77961998399996, -11.08903997899995], [-74.77939998399995, -11.089779978999957], [-74.77864998399997, -11.091499978999934], [-74.77842998399996, -11.09235997899998], [-74.77844998399996, -11.09246997899993], [-74.77847998399994, -11.092659978999961], [-74.77896998399996, -11.093859978999944], [-74.78031998399996, -11.09622997899993], [-74.78119998399995, -11.097029978999956], [-74.78317998399996, -11.098129978999964], [-74.78414998399995, -11.098849978999965], [-74.78473998399994, -11.099989978999929], [-74.78544998399997, -11.101649978999944], [-74.78569998399996, -11.101919978999945], [-74.78598998399997, -11.101969978999932], [-74.78624998399994, -11.10190997899997], [-74.78700998399995, -11.101269978999937], [-74.78754998399995, -11.100359978999961], [-74.78808998399995, -11.099149978999947], [-74.78863998399999, -11.098479978999933], [-74.78892998399994, -11.09823997899997], [-74.78943998399996, -11.097939978999932], [-74.79050998399998, -11.09772997899995], [-74.79138998399998, -11.097709978999944], [-74.79177998399996, -11.097759978999932], [-74.79271998399997, -11.098069978999945], [-74.79285998399996, -11.098359978999952], [-74.79287998399997, -11.09858997899994], [-74.79273998399998, -11.098959978999972], [-74.79240998399996, -11.099439978999953], [-74.79189998399994, -11.099869978999948], [-74.79152998399996, -11.100339978999955], [-74.79132998399996, -11.10070997899993], [-74.79129998399998, -11.101019978999943], [-74.79130046099993, -11.101021621999962], [-74.79140998399998, -11.10139997899995], [-74.79154998399997, -11.10163997899997], [-74.79233998399997, -11.102539978999971], [-74.79305998399997, -11.102959978999934], [-74.79330998399996, -11.10297997899994], [-74.79411998399996, -11.102749978999952], [-74.79506998399995, -11.102299978999952], [-74.79583998399994, -11.10217997899997], [-74.79621998399995, -11.102259978999939], [-74.79758998399996, -11.102899978999972], [-74.79866998399996, -11.102879978999965], [-74.79931010899998, -11.102809978999971], [-74.79958998399997, -11.102779978999934], [-74.80008998399995, -11.102819978999946], [-74.80036998399999, -11.102999978999947], [-74.80067998399994, -11.103379978999953], [-74.80111998399997, -11.104319978999968], [-74.80157998399994, -11.105089978999956], [-74.80178998399998, -11.105269978999956], [-74.80291998399997, -11.105689978999976], [-74.80461998399994, -11.106039978999945], [-74.80572998399998, -11.106159978999926], [-74.80654998399996, -11.106159978999926], [-74.80681998399996, -11.106259978999958], [-74.80690998399996, -11.106429978999927], [-74.80689998399998, -11.106619978999959], [-74.80656998399996, -11.10709997899994], [-74.80645998399996, -11.107419978999928], [-74.80649998399997, -11.10766997899998], [-74.80659961099997, -11.107769607999955], [-74.80660011299994, -11.107770107999954], [-74.80668998399995, -11.10784997899998], [-74.80698998399998, -11.107919978999973], [-74.80914735899995, -11.10786472899997], [-74.80932998399999, -11.107859978999954], [-74.81024998399994, -11.10787997899996], [-74.81041998399996, -11.10793997899998], [-74.81117998399998, -11.108879978999937], [-74.81153998399998, -11.109619978999945], [-74.81224998399995, -11.11145997899996], [-74.81298998399996, -11.112429978999955], [-74.81307223399995, -11.113005853999937], [-74.81287998399995, -11.113229978999982], [-74.81266998399997, -11.113569978999976], [-74.81228998399996, -11.113949978999926], [-74.81226998399995, -11.114299978999952], [-74.81232998399997, -11.114509978999934], [-74.81278998399995, -11.114869978999934], [-74.81475998399998, -11.11566997899996], [-74.81559998399996, -11.11610997899993], [-74.81629998399995, -11.116399978999937], [-74.81706998399994, -11.116839978999963], [-74.81774998399999, -11.11712997899997], [-74.81807998399995, -11.117509978999976], [-74.81809998399996, -11.117659978999939], [-74.81798998399995, -11.117879978999952], [-74.81659998399994, -11.119819978999942], [-74.81622998399996, -11.120509978999962], [-74.81595998399996, -11.121239978999938], [-74.81589998399994, -11.121549978999951], [-74.81590998399997, -11.12222997899994], [-74.81608998399997, -11.123259978999954], [-74.81619998399998, -11.12351997899998], [-74.81637998399998, -11.12353997899993], [-74.81661998399994, -11.12342997899998], [-74.81774998399999, -11.122469978999959], [-74.81861998399995, -11.121919978999927], [-74.81939998399997, -11.121799978999945], [-74.82017998399994, -11.121819978999952], [-74.82101998399997, -11.122399978999965], [-74.82125998399994, -11.122879978999947], [-74.82147998399995, -11.12351997899998], [-74.82159998399999, -11.123689978999948], [-74.82220998399998, -11.123959978999949], [-74.82269998399994, -11.12398997899993], [-74.82375998399993, -11.12434997899993], [-74.82385998399997, -11.124459978999937], [-74.82382998399999, -11.124839978999944], [-74.82359998399994, -11.12521997899995], [-74.82305998399994, -11.125429978999932], [-74.82284998399996, -11.125609978999933], [-74.82228998399995, -11.125839978999977], [-74.82209998399998, -11.12598997899994], [-74.82195998399999, -11.126319978999959], [-74.82205998399996, -11.126549978999947], [-74.82227998399998, -11.12661997899994], [-74.82318998399995, -11.12652997899994], [-74.82397998399995, -11.126549978999947], [-74.82527998399996, -11.127139978999935], [-74.82595998399995, -11.12718997899998], [-74.82613998399995, -11.12712997899996], [-74.82696998399996, -11.12649997899996], [-74.82758998399999, -11.125789978999933], [-74.82827998399995, -11.124729978999937], [-74.82875998399999, -11.124219978999975], [-74.82897998399994, -11.124089978999962], [-74.82991998399996, -11.124019978999968], [-74.83098998399998, -11.12425997899993], [-74.83110998399997, -11.12434997899993], [-74.83174998399994, -11.124809978999963], [-74.83280998399994, -11.125949978999927], [-74.83298998399994, -11.126049978999959], [-74.83345998399994, -11.126059978999933], [-74.83367998399996, -11.125929978999977], [-74.83484998399996, -11.124749978999944], [-74.83575998399994, -11.124039978999974], [-74.83642998399995, -11.123669978999942], [-74.83709998399996, -11.123669978999942], [-74.83724998399998, -11.123769978999974], [-74.83735998399999, -11.12396997899998], [-74.83742998399998, -11.124459978999937], [-74.83732998399995, -11.12512997899995], [-74.83702998399997, -11.126119978999952], [-74.83673998399996, -11.127519978999942], [-74.83670998399998, -11.128069978999974], [-74.83674998399994, -11.128449978999981], [-74.83733998399998, -11.129599978999977], [-74.83776998399998, -11.130189978999965], [-74.83890998399994, -11.130869978999954], [-74.83919998399995, -11.130959978999954], [-74.83990998399997, -11.130929978999973], [-74.84065998399996, -11.130459978999966], [-74.84138998399999, -11.129729978999933], [-74.84162998399995, -11.129259978999926], [-74.84160998399994, -11.128839978999963], [-74.84117998399995, -11.128039978999936], [-74.84022998399996, -11.12703997899996], [-74.84020998399996, -11.126699978999966], [-74.84027998399995, -11.126519978999966], [-74.84054998399995, -11.12634997899994], [-74.84148998399996, -11.12607997899994], [-74.84260998399998, -11.125669978999952], [-74.84306998399995, -11.12563997899997], [-74.84331998399995, -11.125689978999958], [-74.84427998399997, -11.126689978999934], [-74.84469998399999, -11.127379978999954], [-74.84497998399996, -11.127959978999968], [-74.84513998399996, -11.12816997899995], [-74.84543998399994, -11.128359978999981], [-74.84683998399998, -11.128899978999925], [-74.84736998399995, -11.129909978999933], [-74.84745998399995, -11.130299978999972], [-74.84746998399999, -11.13061997899996], [-74.84758998399997, -11.132859978999932], [-74.84778998399997, -11.134779978999973], [-74.84803998399997, -11.135819978999962], [-74.84820998399994, -11.136159978999956], [-74.84848998399997, -11.136339978999956], [-74.84946998399994, -11.136669978999976], [-74.85094998399995, -11.136989978999964], [-74.85168998399996, -11.137219978999951], [-74.85242998399997, -11.137519978999933], [-74.85326998399995, -11.138109978999978], [-74.85460998399998, -11.139379978999955], [-74.85476998399997, -11.139609978999943], [-74.85481998399996, -11.13992997899993], [-74.85472998399996, -11.140249978999975], [-74.85419998399993, -11.140869978999945], [-74.85356998399999, -11.141319978999945], [-74.85341998399997, -11.141799978999927], [-74.85344998399995, -11.141969978999953], [-74.85431998399997, -11.14276997899998], [-74.85465998399997, -11.143289978999974], [-74.85473998399993, -11.143529978999936], [-74.85464998399993, -11.14443997899997], [-74.85400998399996, -11.145519978999971], [-74.85359998399997, -11.146489978999966], [-74.85375998399996, -11.14735997899993], [-74.85423998399995, -11.147999978999962], [-74.85467998399997, -11.148149978999982], [-74.85580848399997, -11.148366353999961], [-74.85581148399996, -11.14836685399996], [-74.85581310899994, -11.148367228999973], [-74.85581385899997, -11.148367353999959], [-74.85586110899999, -11.148376353999936], [-74.85587998399996, -11.14837997899997], [-74.85606998399999, -11.14840997899995], [-74.85629998399997, -11.148359978999963], [-74.85670998399996, -11.148129978999975], [-74.85759998399999, -11.147259978999955], [-74.85809998399998, -11.146459978999928], [-74.85897998399997, -11.144039978999956], [-74.85928998399999, -11.143819978999943], [-74.85966998399994, -11.143809978999968], [-74.85988998399995, -11.143939978999981], [-74.86033998399995, -11.14437997899995], [-74.86116998399996, -11.145409978999965], [-74.86241998399998, -11.14664997899996], [-74.86273735899994, -11.146794603999979], [-74.86331998399999, -11.147059978999948], [-74.86432998399994, -11.147409978999974], [-74.86496998399997, -11.147859978999975], [-74.86504998399994, -11.148029978999944], [-74.86505998399997, -11.148199978999969], [-74.86470998399994, -11.14953997899994], [-74.86464998399998, -11.150069978999966], [-74.86469998399997, -11.150289978999979], [-74.86508998399995, -11.150869978999935], [-74.86586998399997, -11.151329978999968], [-74.86640998399997, -11.151769978999937], [-74.86703998399997, -11.152619978999951], [-74.86729060899995, -11.15314897899998], [-74.86739998399997, -11.153379978999965], [-74.86818998399997, -11.154649978999942], [-74.86842998399999, -11.154889978999961], [-74.86904998399996, -11.155169978999936], [-74.87078998399994, -11.155729978999943], [-74.87122998399997, -11.15577997899993], [-74.87156998399996, -11.155669978999981], [-74.87185998399997, -11.155429978999962], [-74.87198998399998, -11.155179978999968], [-74.87205998399997, -11.154649978999942], [-74.87205998399997, -11.153819978999934], [-74.87232998399998, -11.152449978999925], [-74.87264998399996, -11.151959978999969], [-74.87308410899993, -11.151908728999956], [-74.87336998399996, -11.15225997899995], [-74.87355998399994, -11.15276997899997], [-74.87355998399994, -11.153289978999965], [-74.87355998399994, -11.154659978999973], [-74.87367998399998, -11.155069978999961], [-74.87387998399998, -11.155259978999936], [-74.87418998399994, -11.155379978999974], [-74.87587998399994, -11.15532997899993], [-74.87670998399994, -11.155459978999943], [-74.87693998399999, -11.155669978999981], [-74.87793998399997, -11.157349978999946], [-74.87800998399996, -11.157699978999972], [-74.87789998399995, -11.158499978999942], [-74.87761998399998, -11.159369978999962], [-74.87731998399994, -11.160009978999938], [-74.87716998399998, -11.161239978999959], [-74.87722998399994, -11.161499978999927], [-74.87751998399995, -11.16195997899996], [-74.87799998399998, -11.16237997899998], [-74.87873998399994, -11.162709978999942], [-74.87945998399994, -11.16282997899998], [-74.88058998399998, -11.163019978999955], [-74.88167998399996, -11.16329997899993], [-74.88188998399994, -11.163349978999975], [-74.88248998399996, -11.16380997899995], [-74.88317998399998, -11.164749978999964], [-74.88410998399996, -11.16511997899994], [-74.88510998399994, -11.165419978999978], [-74.88678998399996, -11.165639978999934], [-74.88853998399998, -11.165969978999954], [-74.88926998399995, -11.166179978999935], [-74.89010998399993, -11.166649978999942], [-74.89037998399994, -11.166739978999942], [-74.89093998399994, -11.166829978999942], [-74.89359998399993, -11.167279978999943], [-74.89576998399997, -11.167529978999937], [-74.89685998399995, -11.167779978999931], [-74.89718998399997, -11.167709978999937], [-74.89761998399996, -11.167429978999962], [-74.89823998399999, -11.16669997899993], [-74.89853998399997, -11.166449978999935], [-74.89890998399994, -11.166459978999967], [-74.89913998399999, -11.166659978999974], [-74.89930998399996, -11.167069978999962], [-74.89934998399997, -11.167309978999981], [-74.89936998399997, -11.16747997899995], [-74.89927998399997, -11.168539978999945], [-74.89913998399999, -11.168939978999958], [-74.89858998399995, -11.169789978999972], [-74.89779998399996, -11.170769978999942], [-74.89777998399995, -11.170789978999949], [-74.89620998399994, -11.172079978999932], [-74.89388998399994, -11.17350997899996], [-74.89341435899996, -11.173886853999932], [-74.89311998399995, -11.174119978999954], [-74.89180998399996, -11.175639978999982], [-74.89105998399998, -11.177049978999946], [-74.89079998399995, -11.178129978999948], [-74.89062998399999, -11.17858997899998], [-74.89061998399995, -11.179109978999975], [-74.89072998399996, -11.179879978999963], [-74.89109998399994, -11.181189978999953], [-74.89141998399998, -11.181789978999973], [-74.89147998399994, -11.182059978999973], [-74.89147998399994, -11.182769978999943], [-74.89136998399994, -11.183609978999925], [-74.89132998399998, -11.184419978999927], [-74.89147998399994, -11.187009978999981], [-74.89136998399994, -11.188829978999934], [-74.89140998399995, -11.189139978999947], [-74.89142998399996, -11.189289978999966], [-74.89154998399994, -11.189619978999929], [-74.89181998399994, -11.19006997899993], [-74.89245998399997, -11.19049997899998], [-74.89414998399997, -11.190809978999937], [-74.89499210899999, -11.191330103999974], [-74.89555998399999, -11.191679978999957], [-74.89596998399998, -11.191709978999938], [-74.89647998399994, -11.191639978999945], [-74.89682998399996, -11.191519978999963], [-74.89742998399998, -11.19111997899995], [-74.89822998399995, -11.19042997899993], [-74.89825998399994, -11.190389978999974], [-74.89964998399995, -11.188769978999971], [-74.90067998399996, -11.18741997899997], [-74.90115998399995, -11.186989978999975], [-74.90192998399993, -11.186499978999962], [-74.90253998399999, -11.186279978999949], [-74.90362998399996, -11.186249978999967], [-74.90466998399995, -11.186639978999949], [-74.90498998399994, -11.186959978999937], [-74.90599998399995, -11.188599978999946], [-74.90600998399998, -11.191229978999957], [-74.90600998399998, -11.19129997899995], [-74.90592998399995, -11.19329997899996], [-74.90568998399993, -11.194049978999942], [-74.90528998399998, -11.194949978999944], [-74.90468998399996, -11.195889978999958], [-74.90426998399994, -11.196679978999953], [-74.90400998399997, -11.197399978999954], [-74.90370998399999, -11.198659978999956], [-74.90293998399994, -11.199899978999952], [-74.90280998399999, -11.200869978999947], [-74.90281998399996, -11.20102997899994], [-74.90285998399997, -11.20170997899993], [-74.90318610899999, -11.202577103999943], [-74.90329998399994, -11.202879978999931], [-74.90373998399997, -11.203769978999958], [-74.90519998399998, -11.205879978999974], [-74.90570998399994, -11.20678997899995], [-74.90605998399997, -11.207619978999958], [-74.90658998399994, -11.208429978999959], [-74.90716998399995, -11.209019978999947], [-74.90788998399995, -11.209439978999967], [-74.90871998399996, -11.210089978999974], [-74.90901998399994, -11.210559978999981], [-74.90970998399996, -11.211619978999977], [-74.91065998399995, -11.212379978999934], [-74.91097998399994, -11.212769978999972], [-74.91104998399999, -11.213079978999929], [-74.91090998399994, -11.21403997899995], [-74.91105998399996, -11.215749978999952], [-74.91098998399997, -11.215989978999971], [-74.91080998399997, -11.216149978999965], [-74.91005998399999, -11.21651997899994], [-74.90897998399998, -11.216949978999935], [-74.90818998399999, -11.21753997899998], [-74.90806998399995, -11.217709978999949], [-74.90802998399994, -11.217759978999936], [-74.90788998399995, -11.21878997899995], [-74.90793998399994, -11.219149978999951], [-74.90797998399995, -11.219289978999939], [-74.90803998399997, -11.219509978999952], [-74.90840998399995, -11.219979978999959], [-74.90915998399998, -11.22045997899994], [-74.90967998399998, -11.22093997899998], [-74.90998998399994, -11.221519978999936], [-74.91026998399997, -11.222429978999969], [-74.91024998399996, -11.22263997899995], [-74.91005998399999, -11.223009978999926], [-74.90959998399995, -11.223479978999933], [-74.90770998399995, -11.224899978999929], [-74.90746998399999, -11.22525997899993], [-74.90670998399997, -11.225939978999975], [-74.90624998399994, -11.226519978999931], [-74.90593998399999, -11.22735997899997], [-74.90574885899997, -11.22788572899998], [-74.90561998399994, -11.228239978999966], [-74.90517998399997, -11.231219978999945], [-74.90463998399997, -11.232479978999947], [-74.90387998399996, -11.233339978999936], [-74.90229998399997, -11.235109978999958], [-74.90245998399996, -11.235549978999927], [-74.90348998399998, -11.236619978999954], [-74.90353998399996, -11.237129978999974], [-74.90335998399996, -11.23743997899993], [-74.90272998399996, -11.23785997899995], [-74.90239998399994, -11.237969978999956], [-74.90180998399995, -11.23803997899995], [-74.90056998399996, -11.237919978999969], [-74.89997998399997, -11.237659978999943], [-74.89849998399995, -11.237019978999967], [-74.89752998399996, -11.236529978999954], [-74.89604998399994, -11.235579978999965], [-74.89460998399994, -11.234419978999938], [-74.89373998399998, -11.233879978999937], [-74.89341985899995, -11.233509728999934], [-74.89239335899998, -11.233428978999939], [-74.89122998399995, -11.233869978999962], [-74.89082998399994, -11.23400997899995], [-74.89061998399995, -11.234309978999931], [-74.89069998399998, -11.235619978999978], [-74.89059998399995, -11.236449978999929], [-74.89037998399994, -11.23714997899998], [-74.88951998399995, -11.238079978999963], [-74.88850998399994, -11.238859978999926], [-74.88808998399998, -11.239539978999971], [-74.88802998399996, -11.239849978999928], [-74.88806998399997, -11.240499978999935], [-74.88821998399999, -11.240919978999955], [-74.88841998399994, -11.241189978999955], [-74.88977998399997, -11.242349978999925], [-74.89145998399994, -11.243569978999972], [-74.89219998399994, -11.243869978999953], [-74.89303998399998, -11.244209978999947], [-74.89393998399999, -11.244749978999948], [-74.89418998399998, -11.245039978999955], [-74.89478998399994, -11.245999978999976], [-74.89486998399997, -11.246269978999976], [-74.89479998399997, -11.247489978999965], [-74.89458998399994, -11.248509978999948], [-74.89353998399997, -11.25072997899997], [-74.89323998399993, -11.25116997899994], [-74.89257998399995, -11.25212997899996], [-74.89161998399999, -11.253649978999931], [-74.89106998399996, -11.255539978999934], [-74.89093998399994, -11.256609978999961], [-74.89095998399995, -11.25851997899997], [-74.89125998399999, -11.25946997899996], [-74.89132998399998, -11.259629978999953], [-74.89188998399999, -11.260859978999974], [-74.89208998399994, -11.26185997899995], [-74.89222998399998, -11.263219978999928], [-74.89209998399997, -11.26376997899996], [-74.89178998399996, -11.264499978999936], [-74.89086910899994, -11.26614847899998], [-74.89058998399997, -11.266849978999971], [-74.89007998399995, -11.269149978999963], [-74.89005998399995, -11.269589978999932], [-74.89009973399999, -11.269689103999951], [-74.89010260899994, -11.269696353999962], [-74.89011998399997, -11.26973997899995], [-74.89013998399997, -11.269819978999976], [-74.89035998399999, -11.270089978999977], [-74.89121998399997, -11.270629978999978], [-74.89282998399995, -11.27119997899996], [-74.89389998399997, -11.271439978999979], [-74.89731998399998, -11.271859978999942], [-74.89799998399997, -11.271869978999973], [-74.89831998399995, -11.27179997899998], [-74.89993998399996, -11.271259978999979], [-74.90082998399998, -11.271249978999947], [-74.90167998399994, -11.271349978999979], [-74.90194998399994, -11.27137997899996], [-74.90241998399995, -11.271499978999941], [-74.90438998399998, -11.271989978999954], [-74.90482998399995, -11.272189978999961], [-74.90607998399997, -11.273529978999932], [-74.90685998399994, -11.273889978999932], [-74.90714998399994, -11.274029978999977], [-74.90738998399996, -11.27409997899997], [-74.91056998399995, -11.274979978999966], [-74.91320998399993, -11.275279978999947], [-74.91441998399995, -11.275529978999941], [-74.91504998399995, -11.27576997899996], [-74.91591998399997, -11.276329978999968], [-74.91729998399995, -11.27752997899995], [-74.91981998399996, -11.27919997899994], [-74.92049998399995, -11.279759978999948], [-74.92120048399994, -11.280335478999973], [-74.92245998399994, -11.281369978999976], [-74.92476998399997, -11.283589978999942], [-74.92550998399997, -11.28450997899995], [-74.92581998399999, -11.285029978999944], [-74.92644998399999, -11.286499978999927], [-74.92732998399998, -11.287389978999954], [-74.92811998399998, -11.288459978999981], [-74.92851998399993, -11.288619978999975], [-74.92904998399996, -11.28862997899995], [-74.92941998399994, -11.288439978999975], [-74.92957998399999, -11.288289978999956], [-74.93010535899998, -11.288208978999933], [-74.93122998399997, -11.288679978999937], [-74.93289998399996, -11.288949978999938], [-74.93361998399996, -11.28949997899997], [-74.93389998399994, -11.28958997899997], [-74.93491998399998, -11.289909978999958], [-74.93543998399997, -11.290169978999927], [-74.93678998399997, -11.291909978999968], [-74.93695998399994, -11.292019978999974], [-74.93782998399996, -11.292259978999937], [-74.93862998399999, -11.292579978999981], [-74.93908998399996, -11.292579978999981], [-74.93972998399994, -11.292469978999975], [-74.94023998399996, -11.292379978999975], [-74.94085998399999, -11.292379978999975], [-74.94153998399997, -11.29256997899995], [-74.94191998399998, -11.292609978999963], [-74.94212998399996, -11.292779978999931], [-74.94279998399998, -11.293099978999976], [-74.94345998399996, -11.293159978999938], [-74.94448998399997, -11.293139978999932], [-74.94517998399994, -11.293209978999926], [-74.94567998399998, -11.293369978999976], [-74.94618548399995, -11.293746103999979], [-74.94724998399994, -11.29459997899994], [-74.94808998399998, -11.295089978999954], [-74.94956998399994, -11.295409978999942], [-74.95035998399999, -11.29536997899993], [-74.95188998399993, -11.295489978999967], [-74.95341998399994, -11.295609978999948], [-74.95417998399995, -11.296279978999962], [-74.95440998399994, -11.296439978999956], [-74.95454998399998, -11.296539978999931], [-74.95498998399995, -11.296699978999982], [-74.95560998399998, -11.296909978999963], [-74.95675998399997, -11.297769978999952], [-74.95749998399998, -11.298079978999965], [-74.95896498399998, -11.298189978999972], [-74.96042998399997, -11.298299978999978], [-74.96094998399997, -11.298429978999934], [-74.96113998399994, -11.298529978999966], [-74.96169998399995, -11.298819978999973], [-74.96233998399998, -11.299039978999929], [-74.96423998399996, -11.299249978999967], [-74.96731998399997, -11.299949978999962], [-74.96780498399994, -11.30013447899995], [-74.96823998399998, -11.30029997899993], [-74.96913998399998, -11.300439978999975], [-74.96937998399994, -11.300479978999931], [-74.97055998399998, -11.300519978999944], [-74.97081998399995, -11.30059997899997], [-74.97327998399999, -11.30029997899993], [-74.97390998399999, -11.300289978999956], [-74.97450998399995, -11.300389978999931], [-74.97565998399995, -11.300579978999963], [-74.97716998399994, -11.300609978999944], [-74.97829998399999, -11.300619978999976], [-74.97974998399997, -11.30080997899995], [-74.98097998399999, -11.300249978999943], [-74.98199998399997, -11.300079978999975], [-74.98365998399998, -11.299929978999955], [-74.98469998399997, -11.299589978999961], [-74.98642998399998, -11.299179978999973], [-74.98678998399998, -11.298979978999967], [-74.98681473399995, -11.298975478999978], [-74.98700998399994, -11.298939978999954], [-74.98718998399994, -11.298769978999928], [-74.98745998399994, -11.298699978999935], [-74.98763998399994, -11.29853997899994], [-74.99024998399995, -11.298169978999965], [-74.99083998399993, -11.297889978999933], [-74.99096998399995, -11.297809978999965], [-74.99103010899995, -11.297773728999971], [-74.99159998399995, -11.297429978999958], [-74.99218998399994, -11.296969978999925], [-74.99245998399994, -11.296859978999976], [-74.99291998399997, -11.29686997899995], [-74.99353998399994, -11.297219978999976], [-74.99474010899996, -11.297296853999967], [-74.99596998399994, -11.297319978999951], [-74.99704998399994, -11.297419978999926], [-74.99748998399997, -11.297319978999951], [-74.99829998399997, -11.29695997899995], [-74.99883998399997, -11.296789978999982], [-74.99904998399995, -11.296719978999931], [-74.99944998399997, -11.296849978999944], [-74.99987910899995, -11.297115228999928], [-74.99997298399995, -11.297125853999944], [-75.00005023399996, -11.297125853999944], [-75.00018485899994, -11.297096103999934], [-75.00034335899994, -11.297026853999967], [-75.00057710899995, -11.296935728999927], [-75.00073560899995, -11.29688447899997], [-75.00154348399997, -11.296548978999965], [-75.00182998399998, -11.296429978999981], [-75.00305998399995, -11.296289978999937], [-75.00420998399994, -11.295859978999943], [-75.00435998399996, -11.29579997899998], [-75.00496998399996, -11.295719978999955], [-75.00626998399997, -11.295859978999943], [-75.00737998399995, -11.29606997899998], [-75.00812948399994, -11.296146603999944], [-75.00825998399995, -11.296159978999981], [-75.00917998399996, -11.29608997899993], [-75.01020998399997, -11.295779978999974], [-75.01077310899996, -11.29570747899993], [-75.01152998399994, -11.295609978999948], [-75.01243998399997, -11.295699978999949], [-75.01422998399994, -11.29614997899995], [-75.01461998399998, -11.296109978999937], [-75.01533998399998, -11.295859978999943], [-75.01551998399998, -11.295839978999936], [-75.01593998399994, -11.29597997899998], [-75.01719998399994, -11.296949978999976], [-75.01764110899995, -11.29721010399993], [-75.01797998399996, -11.297409978999951], [-75.01848998399998, -11.297919978999971], [-75.01940998399994, -11.29844997899994], [-75.01992360899999, -11.298686478999969], [-75.02003998399994, -11.298739978999947], [-75.02021935899995, -11.298768103999976], [-75.02105998399998, -11.298899978999941], [-75.02116148399995, -11.298942228999977], [-75.02153898399996, -11.299099603999935], [-75.02153973399999, -11.299099853999962], [-75.02154085899997, -11.299100603999932], [-75.02290260899997, -11.300264228999936], [-75.02373810899996, -11.300782728999934], [-75.02447760899997, -11.300974853999946], [-75.02590848399996, -11.30111885399998], [-75.02999835899993, -11.30182485399996], [-75.03170523399996, -11.301894103999928], [-75.03403510899994, -11.302562978999958], [-75.03601885899997, -11.30353185399997], [-75.03777185899997, -11.304131603999963], [-75.03890223399998, -11.303970103999973], [-75.04067835899997, -11.302632228999926], [-75.04167023399998, -11.301363478999974], [-75.04277748399994, -11.299195228999963], [-75.04416035899999, -11.297586228999933], [-75.04479823399998, -11.296685603999947], [-75.04523135899996, -11.296229228999948], [-75.04570298399994, -11.295732353999938], [-75.04691823399997, -11.29469697899998], [-75.04724285899994, -11.294428603999961], [-75.04973223399998, -11.29237072899997], [-75.04985660899996, -11.292347978999942], [-75.05065148399996, -11.292201853999927], [-75.05153335899996, -11.29227697899995], [-75.05277148399995, -11.29300847899998], [-75.05479748399995, -11.29362772899998], [-75.05620460899996, -11.293777728999942], [-75.05714260899998, -11.29370272899996], [-75.05866223399994, -11.293139853999946], [-75.06138485899999, -11.292414853999958], [-75.06195648399995, -11.292104478999931], [-75.06206848399995, -11.292043603999957], [-75.06281073399998, -11.291223228999968], [-75.06318185899994, -11.291047478999928], [-75.06359210899996, -11.291086478999944], [-75.06449073399995, -11.291184103999967], [-75.06550648399997, -11.290930228999969], [-75.06631873399994, -11.29037072899996], [-75.06638548399997, -11.290324728999963], [-75.06687385899994, -11.289191728999981], [-75.06763085899996, -11.28752622899998], [-75.06765523399997, -11.287472728999944], [-75.06864248399995, -11.28591935399993], [-75.06953923399993, -11.285106603999964], [-75.07150085899997, -11.283957728999951], [-75.07262173399994, -11.28292085399994], [-75.07371460899998, -11.280987228999948], [-75.07433110899996, -11.280230728999982], [-75.07704923399996, -11.27896960399994], [-75.07822623399994, -11.27863347899995], [-75.08089648399994, -11.277804728999968], [-75.08085198399993, -11.277290728999958], [-75.08083235899994, -11.277064103999976], [-75.08029985899998, -11.275354728999957], [-75.07774985899994, -11.270114478999972], [-75.07632398399994, -11.26794272899997], [-75.07589123399998, -11.267576478999956], [-75.07522035899996, -11.267148353999971], [-75.07346798399993, -11.266264103999958], [-75.07170085899998, -11.26537247899995], [-75.07073185899998, -11.264604978999955], [-75.06917810899995, -11.263292228999944], [-75.06758998399994, -11.262129978999951], [-75.06758898399994, -11.262129853999966], [-75.06730998399996, -11.26209997899997], [-75.06661998399994, -11.262239978999958], [-75.06600998399995, -11.262249978999932], [-75.06551998399993, -11.262379978999945], [-75.06453998399996, -11.262359978999939], [-75.06380998399999, -11.262109978999945], [-75.06225998399998, -11.26095997899995], [-75.06128998399998, -11.259709978999979], [-75.06088998399997, -11.259359978999953], [-75.06076473399997, -11.259293978999949], [-75.06054660899997, -11.25917885399997], [-75.05997998399994, -11.258879978999971], [-75.05942998399996, -11.258659978999958], [-75.05685998399997, -11.258169978999945], [-75.05435998399997, -11.256749978999949], [-75.05343998399997, -11.255989978999935], [-75.05278998399996, -11.255259978999959], [-75.05134998399996, -11.253919978999932], [-75.05092998399994, -11.253369978999956], [-75.05044998399995, -11.252439978999973], [-75.05026998399995, -11.25161997899994], [-75.05021998399997, -11.251059978999933], [-75.05026998399995, -11.25018997899997], [-75.05060998399995, -11.24853997899993], [-75.05051998399995, -11.247579978999966], [-75.05074998399994, -11.246759978999933], [-75.05053998399995, -11.244679978999955], [-75.05053998399995, -11.243819978999966], [-75.05079998399998, -11.24310997899994], [-75.05137998399994, -11.24110997899993], [-75.05151998399998, -11.239899978999972], [-75.05147998399997, -11.238379978999944], [-75.05152998399996, -11.23734997899993], [-75.05174998399997, -11.236359978999928], [-75.05182998399994, -11.235539978999952], [-75.05210998399997, -11.234589978999963], [-75.05123998399995, -11.233909978999975], [-75.05063998399999, -11.23331997899993], [-75.05019998399996, -11.232529978999935], [-75.05000998399998, -11.23188997899996], [-75.04986998399994, -11.230189978999931], [-75.04964998399998, -11.22926997899998], [-75.04925898399995, -11.228002978999939], [-75.04914998399994, -11.227649978999978], [-75.04750998399999, -11.224559978999935], [-75.04609998399997, -11.222509978999938], [-75.04572998399993, -11.221579978999955], [-75.04503998399997, -11.221039978999954], [-75.04446998399999, -11.220089978999965], [-75.04419998399999, -11.21884997899997], [-75.04324998399994, -11.21717997899998], [-75.04315998399994, -11.216859978999935], [-75.04319998399995, -11.21597997899994], [-75.04311998399999, -11.215699978999965], [-75.04256998399995, -11.215079978999938], [-75.04202998399995, -11.21430997899995], [-75.04148998399995, -11.21368997899998], [-75.04131998399998, -11.212879978999979], [-75.04139998399995, -11.212059978999946], [-75.04155998399995, -11.211569978999933], [-75.04198998399994, -11.210809978999976], [-75.04205998399993, -11.21045997899995], [-75.04203998399998, -11.21003997899993], [-75.04192760899997, -11.209658228999956], [-75.04055998399997, -11.208349978999934], [-75.04026998399996, -11.207809978999933], [-75.03994998399997, -11.206559978999962], [-75.03965998399997, -11.206059978999974], [-75.03854998399999, -11.204509978999965], [-75.03840998399994, -11.20380997899997], [-75.03827998399998, -11.203159978999963], [-75.03823998399997, -11.202449978999937], [-75.03830998399997, -11.200959978999947], [-75.03776998399997, -11.200589978999972], [-75.03709998399995, -11.19986997899997], [-75.03673998399995, -11.199389978999932], [-75.03629998399998, -11.198339978999968], [-75.03604998399999, -11.197869978999961], [-75.03580998399997, -11.197409978999929], [-75.03551998399996, -11.196479978999946], [-75.03555998399997, -11.195849978999945], [-75.03576998399996, -11.19481997899993], [-75.03579998399994, -11.193999978999955], [-75.03545998399994, -11.192479978999927], [-75.03568998399999, -11.191949978999958], [-75.03570998399994, -11.191339978999963], [-75.03551998399996, -11.19075997899995], [-75.03488998399996, -11.189709978999929], [-75.03449998399998, -11.188469978999933], [-75.03434998399996, -11.18702997899993], [-75.03406998399998, -11.186589978999962], [-75.03370998399998, -11.18630997899993], [-75.03339998399997, -11.186229978999961], [-75.03242998399998, -11.186249978999967], [-75.03154998399998, -11.18610997899998], [-75.03084998399999, -11.18559997899996], [-75.03056998399995, -11.185139978999928], [-75.03045998399995, -11.184609978999958], [-75.03046998399998, -11.184319978999952], [-75.03086998399993, -11.18350997899995], [-75.03130998399996, -11.18290997899993], [-75.03170998399997, -11.18252997899998], [-75.03248998399994, -11.182149978999973], [-75.03396998399995, -11.181729978999954], [-75.03436998399997, -11.181499978999966], [-75.03451998399999, -11.18132997899994], [-75.03476998399998, -11.180759978999959], [-75.03480998399993, -11.179829978999976], [-75.03494998399998, -11.179089978999968], [-75.03493998399995, -11.178119978999973], [-75.03488998399996, -11.177779978999979], [-75.03472998399997, -11.177419978999978], [-75.03449998399998, -11.177059978999978], [-75.03388998399998, -11.176419978999945], [-75.03366998399997, -11.176029978999964], [-75.03336998399999, -11.175459978999982], [-75.03268998399994, -11.174589978999961], [-75.03236998399996, -11.174299978999954], [-75.03175998399996, -11.173979978999967], [-75.03131998399994, -11.173649978999947], [-75.03098998399997, -11.172449978999964], [-75.03062885899999, -11.172009728999967], [-75.03037998399998, -11.17159997899995], [-75.02940998399998, -11.17099997899993], [-75.02890998399994, -11.17081997899993], [-75.02870998399999, -11.170669978999967], [-75.02817998399996, -11.16968997899994], [-75.02763998399996, -11.168839978999927], [-75.02712998399994, -11.167469978999975], [-75.02690998399999, -11.166329978999954], [-75.02696998399995, -11.16571997899996], [-75.02780998399999, -11.164039978999938], [-75.02783998399997, -11.163639978999981], [-75.02774998399997, -11.163329978999968], [-75.02640998399994, -11.161559978999946], [-75.02456998399998, -11.158449978999954], [-75.02301998399997, -11.156849978999958], [-75.02278335899996, -11.156465853999975], [-75.02224998399998, -11.15559997899993], [-75.02184998399997, -11.155099978999942], [-75.02015998399997, -11.153419978999978], [-75.01962998399995, -11.152759978999939], [-75.01929998399999, -11.152099978999956], [-75.01910998399995, -11.151149978999968], [-75.01880998399997, -11.150349978999941], [-75.01757998399995, -11.147999978999962], [-75.01724998399999, -11.147039978999942], [-75.01709998399997, -11.146449978999954], [-75.01649998399995, -11.145299978999958], [-75.01589998399999, -11.144479978999982], [-75.01465998399993, -11.143289978999974], [-75.01427998399998, -11.142829978999941], [-75.01377998399994, -11.141799978999927], [-75.01372998399995, -11.141059978999976], [-75.01382998399998, -11.14049997899997], [-75.01398998399998, -11.140209978999962], [-75.01418998399998, -11.14001997899993], [-75.01457998399997, -11.139789978999943], [-75.01478998399995, -11.139719978999949], [-75.01499998399999, -11.139769978999936], [-75.01639998399997, -11.140849978999938], [-75.01714998399996, -11.141329978999977], [-75.01777998399996, -11.14148997899997], [-75.01827998399995, -11.14147997899994], [-75.01857998399998, -11.14139997899997], [-75.01901998399995, -11.141139978999945], [-75.01985998399994, -11.140379978999931], [-75.02058998399997, -11.139399978999961], [-75.02076998399997, -11.138779978999935], [-75.02072998399996, -11.137669978999952], [-75.02061998399995, -11.137169978999964], [-75.02032998399994, -11.136399978999975], [-75.01993998399996, -11.13569997899998], [-75.01935148399997, -11.134749978999935], [-75.01856998399995, -11.13386997899994], [-75.01785998399998, -11.132169978999968], [-75.01689998399996, -11.131059978999929], [-75.01620998399994, -11.13010997899994], [-75.01572998399996, -11.129119978999938], [-75.01534998399995, -11.127619978999974], [-75.01526998399999, -11.126829978999979], [-75.01528998399993, -11.126029978999952], [-75.01547998399997, -11.124739978999969], [-75.01552998399995, -11.124029978999943], [-75.01553185899996, -11.124026478999951], [-75.01586148399997, -11.123403603999975], [-75.01591148399996, -11.123309228999972], [-75.01607410899999, -11.12261622899996], [-75.01602460899994, -11.122036478999973], [-75.01581248399998, -11.121527478999951], [-75.01532998399995, -11.121089978999976], [-75.01532035899999, -11.121069103999957], [-75.01520998399997, -11.12082997899995], [-75.01503998399994, -11.12058997899993], [-75.01427998399998, -11.119829978999974], [-75.01362998399998, -11.119589978999954], [-75.01293998399996, -11.11960997899996], [-75.01162998399997, -11.119979978999936], [-75.01080998399993, -11.120089978999943], [-75.01004998399998, -11.120019978999949], [-75.00934998399998, -11.11975997899998], [-75.00876998399997, -11.11930997899998], [-75.00839998399994, -11.118769978999978], [-75.00750998399997, -11.117799978999926], [-75.00711998399998, -11.117599978999976], [-75.00668998399993, -11.117469978999964], [-75.00527998399997, -11.11733997899995], [-75.00465998399994, -11.117139978999944], [-75.00365998399997, -11.11637997899993], [-75.00229998399993, -11.114929978999953], [-75.00177998399994, -11.114609978999965], [-75.00070998399997, -11.114129978999927], [-74.99999998399994, -11.113299978999976], [-74.99988998399994, -11.113169978999963], [-74.99960998399996, -11.11250997899998], [-74.99908998399997, -11.111749978999967], [-74.99842998399998, -11.110329978999971], [-74.99835998399993, -11.109809978999976], [-74.99851998399998, -11.109509978999938], [-74.99862998399993, -11.109069978999969], [-74.99866998399995, -11.10876997899993], [-74.99862998399993, -11.10811997899998], [-74.99849998399998, -11.10757997899998], [-74.99834998399996, -11.107499978999954], [-74.99806998399998, -11.107199978999972], [-74.99773998399996, -11.107059978999928], [-74.99619998399999, -11.107089978999966], [-74.99422998399996, -11.107529978999935], [-74.99341998399996, -11.107349978999935], [-74.99326998399994, -11.10709997899994], [-74.99290998399994, -11.106059978999951], [-74.99263173399999, -11.105870728999946], [-74.99240998399995, -11.105719978999957], [-74.99132998399995, -11.105439978999982], [-74.99094998399994, -11.105289978999963], [-74.99022998399994, -11.104759978999937], [-74.99006998399994, -11.10453997899998], [-74.98988998399994, -11.103919978999954], [-74.98986998399994, -11.103869978999967], [-74.98996998399997, -11.102389978999952], [-74.99008998399995, -11.10172997899997], [-74.99055998399996, -11.100879978999956], [-74.99074998399993, -11.100669978999974], [-74.99115998399998, -11.100399978999974], [-74.99131998399997, -11.100289978999967], [-74.99217998399996, -11.099919978999935], [-74.99272998399994, -11.099849978999941], [-74.99386998399996, -11.09990997899996], [-74.99461998399994, -11.099709978999954], [-74.99653998399998, -11.098649978999958], [-74.99728998399996, -11.098169978999977], [-74.99833998399998, -11.097389978999956], [-74.99999998399994, -11.09665997899998], [-75.00107998399994, -11.096289978999948], [-75.00333998399998, -11.095209978999947], [-75.00425998399999, -11.094249978999926], [-75.00470998399999, -11.093499978999944], [-75.00482998399997, -11.093199978999962], [-75.00493998399998, -11.092399978999936], [-75.00482998399997, -11.09175997899996], [-75.00364998399994, -11.089989978999938], [-75.00327998399996, -11.089609978999931], [-75.00325823399999, -11.089547978999974], [-75.00232773399995, -11.08705522899993], [-75.00186048399996, -11.085551728999974], [-75.00186010899995, -11.085549728999979], [-75.00186010899995, -11.08554860399994], [-75.00188998399994, -11.085049978999962], [-75.00236998399998, -11.082639978999964], [-75.00236998399998, -11.081629978999956], [-75.00230998399996, -11.081359978999956], [-75.00188998399994, -11.080419978999942], [-75.00080998399994, -11.080049978999966], [-74.99999998399994, -11.07975997899996], [-74.99978998399996, -11.07951997899994], [-74.99951998399996, -11.079099978999977], [-74.99944998399997, -11.078669978999926], [-74.99943998399993, -11.078139978999957], [-74.99999998399994, -11.077359978999937], [-75.00129998399996, -11.07626997899996], [-75.00204998399994, -11.07557997899994], [-75.00242998399995, -11.075119978999965], [-75.00265998399993, -11.074279978999925], [-75.00266998399997, -11.073339978999968], [-75.00267998399994, -11.072399978999954], [-75.00221998399996, -11.071559978999971], [-75.00172998399995, -11.070959978999952], [-75.00080998399994, -11.070099978999963], [-75.00043998399997, -11.069809978999956], [-75.00020173399997, -11.069333478999965], [-75.00014510899996, -11.069220353999981], [-75.00014510899996, -11.069165478999935], [-75.00016423399995, -11.069060853999929], [-75.00028848399995, -11.068856478999976], [-75.00055998399995, -11.068409978999966], [-75.00166998399999, -11.066929978999951], [-75.00216998399998, -11.066059978999931], [-75.00227998399998, -11.065149978999955], [-75.00207998399998, -11.064469978999966], [-75.00193998399999, -11.064229978999947], [-75.00159998399994, -11.063809978999927], [-75.00067998399999, -11.062999978999926], [-75.00058998399999, -11.062919978999957], [-75.00042998399994, -11.06241997899997], [-75.00042998399994, -11.062219978999963], [-75.00060998399994, -11.06193997899993], [-75.00095998399996, -11.061599978999936], [-75.00159998399994, -11.061269978999974], [-75.00208998399995, -11.06110997899998], [-75.00266998399997, -11.061059978999936], [-75.00367998399997, -11.06083997899998], [-75.00399998399996, -11.060579978999954], [-75.00505998399996, -11.059709978999933], [-75.00532998399996, -11.05954997899994], [-75.00551998399999, -11.059319978999952], [-75.00574998399998, -11.058889978999957], [-75.00600998399995, -11.05865997899997], [-75.00656998399995, -11.058139978999975], [-75.00861998399995, -11.056719978999979], [-75.00936998399999, -11.055819978999978], [-75.00962998399996, -11.055319978999933], [-75.00959998399998, -11.054689978999932], [-75.00923998399998, -11.054359978999969], [-75.00866998399994, -11.054349978999937], [-75.00570998399996, -11.05447997899995], [-75.00423998399998, -11.054319978999956], [-75.00344998399999, -11.054129978999981], [-75.00278998399995, -11.05385997899998], [-75.00268998399997, -11.053739978999943], [-75.00252998399998, -11.05331997899998], [-75.00235698399996, -11.052372353999942], [-75.00231998399994, -11.052169978999927], [-75.00244998399995, -11.05000997899998], [-75.00255998399996, -11.049459978999948], [-75.00265998399993, -11.049249978999967], [-75.00304998399997, -11.048899978999941], [-75.00369998399998, -11.048809978999941], [-75.00417998399996, -11.048579978999953], [-75.00425998399999, -11.04841997899996], [-75.00433998399996, -11.047929978999946], [-75.00430998399997, -11.04764997899997], [-75.00394998399997, -11.047129978999976], [-75.00300998399996, -11.046209978999968], [-75.00282998399996, -11.04617997899993], [-75.00230998399996, -11.046389978999969], [-75.00119998399998, -11.047399978999977], [-75.00070998399997, -11.047749978999946], [-74.99999998399994, -11.048239978999959], [-74.99962998399997, -11.04835997899994], [-74.99925998399993, -11.048379978999947], [-74.99899998399997, -11.048259978999965], [-74.99880998399993, -11.048029978999978], [-74.99854998399996, -11.047789978999958], [-74.99821998399995, -11.04710997899997], [-74.99787998399995, -11.046639978999963], [-74.99759998399998, -11.046639978999963], [-74.99710998399996, -11.046849978999944], [-74.99666998399994, -11.047789978999958], [-74.99645998399996, -11.047969978999959], [-74.99609998399995, -11.048079978999965], [-74.99520998399998, -11.04799997899994], [-74.99461998399994, -11.04781997899994], [-74.99434998399994, -11.04764997899997], [-74.99420998399995, -11.047549978999939], [-74.99393998399995, -11.047169978999932], [-74.99390998399997, -11.046979978999957], [-74.99397998399996, -11.046799978999957], [-74.99462998399997, -11.04581997899993], [-74.99480998399997, -11.045229978999942], [-74.99488998399994, -11.044559978999928], [-74.99485998399996, -11.04438997899996], [-74.99461998399994, -11.04396997899994], [-74.99400998399994, -11.043219978999957], [-74.99399998399997, -11.042729978999944], [-74.99426998399997, -11.041869978999955], [-74.99448998399998, -11.041649978999942], [-74.99490998399995, -11.040869978999979], [-74.99503998399996, -11.040449978999959], [-74.99497998399994, -11.04020997899994], [-74.99504998399993, -11.040139978999946], [-74.99512998399996, -11.039919978999933], [-74.99513998399993, -11.039659978999964], [-74.99502998399998, -11.039209978999963], [-74.99480998399997, -11.038889978999975], [-74.99426998399997, -11.038489978999962], [-74.99311998399997, -11.03793997899993], [-74.99238998399994, -11.037479978999954], [-74.99218998399994, -11.03728997899998], [-74.99187998399998, -11.036839978999978], [-74.99186998399995, -11.036429978999934], [-74.99207998399999, -11.035499978999951], [-74.99205998399998, -11.035389978999945], [-74.99183010899998, -11.03424997899998], [-74.99127998399996, -11.033759978999967], [-74.99055998399996, -11.033549978999929], [-74.99018998399998, -11.033279978999929], [-74.99006998399994, -11.032629978999978], [-74.99021998399996, -11.032209978999958], [-74.99071998399995, -11.031649978999951], [-74.99092998399993, -11.030069978999961], [-74.99117998399998, -11.029449978999935], [-74.99130998399994, -11.02889997899996], [-74.99133998399998, -11.028439978999927], [-74.99117998399998, -11.027449978999925], [-74.99123998399995, -11.02707997899995], [-74.99148998399994, -11.02654997899998], [-74.99217998399996, -11.025959978999936], [-74.99276998399995, -11.025599978999935], [-74.99313998399998, -11.025159978999966], [-74.99326998399994, -11.024749978999978], [-74.99328998399994, -11.023979978999932], [-74.99378998399999, -11.022239978999949], [-74.99387998399999, -11.021629978999954], [-74.99378998399999, -11.021239978999972], [-74.99313998399998, -11.020219978999933], [-74.99280998399996, -11.019359978999944], [-74.99253998399996, -11.017789978999929], [-74.99213998399995, -11.016439978999927], [-74.99193998399994, -11.016069978999951], [-74.99194998399997, -11.015099978999956], [-74.99184998399994, -11.014259978999974], [-74.99189998399999, -11.013929978999954], [-74.99166998399994, -11.013549978999947], [-74.99073998399996, -11.012939978999952], [-74.99033998399995, -11.01254997899997], [-74.99031998399994, -11.012149978999958], [-74.99074998399993, -11.01089997899993], [-74.99074998399993, -11.010169978999954], [-74.99024998399995, -11.009369978999928], [-74.98962998399998, -11.00770997899997], [-74.98951998399997, -11.007269978999943], [-74.98936998399995, -11.006679978999955], [-74.98868998399996, -11.005659978999972], [-74.98843998399997, -11.005059978999952], [-74.98792998399995, -11.004109978999963], [-74.98761998399993, -11.00376997899997], [-74.98728998399997, -11.003669978999937], [-74.98587998399995, -11.003729978999957], [-74.98567973399997, -11.003669978999937], [-74.98537998399996, -11.00346997899993], [-74.98517998399996, -11.003159978999975], [-74.98511998399994, -11.002809978999949], [-74.98514998399997, -11.00239997899996], [-74.98530023399996, -11.002109853999968], [-74.98598985899997, -11.001415228999974], [-74.98632585899998, -11.001129978999927], [-74.98648435899997, -11.000806728999976], [-74.98654773399994, -11.000496228999964], [-74.98652235899993, -10.999976353999955], [-74.98631310899998, -10.999304353999946], [-74.98590748399994, -10.998746478999976], [-74.98560323399994, -10.998626103999982], [-74.98447485899999, -10.99852472899994], [-74.98408173399997, -10.998366228999942], [-74.98380285899998, -10.998118978999969], [-74.98349223399998, -10.997592853999947], [-74.98293448399994, -10.997060353999927], [-74.98259848399994, -10.996521478999966], [-74.98260473399995, -10.996293353999931], [-74.98266085899996, -10.996101978999945], [-74.98319435899998, -10.995545353999944], [-74.98348598399997, -10.99524097899996], [-74.98364435899998, -10.99490510399994], [-74.98377748399997, -10.99439160399993], [-74.98378385899997, -10.994106353999939], [-74.98372685899994, -10.99368160399996], [-74.98353660899994, -10.993307603999938], [-74.98323235899994, -10.992825853999932], [-74.98291548399999, -10.992413853999949], [-74.98252235899997, -10.99212222899996], [-74.98218635899997, -10.992134853999971], [-74.98146373399999, -10.993098478999968], [-74.98101373399999, -10.99395422899994], [-74.98019598399998, -10.99531710399998], [-74.98005648399999, -10.995462853999982], [-74.97979035899994, -10.995545353999944], [-74.97947960899995, -10.995507353999926], [-74.97864923399999, -10.994917728999951], [-74.97781873399998, -10.994233103999932], [-74.97761598399995, -10.994125353999948], [-74.97707710899994, -10.993992228999957], [-74.97664610899994, -10.994176103999962], [-74.97565710899994, -10.994828978999976], [-74.97348923399994, -10.995247353999957], [-74.97293773399997, -10.995456603999969], [-74.97255735899995, -10.995792478999931], [-74.97213898399997, -10.996109478999927], [-74.97182835899997, -10.996204603999956], [-74.97154310899998, -10.99617922899995], [-74.97135298399996, -10.996020728999952], [-74.97102335899996, -10.99534247899993], [-74.97078235899994, -10.994733853999946], [-74.97076973399999, -10.993630853999946], [-74.97082048399994, -10.992185478999943], [-74.97092810899994, -10.991437603999941], [-74.97090285899998, -10.991190353999968], [-74.97067460899996, -10.990860728999962], [-74.97011685899997, -10.99044872899998], [-74.96987598399994, -10.990195103999952], [-74.96979348399998, -10.989783103999969], [-74.96976185899996, -10.98894635399995], [-74.96977448399997, -10.988527978999969], [-74.96968573399994, -10.988350478999962], [-74.96941948399996, -10.988274353999941], [-74.96901385899997, -10.98828072899994], [-74.96825948399999, -10.988787853999952], [-74.96793610899994, -10.988895603999936], [-74.96755585899996, -10.988895603999936], [-74.96709935899997, -10.98882585399997], [-74.96672535899995, -10.988686478999966], [-74.96635773399998, -10.988375853999969], [-74.96614223399996, -10.988052478999975], [-74.96601548399997, -10.987291853999977], [-74.96609148399995, -10.98650572899993], [-74.96603448399998, -10.986283853999964], [-74.96581260899995, -10.986023978999981], [-74.96491873399998, -10.985592978999932], [-74.96474123399997, -10.985390103999976], [-74.96452573399995, -10.984895603999973], [-74.96416435899994, -10.98447097899998], [-74.96391085899995, -10.98431885399998], [-74.96346073399997, -10.984230103999948], [-74.96249085899996, -10.984255478999955], [-74.96168585899994, -10.983982853999976], [-74.96134985899994, -10.98380535399997], [-74.96103285899994, -10.98353910399993], [-74.96085535899994, -10.983209478999981], [-74.96063985899997, -10.981916353999964], [-74.96057010899995, -10.981098603999953], [-74.96063985899997, -10.98020472899998], [-74.96070323399994, -10.979906853999978], [-74.96117235899999, -10.979545478999967], [-74.96226898399993, -10.978981353999927], [-74.96249285899995, -10.978292228999976], [-74.96255360899994, -10.97782572899996], [-74.96250285899998, -10.977597353999954], [-74.96214285899998, -10.977338853999981], [-74.96032235899997, -10.976664353999979], [-74.96002810899995, -10.976466603999938], [-74.95973910899994, -10.97614710399995], [-74.95953623399998, -10.97582760399996], [-74.95950585899999, -10.974793103999957], [-74.95940948399993, -10.974422853999954], [-74.95911535899995, -10.973925853999958], [-74.95856760899994, -10.973530353999934], [-74.95815185899994, -10.973393353999938], [-74.95772073399996, -10.973408603999928], [-74.95726935899995, -10.973560728999928], [-74.95704123399997, -10.973966478999955], [-74.95701073399994, -10.974549603999947], [-74.95722373399997, -10.975355978999971], [-74.95758385899995, -10.976486853999972], [-74.95754835899999, -10.976846978999959], [-74.95746210899995, -10.97705485399996], [-74.95720348399993, -10.977212103999932], [-74.95687873399999, -10.977257728999973], [-74.95656960899998, -10.97714110399994], [-74.95585948399997, -10.976141978999976], [-74.95523585899997, -10.97582247899993], [-74.95487573399998, -10.975553728999955], [-74.95314135899997, -10.974564853999937], [-74.95288273399996, -10.97451410399998], [-74.95266973399998, -10.974549603999947], [-74.95153885899998, -10.975345853999954], [-74.95124473399994, -10.975528353999948], [-74.95094548399999, -10.975579103999962], [-74.95070723399994, -10.975563853999972], [-74.95048910899999, -10.975477728999977], [-74.95002260899997, -10.975107603999959], [-74.94986535899994, -10.97476772899995], [-74.94971323399994, -10.974128728999972], [-74.94992110899994, -10.971400353999968], [-74.94992623399997, -10.97103022899995], [-74.94986023399997, -10.970695478999971], [-74.94971323399994, -10.97049772899993], [-74.94944448399997, -10.970310103999964], [-74.94885623399995, -10.970147853999947], [-74.94864823399996, -10.970051478999949], [-74.94849610899996, -10.96989935399995], [-74.94844035899996, -10.969691353999963], [-74.94848073399999, -10.969518978999929], [-74.94895248399996, -10.968976353999949], [-74.94909448399994, -10.968692353999927], [-74.94908948399996, -10.968484478999926], [-74.94895760899993, -10.968393103999972], [-74.94872435899998, -10.968377978999968], [-74.94810060899994, -10.968560478999962], [-74.94622423399994, -10.969310978999943], [-74.94456573399998, -10.969919603999926], [-74.94414498399993, -10.97011235399998], [-74.94373923399996, -10.970330353999941], [-74.94348060899995, -10.970350603999975], [-74.94320685899999, -10.970193478999931], [-74.94290760899997, -10.969843478999962], [-74.94255260899996, -10.969361728999957], [-74.94214698399998, -10.968737978999968], [-74.94186285899997, -10.968230853999955], [-74.94169560899996, -10.967480353999974], [-74.94169560899996, -10.967196353999952], [-74.94200485899995, -10.966608103999931], [-74.94226860899994, -10.966237853999928], [-74.94241573399995, -10.965984228999957], [-74.94244610899995, -10.965669853999941], [-74.94245123399998, -10.965335228999948], [-74.94231935899995, -10.965117103999944], [-74.94198460899997, -10.96491935399996], [-74.94129998399995, -10.964701228999957], [-74.93949460899995, -10.963823978999926], [-74.93924610899995, -10.963732603999972], [-74.93865785899999, -10.963671728999941], [-74.93844210899994, -10.963630228999932], [-74.93789210899996, -10.96322035399993], [-74.93763348399995, -10.963027728999975], [-74.93727848399999, -10.962976978999961], [-74.93693360899994, -10.962961853999957], [-74.93679673399998, -10.962829978999935], [-74.93666998399993, -10.962206228999946], [-74.93653298399994, -10.962023603999967], [-74.93634535899997, -10.961927228999969], [-74.93603098399996, -10.961937478999971], [-74.93458560899995, -10.962850228999969], [-74.93325698399997, -10.963382728999932], [-74.93295773399996, -10.963423353999929], [-74.93264848399997, -10.963382728999932], [-74.93220210899995, -10.96322547899996], [-74.93187760899997, -10.96307335399996], [-74.93168485899997, -10.962855353999942], [-74.93156823399994, -10.96263222899995], [-74.93151760899997, -10.961714228999938], [-74.93158348399999, -10.961207103999982], [-74.93189285899996, -10.960573228999976], [-74.93268398399994, -10.95941197899998], [-74.93277510899998, -10.959158353999953], [-74.93280560899996, -10.958909853999955], [-74.93277510899998, -10.958625853999933], [-74.93263310899994, -10.958357228999944], [-74.93247098399996, -10.958184728999981], [-74.93210073399996, -10.95797172899995], [-74.93159360899995, -10.95788547899997], [-74.93078223399993, -10.95788547899997], [-74.93029535899996, -10.957824603999939], [-74.92993535899996, -10.957672478999939], [-74.92969698399997, -10.957479728999942], [-74.92955998399998, -10.957175478999943], [-74.92946873399995, -10.956764728999929], [-74.92943323399999, -10.955963478999934], [-74.92928110899999, -10.955562853999936], [-74.92909348399996, -10.955476603999955], [-74.92889573399998, -10.955456353999978], [-74.92833273399998, -10.95597360399995], [-74.92812473399994, -10.956064853999976], [-74.92691785899996, -10.956075103999979], [-74.92648173399994, -10.956252478999943], [-74.92620285899994, -10.95666835399993], [-74.92609635899998, -10.957134978999932], [-74.92614198399997, -10.957789103999971], [-74.92614198399997, -10.958220228999949], [-74.92605573399999, -10.958422978999977], [-74.92583260899994, -10.958554853999942], [-74.92558410899994, -10.958610728999929], [-74.92533573399999, -10.958585353999979], [-74.92506685899997, -10.958417978999933], [-74.92444810899997, -10.957844978999958], [-74.92417435899995, -10.957652228999962], [-74.92369760899999, -10.95759135399993], [-74.92250085899997, -10.95803760399997], [-74.92172998399997, -10.958179603999952], [-74.92144598399994, -10.958179603999952], [-74.92128885899996, -10.958103603999973], [-74.92121273399994, -10.957789103999971], [-74.92124310899999, -10.957307353999965], [-74.92147135899995, -10.956576978999976], [-74.92178073399998, -10.956181603999937], [-74.92217398399998, -10.955793978999964], [-74.92232285899996, -10.955575728999975], [-74.92236260899995, -10.955248228999949], [-74.92217398399998, -10.954990228999975], [-74.92178698399994, -10.954821478999975], [-74.92105260899996, -10.954821478999975], [-74.91915710899997, -10.955079478999949], [-74.91873048399998, -10.955049728999938], [-74.91845260899998, -10.95493060399997], [-74.91820448399994, -10.954523728999959], [-74.91780760899996, -10.954027603999975], [-74.91742048399993, -10.95372985399996], [-74.91586248399994, -10.95353135399995], [-74.91543585899996, -10.953412353999965], [-74.91490985899998, -10.953094728999929], [-74.91475235899998, -10.952817103999962], [-74.91480073399998, -10.95246960399993], [-74.91485035899996, -10.952112478999936], [-74.91479085899994, -10.951854353999977], [-74.91460098399995, -10.951650228999938], [-74.91425485899998, -10.951477228999977], [-74.91377848399998, -10.951238978999982], [-74.91334185899996, -10.950881728999946], [-74.91286560899994, -10.950286353999957], [-74.91228985899994, -10.948619228999974], [-74.91190298399994, -10.947755853999979], [-74.91173423399994, -10.947011478999968], [-74.91156560899998, -10.945860228999948], [-74.91160523399998, -10.944917603999954], [-74.91154573399996, -10.944312228999934], [-74.91133735899996, -10.943885603999945], [-74.91101973399998, -10.943627603999971], [-74.91067235899999, -10.94361760399994], [-74.90997773399994, -10.94419322899995], [-74.90960060899994, -10.94442147899997], [-74.90932273399994, -10.944510728999944], [-74.90905485899998, -10.94442147899997], [-74.90901510899994, -10.944103978999976], [-74.90927323399995, -10.943508478999945], [-74.90941210899996, -10.94305197899996], [-74.90942198399995, -10.94261535399994], [-74.90934260899996, -10.94224810399993], [-74.90911435899994, -10.942089353999961], [-74.90870748399993, -10.942059603999951], [-74.90804260899995, -10.942138978999935], [-74.90754648399997, -10.942307728999936], [-74.90708998399998, -10.94267485399996], [-74.90646473399994, -10.94329010399997], [-74.90594860899995, -10.944709228999955], [-74.90577010899995, -10.945086353999955], [-74.90550210899994, -10.945235228999934], [-74.90524410899997, -10.94521535399997], [-74.90493648399996, -10.945056603999944], [-74.90461898399997, -10.944738978999965], [-74.90434110899997, -10.944064228999935], [-74.90424185899997, -10.94327022899995], [-74.90424185899997, -10.942377103999945], [-74.90418235899995, -10.941801603999977], [-74.90408298399996, -10.941503853999961], [-74.90381085899998, -10.941391728999974], [-74.90352735899995, -10.941493978999972], [-74.90267385899995, -10.941801603999977], [-74.90238610899996, -10.941801603999977], [-74.90198923399998, -10.94162297899993], [-74.90181048399995, -10.941225978999967], [-74.90184035899995, -10.940670228999977], [-74.90198923399998, -10.939826728999947], [-74.90188998399998, -10.939231353999958], [-74.90155248399998, -10.938903978999974], [-74.90118535899995, -10.938725228999942], [-74.90057998399999, -10.938606103999973], [-74.90007385899997, -10.938576353999963], [-74.89842660899996, -10.938993228999948], [-74.89797010899997, -10.938983228999973], [-74.89760285899996, -10.938923728999953], [-74.89713648399999, -10.938645853999958], [-74.89554873399999, -10.93687947899997], [-74.89531048399994, -10.936730728999976], [-74.89499298399994, -10.936720603999959], [-74.89426848399995, -10.936958853999954], [-74.89377235899997, -10.937077853999938], [-74.89338535899998, -10.937077853999938], [-74.89294860899997, -10.936899228999948], [-74.89114260899998, -10.935648853999965], [-74.89099373399995, -10.935380978999945], [-74.89101360899997, -10.93498397899998], [-74.89131123399994, -10.934467978999976], [-74.89178760899995, -10.933981728999981], [-74.89184710899997, -10.933683978999966], [-74.89171810899995, -10.933445853999956], [-74.89090435899999, -10.93320760399996], [-74.89012035899998, -10.932840478999935], [-74.88805623399998, -10.931649603999972], [-74.88731198399995, -10.931252728999937], [-74.88630985899994, -10.931014478999941], [-74.88597235899994, -10.930954978999978], [-74.88478148399997, -10.931183228999942], [-74.88351123399997, -10.931857978999972], [-74.88308460899998, -10.931907603999946], [-74.88270735899994, -10.93180835399994], [-74.88255860899994, -10.931431353999926], [-74.88259823399994, -10.930865603999962], [-74.88291585899998, -10.930012228999942], [-74.88302498399997, -10.929486228999963], [-74.88302498399997, -10.929099228999974], [-74.88255860899994, -10.928583228999969], [-74.88191248399994, -10.928108228999974], [-74.88120885899997, -10.92778935399997], [-74.88046460899994, -10.927451853999969], [-74.87991885899999, -10.927124353999943], [-74.87895623399999, -10.926082478999945], [-74.87837248399995, -10.925512228999935], [-74.87488235899997, -10.923008353999933], [-74.87363285899994, -10.922177978999969], [-74.87143260899995, -10.920980228999952], [-74.87002360899999, -10.920335978999958], [-74.86909210899995, -10.919100603999937], [-74.86876010899994, -10.918416978999971], [-74.86885773399996, -10.917557478999981], [-74.86919210899998, -10.916934603999948], [-74.87018935899994, -10.916244603999928], [-74.87088923399995, -10.915760353999929], [-74.87233485899998, -10.914412478999964], [-74.87381935899998, -10.913181853999959], [-74.87567510899999, -10.91152147899993], [-74.87696435899994, -10.91032985399994], [-74.87924985899997, -10.908376478999969], [-74.88075398399997, -10.90638397899994], [-74.88122273399995, -10.905075978999946], [-74.88161398399996, -10.904090353999948], [-74.88181723399998, -10.903355103999957], [-74.88294173399998, -10.900738728999954], [-74.88397710899994, -10.898902478999958], [-74.88505310899995, -10.897713353999961], [-74.88574698399998, -10.897253103999958], [-74.88752823399994, -10.896071853999956], [-74.88968435899994, -10.89517197899994], [-74.89452535899994, -10.893764978999968], [-74.89899873399997, -10.891323228999966], [-74.90123623399995, -10.889835853999955], [-74.90552023399994, -10.888358603999961], [-74.90952560899996, -10.886977478999938], [-74.91261010899996, -10.88651710399995], [-74.91389010899996, -10.886613978999947], [-74.91564860899996, -10.88674722899998], [-74.91864972499997, -10.886498419999953], [-74.91865035899997, -10.88649810399994], [-74.91995873399998, -10.88573660399993], [-74.92072048399996, -10.884681728999965], [-74.92074135899998, -10.88451497899996], [-74.92081823399997, -10.883900228999948], [-74.92079860899997, -10.882689228999936], [-74.92117210899994, -10.881068978999963], [-74.92120510899997, -10.881043728999941], [-74.92120898399997, -10.881040978999977], [-74.92120948399997, -10.881040478999978], [-74.92121310899995, -10.88103485399995], [-74.92189060899995, -10.87999022899993], [-74.92199998399997, -10.879660103999981], [-74.92193935899996, -10.879079978999926], [-74.92162885899995, -10.87832022899994], [-74.92128898399994, -10.877880853999955], [-74.92047835899996, -10.877120728999955], [-74.91968935899996, -10.876380853999933], [-74.91952923399998, -10.876009728999975], [-74.91941010899995, -10.87492960399993], [-74.91932998399994, -10.874749978999944], [-74.91871873399998, -10.873980478999954], [-74.91760935899998, -10.872941353999977], [-74.91698035899998, -10.872470603999943], [-74.91644910899998, -10.872179603999939], [-74.91614060899997, -10.87210147899998], [-74.91586910899997, -10.871951103999947], [-74.91546873399994, -10.871570228999929], [-74.91507023399998, -10.87107022899994], [-74.91450973399998, -10.87064060399996], [-74.91411910899996, -10.87022060399994], [-74.91345898399999, -10.869890603999977], [-74.91282023399998, -10.869749978999948], [-74.91089060899998, -10.869470603999957], [-74.91041985899994, -10.86949022899995], [-74.90948035899999, -10.869749978999948], [-74.90859960899996, -10.869740228999945], [-74.90764060899994, -10.86953122899996], [-74.90741985899996, -10.869419853999943], [-74.90707023399995, -10.86912110399993], [-74.90696873399997, -10.868960853999965], [-74.90696873399997, -10.868710853999971], [-74.90729873399994, -10.86803122899994], [-74.90739060899995, -10.867611228999976], [-74.90739060899995, -10.866790978999973], [-74.90731048399994, -10.866179603999967], [-74.90591010899993, -10.864650353999934], [-74.90468935899997, -10.863990228999967], [-74.90445898399997, -10.86375972899998], [-74.90408973399997, -10.863160103999974], [-74.90375973399995, -10.862130853999929], [-74.90353898399997, -10.861829978999936], [-74.90294910899996, -10.861470603999976], [-74.90257023399994, -10.861429603999966], [-74.90185935899996, -10.86153122899998], [-74.90156048399996, -10.861371103999943], [-74.90149023399994, -10.86082997899996], [-74.90174023399999, -10.860121103999973], [-74.90173035899994, -10.859669853999947], [-74.90157998399997, -10.859390603999941], [-74.90083973399999, -10.858701103999977], [-74.90057023399999, -10.857999978999942], [-74.90056048399998, -10.857191353999951], [-74.90077923399997, -10.856191353999975], [-74.90073035899997, -10.855361228999982], [-74.90002923399999, -10.854210853999973], [-74.89934960899996, -10.853560478999952], [-74.89867960899994, -10.853079978999972], [-74.89829873399998, -10.852611228999933], [-74.89801948399997, -10.852009728999974], [-74.89778898399999, -10.851281228999937], [-74.89720898399997, -10.850419853999938], [-74.89700973399994, -10.849371103999943], [-74.89690035899997, -10.849160103999964], [-74.89662885899997, -10.848900353999966], [-74.89508973399995, -10.847951103999947], [-74.89506073399997, -10.84791235399996], [-74.89464060899996, -10.84735147899994], [-74.89449023399999, -10.846771478999926], [-74.89439060899997, -10.845890603999976], [-74.89404873399997, -10.844890603999943], [-74.89361910899999, -10.844271478999929], [-74.89335935899999, -10.843759728999942], [-74.89321873399996, -10.843351478999978], [-74.89316985899995, -10.842951103999951], [-74.89328898399998, -10.842560478999928], [-74.89345898399995, -10.842249978999973], [-74.89451948399994, -10.841130853999971], [-74.89465035899997, -10.840390603999936], [-74.89461910899996, -10.839929603999963], [-74.89445898399998, -10.839470603999928], [-74.89394910899995, -10.83861122899998], [-74.89387885899998, -10.838249978999954], [-74.89390035899999, -10.837669853999955], [-74.89410935899997, -10.836960853999926], [-74.89521873399997, -10.835499978999962], [-74.89541010899995, -10.835130853999942], [-74.89550973399997, -10.834720603999926], [-74.89550973399997, -10.834079978999966], [-74.89536910899994, -10.83274997899997], [-74.89477923399994, -10.830441353999959], [-74.89481048399995, -10.829329978999965], [-74.89503898399994, -10.828621103999978], [-74.89541985899996, -10.827941353999961], [-74.89556048399999, -10.82757997899995], [-74.89535935899994, -10.826839853999957], [-74.89537885899995, -10.826531228999954], [-74.89628898399997, -10.82539060399995], [-74.89648035899995, -10.824890603999961], [-74.89677923399995, -10.823691353999948], [-74.89699998399993, -10.82319135399996], [-74.89750973399998, -10.822720603999926], [-74.89754873399994, -10.822531228999935], [-74.89740035899996, -10.821861228999978], [-74.89742960899997, -10.821630853999977], [-74.89777923399998, -10.821169853999947], [-74.89795898399996, -10.821009728999968], [-74.89891985899999, -10.82062110399994], [-74.89926948399994, -10.820310478999943], [-74.90027923399998, -10.817851478999955], [-74.90051948399997, -10.817021478999948], [-74.90108973399998, -10.815999978999969], [-74.90150973399994, -10.815560478999942], [-74.90153898399996, -10.815121103999957], [-74.90140035899998, -10.814499978999947], [-74.90181048399995, -10.813960853999959], [-74.90182023399996, -10.813429603999964], [-74.90143935899994, -10.812380853999969], [-74.90124998399995, -10.811570228999926], [-74.90114060899998, -10.809540978999962], [-74.90078898399997, -10.808740228999966], [-74.89982023399995, -10.80736122899998], [-74.89977923399994, -10.80715035399993], [-74.89982023399995, -10.806839853999975], [-74.90011910899995, -10.806400353999948], [-74.90024998399997, -10.805650353999965], [-74.90053898399998, -10.805201103999934], [-74.90282998399994, -10.804210853999962], [-74.90343935899995, -10.803810478999935], [-74.90349998399995, -10.803611228999955], [-74.90345898399994, -10.803259728999933], [-74.90306048399998, -10.80248047899994], [-74.90302923399997, -10.801910103999944], [-74.90308973399993, -10.801601478999942], [-74.90369910899994, -10.801111228999957], [-74.90452923399994, -10.800560478999955], [-74.90487885899995, -10.800220603999946], [-74.90510935899994, -10.799820228999977], [-74.90565035899994, -10.798380853999959], [-74.90610935899997, -10.797900353999978], [-74.90724023399997, -10.796960853999963], [-74.90807023399998, -10.795900353999969], [-74.90811910899998, -10.795730478999928], [-74.90807998399998, -10.795611228999974], [-74.90742960899996, -10.795429603999935], [-74.90735935899994, -10.795281228999954], [-74.90736910899994, -10.79499022899995], [-74.90774998399996, -10.79432997899994], [-74.90784960899998, -10.79392960399997], [-74.90774998399996, -10.793480478999982], [-74.90725973399998, -10.792771478999953], [-74.90726948399998, -10.792441353999948], [-74.90740035899995, -10.792009728999972], [-74.90767960899996, -10.791730478999966], [-74.90870898399999, -10.791419853999969], [-74.90939535899997, -10.79095647899993], [-74.91021873399995, -10.790400353999928], [-74.91076948399996, -10.789560478999931], [-74.91086910899998, -10.789191353999968], [-74.91084960899997, -10.78867960399998], [-74.91058973399998, -10.787669853999944], [-74.91092960899994, -10.785499978999951], [-74.91090035899998, -10.785101478999934], [-74.91074023399995, -10.784509728999979], [-74.91082023399997, -10.784101478999958], [-74.91093935899994, -10.78388085399996], [-74.91123035899994, -10.783691353999927], [-74.91251948399997, -10.783470603999945], [-74.91319910899995, -10.783249978999947], [-74.91366985899998, -10.782910103999939], [-74.91396873399998, -10.782540978999975], [-74.91403898399994, -10.782089853999935], [-74.91374023399999, -10.781089853999958], [-74.91374023399999, -10.780540978999966], [-74.91390035899997, -10.77980072899993], [-74.91427923399993, -10.779121103999955], [-74.91453898399999, -10.778361228999927], [-74.91470898399996, -10.777691353999955], [-74.91478898399998, -10.777050728999939], [-74.91491010899995, -10.77674997899993], [-74.91527923399997, -10.776410103999979], [-74.91591985899998, -10.77598047899994], [-74.91704873399993, -10.775351478999937], [-74.91728898399998, -10.775040978999925], [-74.91727923399998, -10.774790978999931], [-74.91717960899996, -10.774579978999952], [-74.91666010899996, -10.773890603999973], [-74.91653898399994, -10.773630853999975], [-74.91645898399997, -10.772970603999966], [-74.91656048399994, -10.77253122899998], [-74.91683973399995, -10.772329978999949], [-74.91746873399995, -10.77228122899993], [-74.91814060899998, -10.77207022899995], [-74.91841010899998, -10.772111228999961], [-74.91902923399994, -10.772329978999949], [-74.91941985899996, -10.772329978999949], [-74.91965035899995, -10.772050728999943], [-74.91981048399998, -10.77164060399997], [-74.92007023399998, -10.771300728999961], [-74.92057998399997, -10.771121103999974], [-74.92074023399994, -10.770910103999938], [-74.92073035899995, -10.770701103999954], [-74.92054873399996, -10.770390603999942], [-74.92053898399996, -10.770281228999977], [-74.92016985899994, -10.769851478999954], [-74.92029873399997, -10.769669853999972], [-74.92046873399994, -10.769540978999942], [-74.92353898399995, -10.769650353999964], [-74.92386910899995, -10.769550728999945], [-74.92407998399995, -10.769240228999934], [-74.92410935899994, -10.768839853999964], [-74.92404873399994, -10.768390603999933], [-74.92391985899997, -10.768031228999973], [-74.92390035899996, -10.76764060399995], [-74.92448035899997, -10.767210853999927], [-74.92503898399997, -10.767169853999974], [-74.92564060899997, -10.767140603999962], [-74.92629873399994, -10.766970603999937], [-74.92724998399996, -10.766490228999942], [-74.92812885899997, -10.766339853999966], [-74.92889060899995, -10.76635147899998], [-74.92929485899998, -10.766451103999941], [-74.92969910899996, -10.76655072899996], [-74.93001948399996, -10.766540978999956], [-74.93024023399994, -10.766380853999976], [-74.93049023399993, -10.765419853999958], [-74.93078898399995, -10.76516010399996], [-74.93146873399996, -10.765070228999946], [-74.93177923399998, -10.765130853999949], [-74.93203898399997, -10.765451103999965], [-74.93218935899995, -10.765829978999932], [-74.93232998399998, -10.76597060399996], [-74.93254873399997, -10.765951103999953], [-74.93273035899995, -10.765829978999932], [-74.93304873399995, -10.765121103999945], [-74.93351948399999, -10.764839853999945], [-74.93386910899994, -10.765410103999955], [-74.93404873399999, -10.76614060399993], [-74.93445898399995, -10.766730478999932], [-74.93464060899998, -10.766851478999968], [-74.93481048399997, -10.766851478999968], [-74.93496873399994, -10.766781228999946], [-74.93549023399999, -10.766290978999962], [-74.93667960899995, -10.766259728999955], [-74.93724023399994, -10.765669853999952], [-74.93735935899997, -10.765691353999955], [-74.93774998399994, -10.765951103999953], [-74.93800973399993, -10.766040978999968], [-74.93868935899997, -10.765951103999953], [-74.93890035899994, -10.76516010399996], [-74.93900973399997, -10.764970603999927], [-74.94033973399996, -10.764601478999964], [-74.94057998399995, -10.764371103999963], [-74.94066010899996, -10.764040978999958], [-74.94082998399995, -10.76370110399995], [-74.94108973399995, -10.763691353999945], [-74.94156048399998, -10.763790978999964], [-74.94178898399997, -10.763759728999958], [-74.94236910899997, -10.76349997899996], [-74.94250485899994, -10.763397103999978], [-74.94299998399998, -10.763021478999974], [-74.94317960899997, -10.762570228999948], [-74.94389060899994, -10.76202147899994], [-74.94416985899994, -10.76170110399994], [-74.94427923399996, -10.76130072899997], [-74.94429873399997, -10.760579978999942], [-74.94443935899994, -10.760201103999975], [-74.94499998399994, -10.76024997899998], [-74.94543935899998, -10.760509728999978], [-74.94581048399994, -10.76053122899998], [-74.94603898399998, -10.760361228999955], [-74.94632998399999, -10.759800728999949], [-74.94658973399999, -10.759589853999955], [-74.94676948399996, -10.759611228999972], [-74.94718935899994, -10.759781228999941], [-74.94736910899996, -10.759781228999941], [-74.94752923399994, -10.75970110399993], [-74.94829873399993, -10.758880853999926], [-74.94870898399995, -10.758829978999927], [-74.94909960899997, -10.759009728999956], [-74.94936910899997, -10.758999978999952], [-74.94950973399995, -10.758919853999942], [-74.95026948399999, -10.757871103999946], [-74.95103898399998, -10.757240228999933], [-74.95115035899994, -10.756730478999941], [-74.95112885899994, -10.75540035399996], [-74.95117960899995, -10.755079978999959], [-74.95170898399994, -10.754351478999979], [-74.95199998399994, -10.753669853999952], [-74.95232998399996, -10.753101478999952], [-74.95290035899995, -10.752460853999935], [-74.95505073399994, -10.752046853999957], [-74.95574998399997, -10.752040978999958], [-74.95698035899994, -10.751560478999977], [-74.95753898399994, -10.751480478999952], [-74.95829873399998, -10.751451103999955], [-74.95893935899994, -10.75132022899993], [-74.95946873399998, -10.750980478999963], [-74.96056048399998, -10.74991010399998], [-74.96129873399997, -10.749691353999935], [-74.96184960899996, -10.749790978999954], [-74.96228898399994, -10.74974022899994], [-74.96270898399996, -10.74949997899995], [-74.96315035899994, -10.749101478999933], [-74.96443935899998, -10.748951103999957], [-74.96479873399994, -10.74872060399997], [-74.96535935899993, -10.748470603999976], [-74.96594335899994, -10.748552728999925], [-74.96721873399997, -10.74849022899997], [-74.96774998399997, -10.748800728999981], [-74.96833973399998, -10.749351478999927], [-74.96835110899997, -10.749362978999955], [-74.96853973399999, -10.74958460399995], [-74.96937973399997, -10.749936228999957], [-74.97064935899994, -10.750053478999973], [-74.97252460899995, -10.749916728999949], [-74.97453660899998, -10.74981897899994], [-74.97645098399994, -10.749936228999957], [-74.97696573399998, -10.750031228999944], [-74.97772073399994, -10.750170603999948], [-74.97984985899996, -10.750248728999964], [-74.98176423399997, -10.750209728999948], [-74.98281760899994, -10.74978710399995], [-74.98155423399999, -10.748892478999949], [-74.98058110899996, -10.74799360399993], [-74.97925760899994, -10.746919228999957], [-74.97654935899999, -10.745455353999944], [-74.97534960899998, -10.744877728999938], [-74.97153410899995, -10.743458353999927], [-74.97129910899997, -10.743331478999949], [-74.96795223399994, -10.741524478999963], [-74.96602973399996, -10.74077497899998], [-74.96397248399995, -10.740150103999952], [-74.96345523399998, -10.73999285399998], [-74.96175360899997, -10.739317978999964], [-74.96062973399995, -10.738998478999974], [-74.95902148399995, -10.737577603999966], [-74.95820873399998, -10.734844103999933], [-74.95771998399994, -10.733866478999971], [-74.95687273399994, -10.732888853999953], [-74.95648160899998, -10.73282372899996], [-74.95592760899996, -10.733442853999975], [-74.95370348399996, -10.735973728999966], [-74.95188685899996, -10.737418478999928], [-74.95108973399994, -10.738668103999942], [-74.95068110899996, -10.739308603999973], [-74.94924735899997, -10.740709853999931], [-74.94759923399994, -10.741328603999932], [-74.94628185899995, -10.741654853999933], [-74.94533685899995, -10.741459353999971], [-74.94475023399997, -10.74155710399998], [-74.94259135899995, -10.74361410399996], [-74.94083173399997, -10.745887103999962], [-74.93958523399994, -10.74806222899997], [-74.93947710899994, -10.748376978999943], [-74.93931635899997, -10.74884435399997], [-74.93828985899995, -10.749601978999976], [-74.93776748399995, -10.749568603999933], [-74.93640635899999, -10.749734228999955], [-74.93464823399995, -10.750124853999978], [-74.93320273399996, -10.750417853999977], [-74.93134698399996, -10.750554603999944], [-74.93025060899998, -10.750807603999931], [-74.92982335899995, -10.750906228999952], [-74.92857310899996, -10.751511853999943], [-74.92722535899998, -10.751707103999934], [-74.92615098399995, -10.751707103999934], [-74.92511560899999, -10.751668103999975], [-74.92441098399996, -10.751647728999956], [-74.92327923399995, -10.751786478999975], [-74.92211635899997, -10.752277103999972], [-74.92171660899999, -10.752803978999964], [-74.92077173399997, -10.754293978999954], [-74.92009935899995, -10.754748228999972], [-74.91884560899996, -10.755147978999958], [-74.91800973399995, -10.75512985399996], [-74.91735560899997, -10.754566603999933], [-74.91651973399996, -10.752749478999931], [-74.91561123399998, -10.750023978999934], [-74.91492498399998, -10.748937228999978], [-74.91485273399996, -10.748822978999954], [-74.91452110899996, -10.748297728999944], [-74.91368160899998, -10.748284353999964], [-74.91328473399994, -10.748385353999936], [-74.91233810899996, -10.74914160399993], [-74.91068610899998, -10.751352478999934], [-74.91054173399993, -10.751532103999978], [-74.90928798399995, -10.752513353999973], [-74.90760085899996, -10.753949228999943], [-74.90634435899995, -10.754639228999963], [-74.90518148399997, -10.755911228999935], [-74.90449098399995, -10.756601603999968], [-74.90305548399994, -10.757419353999978], [-74.90265573399995, -10.758164353999973], [-74.90240123399997, -10.75905460399997], [-74.90233548399993, -10.759351103999961], [-74.90214698399996, -10.760199353999951], [-74.90181998399999, -10.760617353999976], [-74.90143773399996, -10.76083035399995], [-74.90071148399994, -10.76123510399998], [-74.89918510899997, -10.762852103999933], [-74.89825848399994, -10.763997103999941], [-74.89739923399998, -10.765009103999944], [-74.89613260899995, -10.76599572899994], [-74.89521785899996, -10.767224978999934], [-74.89330760899998, -10.769165603999966], [-74.89192085899998, -10.769745728999965], [-74.89159360899998, -10.769832103999931], [-74.89098835899995, -10.76990335399995], [-74.89016960899994, -10.769849853999972], [-74.88933285899998, -10.76990335399995], [-74.88796623399998, -10.770269603999964], [-74.88763235899995, -10.770323478999956], [-74.88637798399998, -10.77052635399997], [-74.88563035899995, -10.770615353999972], [-74.88523873399998, -10.770597603999931], [-74.88477598399999, -10.770348353999964], [-74.88440210899995, -10.769938853999975], [-74.88403023399997, -10.769396103999952], [-74.88380473399997, -10.768461978999937], [-74.88366560899993, -10.767488478999951], [-74.88288685899994, -10.765513728999963], [-74.88235823399998, -10.764456853999945], [-74.88202460899998, -10.763928353999972], [-74.88138485899998, -10.763483353999959], [-74.88049485899995, -10.763205353999979], [-74.87949360899995, -10.763233103999937], [-74.87660098399994, -10.763956228999973], [-74.87576648399994, -10.763983978999931], [-74.87515010899995, -10.76381035399993], [-74.87442437499999, -10.763605929999926], [-74.87379173399995, -10.763427728999943], [-74.87078785899996, -10.762482103999957], [-74.86714435899995, -10.760618603999944], [-74.86602223399996, -10.759376603999954], [-74.86593623399995, -10.758972103999952], [-74.86669923399995, -10.755250478999926], [-74.86715148399998, -10.75423310399998], [-74.86792298399996, -10.752496978999943], [-74.86867410899998, -10.750494353999954], [-74.86950085899997, -10.746392853999964], [-74.87011498399994, -10.742869103999965], [-74.87068060899998, -10.739053103999936], [-74.87107973399998, -10.737930603999928], [-74.87147273399995, -10.737599853999939], [-74.87163435899998, -10.737114978999955], [-74.87228098399999, -10.736468353999953], [-74.87302448399998, -10.735821853999937], [-74.87373560899994, -10.735433978999936], [-74.87392823399995, -10.734961103999979], [-74.87409123399993, -10.734561103999965], [-74.87409123399993, -10.733720603999927], [-74.87444685899999, -10.733138728999961], [-74.87457610899997, -10.732362853999973], [-74.87476598399996, -10.730947853999965], [-74.87621610899998, -10.728390353999941], [-74.87622485899993, -10.727319853999973], [-74.87690373399994, -10.726479353999935], [-74.87808848399999, -10.725565728999982], [-74.87963560899993, -10.723271103999934], [-74.88004935899994, -10.722382853999932], [-74.88052435899993, -10.72049885399997], [-74.88062135899997, -10.719819978999965], [-74.88104160899996, -10.71907635399998], [-74.88244835899997, -10.717320478999966], [-74.88333685899994, -10.71658722899997], [-74.88427435899996, -10.715488103999974], [-74.88505010899996, -10.71448597899996], [-74.88547035899995, -10.713904103999937], [-74.88640785899997, -10.71309585399996], [-74.88702210899999, -10.712449353999943], [-74.88753935899996, -10.710735978999935], [-74.88753935899996, -10.709119603999966], [-74.88720123399997, -10.707787478999933], [-74.88708773399998, -10.707049353999935], [-74.88703098399998, -10.706538353999974], [-74.88677548399994, -10.705771853999977], [-74.88569660899998, -10.704324103999966], [-74.88515723399996, -10.703784728999949], [-74.88407848399999, -10.702932978999968], [-74.88319835899995, -10.702393603999951], [-74.88231835899995, -10.701854228999935], [-74.88140985899997, -10.701797478999936], [-74.88092735899994, -10.701541978999956], [-74.88044473399998, -10.701371603999974], [-74.87999048399996, -10.701258103999976], [-74.87973498399998, -10.701087728999937], [-74.87945110899994, -10.700888978999956], [-74.87911035899998, -10.700605103999976], [-74.87894010899998, -10.700605103999976], [-74.87857098399996, -10.700463228999979], [-74.87816485899998, -10.700699353999937]]]}, "properties": {"OBJECTID_1": 1100, "UBIGEO": "120303", "CODDEP": "12", "DEPARTAMEN": "JUNIN", "CODPROV": "03", "PROVINCIA": "CHANCHAMAYO", "CODDIST": "03", "DISTRITO": "PICHANAQUI", "CAPITAL": "BAJO PICHANAQUI", "FUENTE": "INEI", "AREA": 124238.134911}}]}